,UNNAMED 0,I,START_TIME,GT_DESC,INC_RFQ_RAW,INC_RFQ,CATEGORY,TYPE,PRIMARY_SIZE,REDUCING_SIZE,LENGTH,MATERIAL_NAME,MATERIAL_SPECIFICATION,MATERIAL_GRADE,PRESSURE_CLASS,PRIMARY_SCHEDULE,REDUCING_SCHEDULE,MANUFACTURING_PROCESS,END_FINISH,END_CONNECTIONS,UNNAMED 20,MISCELLANEOUS,CONFIDENCE,ORIGINAL_TEXT,INDEX,RANK,QUALITY
0,0,0,718.456028,"1"" 150 SOCKETWELD FLANGE A105 CARBON STEEL SCHEDULE XH RAISED FACE","FLANGE, PIPE, SOCKET WELD, RF FACE, 1"", 150 LB, SCH 80/XH, CRB STL, SA105N","FLANGE, PIPE, SOCKET WELD, RF FACE, 1"", 150 LB, SCH 80/XH, CRB STL, SA105N",FLANGE,SOCKET WELD,1.0,,,CARBON STEEL,A105,N,150.0,80,NAN,NAN,RAISED FACE,SOCKET WELD,NAN,NAN,1.0,"FLANGE, PIPE, SOCKET WELD, RF FACE, 1"", 150 LB, SCH 80/XH, CRB STL, SA105N",0,2,EXCELLENT
1,1,1,721.8794447,14 STAINLESS STEEL SCHEDULE 10S .188 304L LONG RADIUS 45 ELBOW WPW,"14 45 DEGREE LONG RADIUS ELBOW , ASME B16.9 , BEVELED END , ASTM A403 GRADE WP304/WP304L , TYPE W S-10S","14 45 DEGREE LONG RADIUS ELBOW , ASME B16.9 , BEVELED END , ASTM A403 GRADE WP304/WP304L , TYPE W S-10S",FITTING,LR 45 ELBOW,14.0,,,STAINLESS STEEL,A403,WP304/WP304L,,10S,NAN,W,BEVELED,BW,NAN,ASME B16.9,0.9,"14 45 DEGREE LONG RADIUS ELBOW , ASME B16.9 , BEVELED END , ASTM A403 GRADE WP304/WP304L , TYPE W S-10S",1,0,EXCELLENT
2,2,2,725.5179119,18 150 WRI 316 FG 316 IR GASKET *Z,"GASKET, 18 150 WRI 316 FG 316 IR GSKT","GASKET, 18 150 WRI 316 FG 316 IR GSKT",GASKET,SPIRAL WOUND,18.0,,,STAINLESS STEEL,NAN,316,150.0,NAN,NAN,NAN,NAN,NAN,316,INNER RING,0.9,"GASKET, 18 150 WRI 316 FG 316 IR GSKT",2,2,EXCELLENT
3,3,3,728.752895,8 X 4 STAINLESS STEEL SCHEDULE 10 304L ECCENTRIC REDUCER,"8X4 ECCENTRIC REDUCER , ASME B16.9 , BEVELED END , ASTM A403 GRADE WP304/WP304L , TYPE W S-10S","8X4 ECCENTRIC REDUCER , ASME B16.9 , BEVELED END , ASTM A403 GRADE WP304/WP304L , TYPE W S-10S",FITTING,ECCENTRIC REDUCER,8.0,4.0,,STAINLESS STEEL,A403,WP304/WP304L,,10S,10S,NAN,BEVELED,BW,NAN,ASME B16.9,0.9,"8X4 ECCENTRIC REDUCER , ASME B16.9 , BEVELED END , ASTM A403 GRADE WP304/WP304L , TYPE W S-10S",3,0,EXCELLENT
4,4,4,732.3108104,16 STAINLESS STEEL SCHEDULE 10S .188 316L CAP WPS,"16 CAP , ASME B16.9 , BEVELED END , ASTM A403 GRADE WP316/WP316L , TYPE W S-10S","16 CAP , ASME B16.9 , BEVELED END , ASTM A403 GRADE WP316/WP316L , TYPE W S-10S",FITTING,CAP,16.0,,,STAINLESS STEEL,A403,WP316/WP316L,,10S,NAN,NAN,BEVELED,BW,NAN,ASME B16.9,0.9,"4 16 CAP , ASME B16.9 , BEVELED END , ASTM A403 GRADE WP316/WP316L , TYPE W S-10S",4,2,EXCELLENT
5,5,5,736.6991133,3 FORGED STEEL 3000 THREADED STEEL STEEL UNION,"UNION, PIPE, 3"", THREADED, 3000 LB, CARBON STEEL, ASTM A105","UNION, PIPE, 3"", THREADED, 3000 LB, CARBON STEEL, ASTM A105",FITTING,UNION,3.0,,,CARBON STEEL,A105,NAN,3000.0,NAN,NAN,NAN,NAN,THREADED,NAN,NAN,0.9,"5. UNION, PIPE, 3"", THREADED, 3000 LB, CARBON STEEL, ASTM A105",5,3,EXCELLENT
6,6,6,739.8350426,10 CARBON STEEL WPL6 STANDARD WELD LONG RADIUS 90 ELBOW,"10 90 DEGREE LONG RADIUS ELBOW , ASME B16.9 , BEVELED END , ASTM A420 GRADE WPL6 , TYPE S S-STD","10 90 DEGREE LONG RADIUS ELBOW , ASME B16.9 , BEVELED END , ASTM A420 GRADE WPL6 , TYPE S S-STD",FITTING,90 DEGREE LONG RADIUS ELBOW,10.0,,,LOW TEMPERATURE CARBON STEEL,A420,WPL6,,STANDARD,NAN,NAN,BEVELED,BW,NAN,ASME B16.9,0.9,"10 90 DEGREE LONG RADIUS ELBOW , ASME B16.9 , BEVELED END , ASTM A420 GRADE WPL6 , TYPE S S-STD",6,0,EXCELLENT
7,7,7,743.5119332,16 BLACK PLAIN END A106B STANDARD SEAMLESS DRL PIPE,"16 PIPE , ASME B36.10 , BEVELED END , ASTM A106-B , SEAMLESS S-STD","16 PIPE , ASME B36.10 , BEVELED END , ASTM A106-B , SEAMLESS S-STD",PIPE,SEAMLESS,16.0,,,CARBON STEEL,A106,B,,STANDARD,NAN,SEAMLESS,BEVELED,NAN,NAN,ASME B36.10,0.9,"16 PIPE , ASME B36.10 , BEVELED END , ASTM A106-B , SEAMLESS S-STD",7,1,EXCELLENT
8,8,8,746.6619923,4 X 3 CARBON STEEL WPL6 STANDARD WELD ECCENTRIC REDUCER,"4X3 ECCENTRIC REDUCER , ASME B16.9 , BEVELED END , ASTM A420 GRADE WPL6 , TYPE S S-STD","4X3 ECCENTRIC REDUCER , ASME B16.9 , BEVELED END , ASTM A420 GRADE WPL6 , TYPE S S-STD",FITTING,ECCENTRIC REDUCER,4.0,3.0,,CARBON STEEL,A420,WPL6,,STD,NAN,NAN,BEVELED,BW,NAN,ASME B16.9,0.9,"4X3 ECCENTRIC REDUCER , ASME B16.9 , BEVELED END , ASTM A420 GRADE WPL6 , TYPE S S-STD",8,0,EXCELLENT
9,9,9,750.3562233,1 X 6 BLACK SCHEDULE XH SEAMLESS A106 NIPPLE,"NIPPLE,1 X 6 S/80 A106B","NIPPLE,1 X 6 S/80 A106B",PIPE,NIPPLE,1.0,,6.0,CARBON STEEL,A106,B,,80,NAN,NAN,NAN,NAN,NAN,NAN,0.9,"NIPPLE,1 X 6 S/80 A106B",9,2,EXCELLENT
10,10,10,753.3842737,20 CARBON STEEL STANDARD WELD CAP,"20"" CAP, BW, ASME 16.9, WROUGHT STEEL, ASTM/ASME A/SA-234-WPB, SCH.STD","20"" CAP, BW, ASME 16.9, WROUGHT STEEL, ASTM/ASME A/SA-234-WPB, SCH.STD",FITTING,CAP,20.0,,,CARBON STEEL,A234,WPB,,STANDARD,NAN,WROUGHT,NAN,BUTT WELD,NAN,ASME 16.9,0.9,"20"" CAP, BW, ASME 16.9, WROUGHT STEEL, ASTM/ASME A/SA-234-WPB, SCH.STD",10,0,EXCELLENT
11,11,11,756.6822165,6 X 6 X 4 CARBON STEEL WPL6 STANDARD WELD TEE,"6X6X4 REDUCING TEE , ASME B16.9 , BEVELED END , ASTM A420 GRADE WPL6 , TYPE S S-STD","6X6X4 REDUCING TEE , ASME B16.9 , BEVELED END , ASTM A420 GRADE WPL6 , TYPE S S-STD",FITTING,TEE,6.0,4.0,,CARBON STEEL,A420,WPL6,,STANDARD,NAN,NAN,BEVELED,BW,NAN,ASME B16.9,0.9,"6X6X4 REDUCING TEE , ASME B16.9 , BEVELED END , ASTM A420 GRADE WPL6 , TYPE S S-STD",11,4,EXCELLENT
12,12,12,760.0844255,"6"" 300 GATE VALVE CARBON STEEL FLANGED OS&Y TRIM 8","VALVE, GATE, 6"", RF FLANGED, 300 LB, CS BODY, TR:13","VALVE, GATE, 6"", RF FLANGED, 300 LB, CS BODY, TR:13",VALVE,GATE VALVE,6.0,,,CARBON STEEL,NAN,NAN,300.0,NAN,NAN,NAN,RAISED FACE,FLANGED,13,NAN,0.9,"VALVE, GATE, 6"", RF FLANGED, 300 LB, CS BODY, TR:13",12,4,EXCELLENT
13,13,13,763.1265787,2 STAINLESS STEEL SCHEDULE 80 304L A312 SEAMLESS PIPE,"PIPE, SEAMLESS, 2"", PLAIN BEVELED END, SCH 80/XH, SA312, 304L SS","PIPE, SEAMLESS, 2"", PLAIN BEVELED END, SCH 80/XH, SA312, 304L SS",PIPE,SEAMLESS PIPE,2.0,,,STAINLESS STEEL,SA312,304L,,80,NAN,SEAMLESS,BEVELED,PLAIN END,NAN,NAN,0.9,"PIPE, SEAMLESS, 2"", PLAIN BEVELED END, SCH 80/XH, SA312, 304L SS",13,2,EXCELLENT
14,14,14,766.2995552,4 STAINLESS STEEL SCHEDULE 40 304L SEAMLESS LONG RADIUS 90 ELBOW,"4 90 DEGREE LONG RADIUS ELBOW , ASME B16.9 , BEVELED END , ASTM A403 GRADE WP304/WP304L , TYPE S S-40S","4 90 DEGREE LONG RADIUS ELBOW , ASME B16.9 , BEVELED END , ASTM A403 GRADE WP304/WP304L , TYPE S S-40S",FITTING,LONG RADIUS ELBOW 90,4.0,,,STAINLESS STEEL,A403,WP304/WP304L,,40S,NAN,NAN,BEVELED,BW,NAN,ASME B16.9,0.9,"4 90 DEGREE LONG RADIUS ELBOW , ASME B16.9 , BEVELED END , ASTM A403 GRADE WP304/WP304L , TYPE S S-40S",14,1,EXCELLENT
15,15,15,770.086851,"1"" 600 REDUCED PORT BALL VALVE BRONZE NOT FOR POTABLE USE THREADED","VALVE, BALL, 1"", THREADED, 600 LB","VALVE, BALL, 1"", THREADED, 600 LB",VALVE,BALL VALVE,1.0,,,NAN,NAN,NAN,600.0,NAN,NAN,NAN,NAN,THREADED,NAN,NAN,0.8,"VALVE, BALL, 1"", THREADED, 600 LB",15,0,EXCELLENT
16,16,16,773.0084969,2X1 CARBON STEEL SCHEDULE XH WELD CONCENTRIC REDUCER,"REDUCER, PIPE, CONCENTRIC, 2"" X 1"", BUTT WELD, SCH 80/XH, CARBON STEEL, A234","REDUCER, PIPE, CONCENTRIC, 2"" X 1"", BUTT WELD, SCH 80/XH, CARBON STEEL, A234",FITTING,CONCENTRIC REDUCER,2.0,1.0,,CARBON STEEL,A234,NAN,,SCHEDULE 80,SCHEDULE 80,NAN,NAN,BUTT WELD,NAN,NAN,0.9,"REDUCER, PIPE, CONCENTRIC, 2"" X 1"", BUTT WELD, SCH 80/XH, CARBON STEEL, A234",16,2,EXCELLENT
17,17,17,776.1773866,4 X 4 X 3 STAINLESS STEEL SCHEDULE 10 304L SEAMLESS TEE,"4X4X3 REDUCING TEE , ASME B16.9 , BEVELED END , ASTM A403 GRADE WP304/WP304L , TYPE S S-10S","4X4X3 REDUCING TEE , ASME B16.9 , BEVELED END , ASTM A403 GRADE WP304/WP304L , TYPE S S-10S",FITTING,TEE,4.0,3.0,,STAINLESS STEEL,A403,WP304/WP304L,,10S,10S,NAN,BEVELED,BW,NAN,ASME B16.9,0.9,"4X4X3 REDUCING TEE , ASME B16.9 , BEVELED END , ASTM A403 GRADE WP304/WP304L , TYPE S S-10S",17,1,EXCELLENT
18,18,18,779.9075983,"4"" 300 SWING CHECK VALVE CARBON STEEL TRIM 8 FLANGED","VALVE, CHECK, SWING, 4"", FLANGED END, 300 LB, CS BODY, TR:13","VALVE, CHECK, SWING, 4"", FLANGED END, 300 LB, CS BODY, TR:13",VALVE,CHECK VALVE,4.0,,,CARBON STEEL,NAN,NAN,300.0,NAN,NAN,NAN,NAN,FLANGED,13,SWING,0.9,"VALVE, CHECK, SWING, 4"", FLANGED END, 300 LB, CS BODY, TR:13",18,0,EXCELLENT
19,19,19,783.0104712,2 X 8 BLACK SCHEDULE XH SEAMLESS A106 NIPPLE,"NIPPLE,2 X 8,S80,A106B","NIPPLE,2 X 8,S80,A106B",PIPE,NIPPLE,2.0,,8.0,CARBON STEEL,A106,B,,80,NAN,NAN,NAN,NAN,NAN,NAN,0.9,"NIPPLE,2 X 8,S80,A106B",19,1,EXCELLENT
20,20,20,785.819211,20 BLACK PLAIN END A53B STANDARD ELECTRIC RESISTANCE WELDED DRL PIPE,"20"" PIPE, ASTM A53, GRADE B, CS BLK, ERW, SCH.STD","20"" PIPE, ASTM A53, GRADE B, CS BLK, ERW, SCH.STD",PIPE,ERW PIPE,20.0,,,CARBON STEEL,A53,B,,STANDARD,NAN,ERW,BLACK,NAN,NAN,NAN,0.9,"20"" PIPE, ASTM A53, GRADE B, CS BLK, ERW, SCH.STD",20,7,GOOD
21,21,21,788.8425044,6 X 4 CARBON STEEL WPL6 SCHEDULE XH WELD CONCENTRIC REDUCER,"6X4 CONCENTRIC REDUCER , ASME B16.9 , BEVELED END , ASTM A420 GRADE WPL6 , TYPE S S-80","6X4 CONCENTRIC REDUCER , ASME B16.9 , BEVELED END , ASTM A420 GRADE WPL6 , TYPE S S-80",FITTING,CONCENTRIC REDUCER,6.0,4.0,,CARBON STEEL,A420,WPL6,,80,80,NAN,BEVELED,BW,NAN,ASME B16.9,0.9,"6X4 CONCENTRIC REDUCER , ASME B16.9 , BEVELED END , ASTM A420 GRADE WPL6 , TYPE S S-80",21,8,GOOD
22,22,22,792.1561411,20 CARBON STEEL STANDARD WELD TEE,"20"" TEE, BW, ASME 16.9, WROUGHT STEEL, ASTM/ASME A/SA-234-WPB, SCH.STD","20"" TEE, BW, ASME 16.9, WROUGHT STEEL, ASTM/ASME A/SA-234-WPB, SCH.STD",FITTING,TEE,20.0,,,CARBON STEEL,A234,WPB,,STANDARD,NAN,WROUGHT,NAN,BUTT WELD,NAN,ASME 16.9,0.9,"20"" TEE, BW, ASME 16.9, WROUGHT STEEL, ASTM/ASME A/SA-234-WPB, SCH.STD",22,9,GOOD
23,23,23,795.4864428,20 150 WRI 316 FG 316 IR GASKET *Z,"GASKET, SPIRAL WOUND, 20"" PIPE, 150 LB, 316 SS WINDING, GRAFOIL, W/ INNER RING","GASKET, SPIRAL WOUND, 20"" PIPE, 150 LB, 316 SS WINDING, GRAFOIL, W/ INNER RING",GASKET,SPIRAL WOUND,20.0,,,STAINLESS STEEL,NAN,316,150.0,NAN,NAN,NAN,NAN,NAN,GRAFOIL,WITH INNER RING,0.9,"GASKET, SPIRAL WOUND, 20"" PIPE, 150 LB, 316 SS WINDING, GRAFOIL, W/ INNER RING",23,7,GOOD
24,24,24,799.4107677,1 STAINLESS STEEL SCHEDULE 80 304L A312 SEAMLESS PIPE,"1"" PIPE, ASTM A-312 304L SS, WELDED, SCH 80S, ASME B36.19M","1"" PIPE, ASTM A-312 304L SS, WELDED, SCH 80S, ASME B36.19M",PIPE,PIPE WELDED,1.0,,,STAINLESS STEEL,A312,304L,,80S,NAN,WELDED,NAN,NAN,NAN,ASME B36.19M,0.9,"1"" PIPE, ASTM A-312 304L SS, WELDED, SCH 80S, ASME B36.19M",24,7,GOOD
25,25,25,802.7171315,4 X 4 X 2 CARBON STEEL STANDARD WELD TEE,"4X4X2 REDUCING TEE , ASME B16.9 , BEVELED END , ASTM A234 GRADE WPB , TYPE S S-STD","4X4X2 REDUCING TEE , ASME B16.9 , BEVELED END , ASTM A234 GRADE WPB , TYPE S S-STD",FITTING,REDUCING TEE,4.0,2.0,,CARBON STEEL,A234,WPB,,STANDARD,NAN,NAN,BEVELED,BW,NAN,ASME B16.9,0.9,"4X4X2 REDUCING TEE , ASME B16.9 , BEVELED END , ASTM A234 GRADE WPB , TYPE S S-STD",25,8,GOOD
26,26,26,806.1528261,3 CARBON STEEL STANDARD WELD CAP,"CAP,3,WELD,S40,A234WPB","CAP,3,WELD,S40,A234WPB",FITTING,CAP,3.0,,,CARBON STEEL,A234,WPB,,40,NAN,NAN,NAN,BUTT WELD,NAN,NAN,0.9,"CAP,3,WELD,S40,A234WPB",26,7,GOOD
27,27,27,809.1738898,2 CARBON STEEL SCHEDULE XH WELD 45 ELBOW,"ELBOW, PIPE, 2"", BUTT WELD, 45 DEG, LONG RADIUS, SCH 80/XS, CARBON STEEL","ELBOW, PIPE, 2"", BUTT WELD, 45 DEG, LONG RADIUS, SCH 80/XS, CARBON STEEL",FITTING,ELBOW 45,2.0,,,CARBON STEEL,NAN,NAN,,XH,NAN,NAN,NAN,BUTT WELD,NAN,NAN,0.9,"ELBOW, PIPE, 2"", BUTT WELD, 45 DEG, LONG RADIUS, SCH 80/XS, CARBON STEEL",27,7,GOOD
28,28,28,812.3429261,6 CARBON STEEL WPL6 STANDARD WELD TEE,"6 TEE , ASME B16.9 , BEVELED END , ASTM A420 GRADE WPL6 , TYPE S S-STD","6 TEE , ASME B16.9 , BEVELED END , ASTM A420 GRADE WPL6 , TYPE S S-STD",FITTING,TEE,6.0,,,ALLOY STEEL,A420,WPL6,,STANDARD,NAN,NAN,BEVELED,BW,NAN,ASME B16.9,0.9,"6 TEE , ASME B16.9 , BEVELED END , ASTM A420 GRADE WPL6 , TYPE S S-STD",28,9,GOOD
29,29,29,815.7448305,2 X 5 BLACK SCHEDULE XH SEAMLESS A106 NIPPLE,"NIPPLE, PIPE, SEAMLESS, 2"", TBE, 5"" LG, SCH 80/XS, CARBON STEEL, ASTM A106","NIPPLE, PIPE, SEAMLESS, 2"", TBE, 5"" LG, SCH 80/XS, CARBON STEEL, ASTM A106",PIPE,NIPPLE,2.0,,5.0,CARBON STEEL,A106,NAN,,80,NAN,SEAMLESS,NAN,THREADED BOTH ENDS,NAN,NAN,0.9,"NIPPLE, PIPE, SEAMLESS, 2"", TBE, 5"" LG, SCH 80/XS, CARBON STEEL, ASTM A106",29,8,GOOD
30,30,30,819.0332029,10 STAINLESS STEEL SCHEDULE 10 316L SEAMLESS CAP,"10 CAP , ASME B16.9 , BEVELED END , ASTM A403 GRADE WP316/WP316L , TYPE S S-10S","10 CAP , ASME B16.9 , BEVELED END , ASTM A403 GRADE WP316/WP316L , TYPE S S-10S",FITTING,CAP,10.0,,,STAINLESS STEEL,A403,WP316/WP316L,,10S,NAN,NAN,BEVELED,BW,NAN,ASME B16.9,0.9,"10 CAP , ASME B16.9 , BEVELED END , ASTM A403 GRADE WP316/WP316L , TYPE S S-10S",30,7,GOOD
31,31,31,822.4733829,18 CARBON STEEL STANDARD WELD LONG RADIUS 90 ELBOW,"18"" ELBOW 90D, LR, BW, ASME 16.9, WROUGHT STEEL, ASTM/ASME A/SA-234-WPB, SCH.STD","18"" ELBOW 90D, LR, BW, ASME 16.9, WROUGHT STEEL, ASTM/ASME A/SA-234-WPB, SCH.STD",FITTING,90 DEGREE LONG RADIUS ELBOW,18.0,,,CARBON STEEL,A234,WPB,,STANDARD,NAN,WROUGHT,NAN,BUTT WELD,NAN,ASME B16.9,1.0,"18"" ELBOW 90D, LR, BW, ASME 16.9, WROUGHT STEEL, ASTM/ASME A/SA-234-WPB, SCH.STD",31,7,GOOD
32,32,32,826.2100206,18 BLACK PLAIN END A53B STANDARD ELECTRIC RESISTANCE WELDED DRL PIPE,"18"" PIPE, ASTM A53, GRADE B, CS BLK, ERW, SCH.STD","18"" PIPE, ASTM A53, GRADE B, CS BLK, ERW, SCH.STD",PIPE,ERW PIPE,18.0,,,CARBON STEEL,A53,B,,STANDARD,NAN,ERW,BLACK,NAN,NAN,NAN,0.9,"18"" PIPE, ASTM A53, GRADE B, CS BLK, ERW, SCH.STD",32,9,GOOD
33,33,33,829.3099603,14 STAINLESS STEEL SCHEDULE 40S 304L A312 WELD PIPE,"14 PIPE , ASME B36.19 , BEVELED END , ASTM A312 GRADE TP304/TP304L , ELECTRIC FUSION WELDED , (EJ = 0.80) S-40S","14 PIPE , ASME B36.19 , BEVELED END , ASTM A312 GRADE TP304/TP304L , ELECTRIC FUSION WELDED , (EJ = 0.80) S-40S",PIPE,WELDED PIPE,14.0,,,STAINLESS STEEL,A312,TP304/TP304L,,40S,NAN,ELECTRIC FUSION WELDED,BEVELED,NAN,NAN,EJ = 0.80,0.9,"14 PIPE , ASME B36.19 , BEVELED END , ASTM A312 GRADE TP304/TP304L , ELECTRIC FUSION WELDED , (EJ = 0.80) S-40S",33,8,GOOD
34,34,34,832.9130804,8 STAINLESS STEEL SCHEDULE 10 316L A312 WELD PIPE,"8 PIPE , ASME B36.19 , BEVELED END , ASTM A312 GRADE TP316/TP316L , ELECTRIC FUSION WELDED , (EJ = 0.80) S-10S","8 PIPE , ASME B36.19 , BEVELED END , ASTM A312 GRADE TP316/TP316L , ELECTRIC FUSION WELDED , (EJ = 0.80) S-10S",PIPE,PIPE,8.0,,,STAINLESS STEEL,A312,TP316/TP316L,,10S,NAN,ELECTRIC FUSION WELDED,BEVELED,NAN,NAN,EJ = 0.80,0.9,"8 PIPE , ASME B36.19 , BEVELED END , ASTM A312 GRADE TP316/TP316L , ELECTRIC FUSION WELDED , (EJ = 0.80) S-10S",34,8,GOOD
35,35,35,837.145987,8 150 WRI 316 FG 316 IR GASKET *Z,"GASKET, SPIRAL WOUND, 8"" PIPE, 150 LB, 316 SS WINDING, GRAFOIL, W/ INNER RING","GASKET, SPIRAL WOUND, 8"" PIPE, 150 LB, 316 SS WINDING, GRAFOIL, W/ INNER RING",GASKET,SPIRAL WOUND,8.0,,,STAINLESS STEEL,NAN,316,150.0,NAN,NAN,NAN,NAN,NAN,GRAFOIL,WITH INNER RING,0.9,"GASKET, SPIRAL WOUND, 8"" PIPE, 150 LB, 316 SS WINDING, GRAFOIL, W/ INNER RING",35,8,GOOD
36,36,36,840.3934414,16 STAINLESS STEEL SCHEDULE 10S 304L A312 WELD PIPE,"16"" PIPE, ASTM A-312 304L SS, WELDED, SCH 10S, ASME B36.19M","16"" PIPE, ASTM A-312 304L SS, WELDED, SCH 10S, ASME B36.19M",PIPE,PIPE,16.0,,,STAINLESS STEEL,A312,304L,,10S,NAN,WELDED,NAN,NAN,NAN,ASME B36.19M,0.9,"16"" PIPE, ASTM A-312 304L SS, WELDED, SCH 10S, ASME B36.19M",36,7,GOOD
37,37,37,844.2086185,"1"" 150 NON-RISING STEM THREAD BONNET GATE VALVE BRONZE NOT FOR POTABLE USE THREADED","VALVE, GATE, 1"", THREADED, 150 LB, BRASS BODY, TR: BRASS","VALVE, GATE, 1"", THREADED, 150 LB, BRASS BODY, TR: BRASS",VALVE,GATE VALVE,1.0,,,BRASS,NAN,NAN,150.0,NAN,NAN,NAN,NAN,THREADED,BRASS,NAN,0.9,"VALVE, GATE, 1"", THREADED, 150 LB, BRASS BODY, TR: BRASS",37,7,GOOD
38,38,38,847.9733604,2 X 3 BLACK SCHEDULE XH SEAMLESS A106 NIPPLE,"NIPPLE, PIPE, SEAMLESS, 2"", TBE, 3"" LG, SCH 80/XS, CARBON STEEL, ASTM A106","NIPPLE, PIPE, SEAMLESS, 2"", TBE, 3"" LG, SCH 80/XS, CARBON STEEL, ASTM A106",PIPE,NIPPLE,2.0,,3.0,CARBON STEEL,A106,NAN,,80,NAN,SEAMLESS,TBE,NAN,NAN,NAN,0.9,"NIPPLE, PIPE, SEAMLESS, 2"", TBE, 3"" LG, SCH 80/XS, CARBON STEEL, ASTM A106",38,8,GOOD
39,39,39,851.2486847,4 CARBON STEEL SCHEDULE XH WELD 45 ELBOW,"ELBOW, PIPE, 4"", BUTT WELD, 45 DEG, LONG RADIUS, SCH 80/XS, CARBON STEEL","ELBOW, PIPE, 4"", BUTT WELD, 45 DEG, LONG RADIUS, SCH 80/XS, CARBON STEEL",FITTING,45 ELBOW,4.0,,,CARBON STEEL,NAN,NAN,,SCHEDULE 80,NAN,NAN,NAN,BUTT WELD,NAN,XS,0.9,"ELBOW, PIPE, 4"", BUTT WELD, 45 DEG, LONG RADIUS, SCH 80/XS, CARBON STEEL",39,9,GOOD
40,40,40,854.5499165,8 CARBON STEEL SCHEDULE XH WELD LONG RADIUS 90 ELBOW,"8 90 DEGREE LONG RADIUS ELBOW , ASME B16.9 , BEVELED END , ASTM A234 GRADE WPB , TYPE S S-80","8 90 DEGREE LONG RADIUS ELBOW , ASME B16.9 , BEVELED END , ASTM A234 GRADE WPB , TYPE S S-80",FITTING,90 DEGREE LONG RADIUS ELBOW,8.0,,,CARBON STEEL,A234,WPB,,80,NAN,NAN,BEVELED,BW,NAN,ASME B16.9,0.9,"8 90 DEGREE LONG RADIUS ELBOW , ASME B16.9 , BEVELED END , ASTM A234 GRADE WPB , TYPE S S-80",40,16,NOT BAD
41,41,41,858.0300779,3 BLACK PLAIN END A106B SCHEDULE 40 SEAMLESS DRL PIPE,"PIPE, SEAMLESS, 3"", SCH 40/STD, CS, ASTM A53, A106, GR: B, DOUBLE RANDOM","PIPE, SEAMLESS, 3"", SCH 40/STD, CS, ASTM A53, A106, GR: B, DOUBLE RANDOM",PIPE,SEAMLESS PIPE,3.0,,,CARBON STEEL,A53/A106,B,,40,NAN,SEAMLESS,PLAIN END,NAN,NAN,DOUBLE RANDOM,0.9,"PIPE, SEAMLESS, 3"", SCH 40/STD, CS, ASTM A53, A106, GR: B, DOUBLE RANDOM",41,14,NOT BAD
42,42,42,861.3950772,8 CARBON STEEL WPL6 STANDARD WELD 45 ELBOW,"8 45 DEGREE LONG RADIUS ELBOW , ASME B16.9 , BEVELED END , ASTM A420 GRADE WPL6 , TYPE S S-STD","8 45 DEGREE LONG RADIUS ELBOW , ASME B16.9 , BEVELED END , ASTM A420 GRADE WPL6 , TYPE S S-STD",FITTING,45 DEGREE LONG RADIUS ELBOW,8.0,,,CARBON STEEL,A420,WPL6,,STANDARD,NAN,NAN,BEVELED,BW,NAN,ASME B16.9,0.9,"42. 8 45 DEGREE LONG RADIUS ELBOW , ASME B16.9 , BEVELED END , ASTM A420 GRADE WPL6 , TYPE S S-STD",42,20,NOT BAD
43,43,43,865.1244066,4X4X2 CARBON STEEL STANDARD WELD TEE,"TEE, PIPE, REDUCING, 4"" X 4"" X 2"", SCH 40/XH, BUTT WELD, CS, A234","TEE, PIPE, REDUCING, 4"" X 4"" X 2"", SCH 40/XH, BUTT WELD, CS, A234",FITTING,REDUCING TEE,4.0,2.0,,CARBON STEEL,A234,NAN,,40,80,NAN,NAN,BUTT WELD,NAN,NAN,0.9,"TEE, PIPE, REDUCING, 4"" X 4"" X 2"", SCH 40/XH, BUTT WELD, CS, A234",43,15,NOT BAD
44,44,44,868.6257806,6 X 6 X 3 CARBON STEEL STANDARD WELD TEE,"6X6X3 REDUCING TEE , ASME B16.9 , BEVELED END , ASTM A234 GRADE WPB , TYPE S S-STD","6X6X3 REDUCING TEE , ASME B16.9 , BEVELED END , ASTM A234 GRADE WPB , TYPE S S-STD",FITTING,TEE,6.0,3.0,,CARBON STEEL,A234,WPB,,STANDARD,NAN,NAN,BEVELED,BW,NAN,ASME B16.9,0.9,"6X6X3 REDUCING TEE , ASME B16.9 , BEVELED END , ASTM A234 GRADE WPB , TYPE S S-STD",44,19,NOT BAD
45,45,45,872.2006914,6 150 WRI 316 FG 316 IR GASKET *Z,"GASKET, SPIRAL WOUND, 6"" PIPE, 150 LB, 316 SS WINDING, GRAFOIL, W/ INNER RING","GASKET, SPIRAL WOUND, 6"" PIPE, 150 LB, 316 SS WINDING, GRAFOIL, W/ INNER RING",GASKET,SPIRAL WOUND,6.0,,,STAINLESS STEEL,NAN,316,150.0,NAN,NAN,NAN,NAN,NAN,GRAFOIL,WITH INNER RING,0.9,"GASKET, SPIRAL WOUND, 6"" PIPE, 150 LB, 316 SS WINDING, GRAFOIL, W/ INNER RING",45,17,NOT BAD
46,46,46,875.3888991,2 CARBON STEEL WPL6 STANDARD WELD 45 ELBOW,"2 45 DEGREE LONG RADIUS ELBOW , ASME B16.9 , BEVELED END , ASTM A420 GRADE WPL6 , TYPE S S-STD","2 45 DEGREE LONG RADIUS ELBOW , ASME B16.9 , BEVELED END , ASTM A420 GRADE WPL6 , TYPE S S-STD",FITTING,45 DEGREE LONG RADIUS ELBOW,2.0,,,CARBON STEEL,A420,WPL6,,STD,NAN,NAN,BEVELED,BW,NAN,ASME B16.9,0.9,"2 45 DEGREE LONG RADIUS ELBOW , ASME B16.9 , BEVELED END , ASTM A420 GRADE WPL6 , TYPE S S-STD",46,16,NOT BAD
47,47,47,878.8771147,3 CARBON STEEL WPL6 STANDARD WELD 45 ELBOW,"3 45 DEGREE LONG RADIUS ELBOW , ASME B16.9 , BEVELED END , ASTM A420 GRADE WPL6 , TYPE S S-STD","3 45 DEGREE LONG RADIUS ELBOW , ASME B16.9 , BEVELED END , ASTM A420 GRADE WPL6 , TYPE S S-STD",FITTING,LONG RADIUS 45 ELBOW,3.0,,,LOW TEMPERATURE CARBON STEEL,A420,WPL6,,STANDARD,NAN,NAN,BEVELED,BUTT WELD,NAN,ASME B16.9,0.9,"3 45 DEGREE LONG RADIUS ELBOW , ASME B16.9 , BEVELED END , ASTM A420 GRADE WPL6 , TYPE S S-STD",47,17,NOT BAD
48,48,48,882.7089497,12 CARBON STEEL STANDARD WELD 45 ELBOW,"12"" ELBOW 45D, LR, BW, ASME 16.9, WROUGHT STEEL, ASTM/ASME A/SA-234-WPB, SCH.STD","12"" ELBOW 45D, LR, BW, ASME 16.9, WROUGHT STEEL, ASTM/ASME A/SA-234-WPB, SCH.STD",FITTING,LONG RADIUS 45 ELBOW,12.0,,,CARBON STEEL,A234,WPB,,STANDARD,NAN,WROUGHT,NAN,BUTT WELD,NAN,ASME B16.9,0.9,"12"" ELBOW 45D, LR, BW, ASME 16.9, WROUGHT STEEL, ASTM/ASME A/SA-234-WPB, SCH.STD",48,13,NOT BAD
49,49,49,886.3726615,6 X 6 X 4 CARBON STEEL STANDARD WELD TEE,"6X6X4 REDUCING TEE , ASME B16.9 , BEVELED END , ASTM A234 GRADE WPB , TYPE S","6X6X4 REDUCING TEE , ASME B16.9 , BEVELED END , ASTM A234 GRADE WPB , TYPE S",FITTING,TEE,6.0,4.0,,CARBON STEEL,A234,WPB,,NAN,NAN,NAN,BEVELED,BW,NAN,ASME B16.9,0.9,"6X6X4 REDUCING TEE , ASME B16.9 , BEVELED END , ASTM A234 GRADE WPB , TYPE S",49,15,NOT BAD
50,50,50,890.2187019,16 CARBON STEEL WPL6 SCHEDULE XH WELD 45 ELBOW,"16 45 DEGREE LONG RADIUS ELBOW , ASME B16.9 , BEVELED END , ASTM A420 GRADE WPL6 , TYPE S S-XS","16 45 DEGREE LONG RADIUS ELBOW , ASME B16.9 , BEVELED END , ASTM A420 GRADE WPL6 , TYPE S S-XS",FITTING,LONG RADIUS 45 ELBOW,16.0,,,CARBON STEEL,A420,WPL6,,EXTRA STRONG,NAN,NAN,BEVELED,BUTT WELD,NAN,ASME B16.9,0.9,"16 45 DEGREE LONG RADIUS ELBOW , ASME B16.9 , BEVELED END , ASTM A420 GRADE WPL6 , TYPE S S-XS",50,24,NOT BAD
51,51,51,893.808535,12 CARBON STEEL WPL6 STANDARD WELD 45 ELBOW,"12 45 DEGREE LONG RADIUS ELBOW , ASME B16.9 , BEVELED END , ASTM A420 GRADE WPL6 , TYPE S S-STD","12 45 DEGREE LONG RADIUS ELBOW , ASME B16.9 , BEVELED END , ASTM A420 GRADE WPL6 , TYPE S S-STD",FITTING,45 DEGREE LONG RADIUS ELBOW,12.0,,,LOW TEMPERATURE CARBON STEEL,A420,WPL6,,STD,NAN,NAN,BEVELED,BW,NAN,ASME B16.9,0.9,"12 45 DEGREE LONG RADIUS ELBOW , ASME B16.9 , BEVELED END , ASTM A420 GRADE WPL6 , TYPE S S-STD",51,12,NOT BAD
52,52,52,897.4093393,14 BLACK PLAIN END A53B STANDARD ELECTRIC RESISTANCE WELDED DRL PIPE,"14"" PIPE, ASTM A53, GRADE B, CS BLK, ERW, SCH.STD","14"" PIPE, ASTM A53, GRADE B, CS BLK, ERW, SCH.STD",PIPE,ERW PIPE,14.0,,,CARBON STEEL,A53,B,,STANDARD,NAN,ERW,BLACK,NAN,NAN,NAN,0.9,"14"" PIPE, ASTM A53, GRADE B, CS BLK, ERW, SCH.STD",52,16,NOT BAD
53,53,53,900.5215418,8 X 4 FORGED STEEL SCHEDULE STANDARD WELDOLET FOR 10-INCH PIPE,"OUTLET, PIPE, WELDOLET, 8"" RUN, 4"", WELD NECK BRANCH, SCH STD, SA105","OUTLET, PIPE, WELDOLET, 8"" RUN, 4"", WELD NECK BRANCH, SCH STD, SA105",FITTING,WELDOLET,8.0,4.0,,CARBON STEEL,SA105,NAN,,STANDARD,NAN,NAN,NAN,BUTT WELD,NAN,WELD NECK BRANCH,0.9,"OUTLET, PIPE, WELDOLET, 8"" RUN, 4"", WELD NECK BRANCH, SCH STD, SA105",53,13,NOT BAD
54,54,54,903.7169962,8 CARBON STEEL 150 STANDARD RAISED FACE WELD NECK FLANGE A105N,"FLANGE:RF WN,8IN,150LB,STD,A105B","FLANGE:RF WN,8IN,150LB,STD,A105B",FLANGE,WELD NECK,8.0,,,CARBON STEEL,A105,B,150.0,STANDARD,NAN,NAN,RAISED FACE,NAN,NAN,NAN,1.0,"FLANGE:RF WN,8IN,150LB,STD,A105B",54,14,NOT BAD
55,55,55,906.8750903,2 CARBON STEEL SCHEDULE XH WELD LONG RADIUS 90 ELBOW,"2 90 DEGREE LONG RADIUS ELBOW , ASME B16.9 , BEVELED END , ASTM A234 GRADE WPB , TYPE S S-80","2 90 DEGREE LONG RADIUS ELBOW , ASME B16.9 , BEVELED END , ASTM A234 GRADE WPB , TYPE S S-80",FITTING,90 DEGREE LONG RADIUS ELBOW,2.0,,,CARBON STEEL,A234,WPB,,XH,NAN,NAN,BEVELED,BW,NAN,ASME B16.9,0.9,"2 90 DEGREE LONG RADIUS ELBOW , ASME B16.9 , BEVELED END , ASTM A234 GRADE WPB , TYPE S S-80",55,12,NOT BAD
56,56,56,910.3958502,24 CARBON STEEL STANDARD WELD LONG RADIUS 90 ELBOW,"24"" ELBOW 90D, LR, BW, ASME 16.9, WROUGHT STEEL, ASTM/ASME A/SA-234-WPB, SCH.STD","24"" ELBOW 90D, LR, BW, ASME 16.9, WROUGHT STEEL, ASTM/ASME A/SA-234-WPB, SCH.STD",FITTING,90 DEGREE LONG RADIUS ELBOW,24.0,,,CARBON STEEL,A234,WPB,,STANDARD,NAN,WROUGHT,NAN,BUTT WELD,NAN,ASME B16.9,0.9,"24"" ELBOW 90D, LR, BW, ASME 16.9, WROUGHT STEEL, ASTM/ASME A/SA-234-WPB, SCH.STD",56,15,NOT BAD
57,57,57,914.0109663,"1"" 800 GATE VALVE FORGED STEEL REDUCED PORT BOLTED BONNET SOCKETWELD X THREADED TRIM12","VALVE, GATE, 1"", SOCKET WELD X THREADED, 800 LB, 316 SS, NACE","VALVE, GATE, 1"", SOCKET WELD X THREADED, 800 LB, 316 SS, NACE",VALVE,GATE VALVE,1.0,,,STAINLESS STEEL,NAN,316,800.0,NAN,NAN,NAN,NAN,SW X THD,NACE,NAN,0.9,"VALVE, GATE, 1"", SOCKET WELD X THREADED, 800 LB, 316 SS, NACE",57,14,NOT BAD
58,58,58,917.427402,20 CARBON STEEL STANDARD WELD LONG RADIUS 90 ELBOW,"20"" ELBOW 90D, LR, BW, ASME 16.9, WROUGHT STEEL, ASTM/ASME A/SA-234-WPB, SCH.STD","20"" ELBOW 90D, LR, BW, ASME 16.9, WROUGHT STEEL, ASTM/ASME A/SA-234-WPB, SCH.STD",FITTING,90 DEGREE LONG RADIUS ELBOW,20.0,,,CARBON STEEL,A234,WPB,,STANDARD,NAN,WROUGHT,NAN,BUTT WELD,NAN,ASME B16.9,0.9,"20"" ELBOW 90D, LR, BW, ASME 16.9, WROUGHT STEEL, ASTM/ASME A/SA-234-WPB, SCH.STD",58,13,NOT BAD
59,59,59,920.9898924,16 CARBON STEEL STANDARD WELD LONG RADIUS 90 ELBOW,"16"" ELBOW 90D, LR, BW, ASME 16.9, WROUGHT STEEL, ASTM/ASME A/SA-234-WPB, SCH.STD","16"" ELBOW 90D, LR, BW, ASME 16.9, WROUGHT STEEL, ASTM/ASME A/SA-234-WPB, SCH.STD",FITTING,LONG RADIUS 90 ELBOW,16.0,,,CARBON STEEL,A234,WPB,,STANDARD,NAN,WROUGHT,NAN,BUTT WELD,NAN,ASME B16.9,1.0,"16"" ELBOW 90D, LR, BW, ASME 16.9, WROUGHT STEEL, ASTM/ASME A/SA-234-WPB, SCH.STD",59,21,NOT BAD
60,60,60,924.4459682,"1"" PIPE CRMLY P11 SCHEDULE 160 SA335 SEAMLESS","1 PIPE , ASME B36.10 , PLAIN END , ASTM A335-P11 , SEAMLESS S-160","1 PIPE , ASME B36.10 , PLAIN END , ASTM A335-P11 , SEAMLESS S-160",PIPE,SEAMLESS,1.0,,,NAN,A335,P11,,160,NAN,SEAMLESS,PLAIN END,PLAIN END,NAN,ASME B36.10,0.9,"1 PIPE , ASME B36.10 , PLAIN END , ASTM A335-P11 , SEAMLESS S-160",60,27,BAD
61,61,61,927.7528505,10 CARBON STEEL WPL6 SCHEDULE XH WELD TEE,"10 TEE , ASME B16.9 , BEVELED END , ASTM A420 GRADE WPL6 , TYPE S S-80","10 TEE , ASME B16.9 , BEVELED END , ASTM A420 GRADE WPL6 , TYPE S S-80",FITTING,TEE,10.0,,,LOW TEMPERATURE CARBON STEEL,A420,WPL6,,80,NAN,NAN,BEVELED,BW,NAN,ASME B16.9,0.9,"10 TEE , ASME B16.9 , BEVELED END , ASTM A420 GRADE WPL6 , TYPE S S-80",61,64,BAD
62,62,62,931.1551581,2 CARBON STEEL SCHEDULE XH WELD LONG RADIUS 90 ELBOW,"ELBOW,PIPE:2IN,90DEG,LR,SCH80,A234WPB","ELBOW,PIPE:2IN,90DEG,LR,SCH80,A234WPB",FITTING,90 DEG LONG RADIUS ELBOW,2.0,,,CARBON STEEL,A234,WPB,,XH,NAN,NAN,NAN,NAN,NAN,NAN,0.9,"ELBOW,PIPE:2IN,90DEG,LR,SCH80,A234WPB",62,73,BAD
63,63,63,934.2151953,6 CARBON STEEL STANDARD WELD SHORT RADIUS 90 ELBOW,"6"" ELBOW 90D, SR, BW, ASME 16.28, WROUGHT STEEL, ASTM/ASME A/SA-234-WPB, SCH.STD","6"" ELBOW 90D, SR, BW, ASME 16.28, WROUGHT STEEL, ASTM/ASME A/SA-234-WPB, SCH.STD",FITTING,90 DEGREE ELBOW SHORT RADIUS,6.0,,,CARBON STEEL,A234,WPB,,STANDARD,NAN,WROUGHT,NAN,BUTT WELD,NAN,ASME 16.28,0.9,"6"" ELBOW 90D, SR, BW, ASME 16.28, WROUGHT STEEL, ASTM/ASME A/SA-234-WPB, SCH.STD",63,35,BAD
64,64,64,937.7065509,2 CARBON STEEL WPL6 SCHEDULE XH WELD 45 ELBOW,"2 45 DEGREE LONG RADIUS ELBOW , ASME B16.9 , BEVELED END , ASTM A420 GRADE WPL6 , TYPE W S-XS","2 45 DEGREE LONG RADIUS ELBOW , ASME B16.9 , BEVELED END , ASTM A420 GRADE WPL6 , TYPE W S-XS",FITTING,LONG RADIUS 45 ELBOW,2.0,,,CARBON STEEL,A420,WPL6,,EXTRA STRONG,NAN,NAN,BEVELED,BUTT WELD,NAN,ASME B16.9,0.9,"2 45 DEGREE LONG RADIUS ELBOW , ASME B16.9 , BEVELED END , ASTM A420 GRADE WPL6 , TYPE W S-XS",64,36,BAD
65,65,65,941.2225065,4 X 2 GALVANIZED SCHEDULE XH CONCENTRIC SOCKETWELD SWAGE THREADED BOTH ENDS,"NIPPLE, SWAGE, SEAMLESS, 4"" X 2"", THREADED, SCH XH, ZINC COATED","NIPPLE, SWAGE, SEAMLESS, 4"" X 2"", THREADED, SCH XH, ZINC COATED",FITTING,SWAGE NIPPLE,4.0,2.0,,NAN,NAN,NAN,,EXTRA HEAVY,NAN,SEAMLESS,ZINC COATED,THREADED,NAN,NAN,0.8,"NIPPLE, SWAGE, SEAMLESS, 4"" X 2"", THREADED, SCH XH, ZINC COATED",65,35,BAD
66,66,66,944.5219137,6 CARBON STEEL STANDARD WELD LONG RADIUS 90 ELBOW,"6"" TRIMMED ELBOW 90D, LR, BW, ASME 16.9, WROUGHT STEEL, ASTM/ASME A/SA-234-WPB, SCH.STD (60.00)","6"" TRIMMED ELBOW 90D, LR, BW, ASME 16.9, WROUGHT STEEL, ASTM/ASME A/SA-234-WPB, SCH.STD (60.00)",FITTING,90 DEGREE ELBOW LONG RADIUS,6.0,,,CARBON STEEL,A234,WPB,,STANDARD,NAN,WROUGHT,NAN,BUTT WELD,TRIMMED,ASME B16.9,0.9,"6"" TRIMMED ELBOW 90D, LR, BW, ASME 16.9, WROUGHT STEEL, ASTM/ASME A/SA-234-WPB, SCH.STD (60.00)",66,98,BAD
67,67,67,948.2352448,"1"" 300 SOCKETWELD FLANGE A105 CARBON STEEL SCHEDULE XH RAISED FACE","FLANGE:RF SW,1IN,300LB,XH,A105B","FLANGE:RF SW,1IN,300LB,XH,A105B",FLANGE,SOCKET WELD,1.0,,,CARBON STEEL,A105,B,300.0,XH,NAN,NAN,RAISED FACE,SOCKET WELD,NAN,NAN,1.0,"FLANGE:RF SW,1IN,300LB,XH,A105B",67,30,BAD
68,68,68,951.4117727,2 CARBON STEEL WPL6 SCHEDULE XH WELD 45 ELBOW,"2 45 DEGREE LONG RADIUS ELBOW , ASME B16.9 , BEVELED END , ASTM A420 GRADE WPL6 , TYPE S S-80","2 45 DEGREE LONG RADIUS ELBOW , ASME B16.9 , BEVELED END , ASTM A420 GRADE WPL6 , TYPE S S-80",FITTING,LR 45 ELBOW,2.0,,,CARBON STEEL,A420,WPL6,,XH,NAN,NAN,BEVELED,BW,NAN,ASME B16.9,0.9,"2 45 DEGREE LONG RADIUS ELBOW , ASME B16.9 , BEVELED END , ASTM A420 GRADE WPL6 , TYPE S S-80",68,50,BAD
69,69,69,955.1004221,8 STAINLESS STEEL SCHEDULE 80 304L A312 SEAMLESS PIPE,"8 PIPE , ASME B36.19 , BEVELED END , ASTM A312 GRADE TP304/TP304L , 100% RADIOGRAPHY , ELECTRIC FUSION WELDED (EJ = 1.00) S-80S","8 PIPE , ASME B36.19 , BEVELED END , ASTM A312 GRADE TP304/TP304L , 100% RADIOGRAPHY , ELECTRIC FUSION WELDED (EJ = 1.00) S-80S",PIPE,PIPE,8.0,,,STAINLESS STEEL,A312,TP304/TP304L,,80S,NAN,ELECTRIC FUSION WELDED,BEVELED,NAN,NAN,"100% RADIOGRAPHY, EJ = 1.00",0.9,"8 PIPE , ASME B36.19 , BEVELED END , ASTM A312 GRADE TP304/TP304L , 100% RADIOGRAPHY , ELECTRIC FUSION WELDED (EJ = 1.00) S-80S",69,96,BAD
70,70,70,958.7156745,6 BLACK PLAIN END A53B SCHEDULE 40 ELECTRIC RESISTANCE WELDED DRL PIPE,"6"" PIPE, ASTM A53, GRADE B, CS BLK, ERW, SCH.STD","6"" PIPE, ASTM A53, GRADE B, CS BLK, ERW, SCH.STD",PIPE,ERW PIPE,6.0,,,CARBON STEEL,A53,B,,STANDARD,NAN,ERW,BLACK,NAN,NAN,NAN,0.9,"6"" PIPE, ASTM A53, GRADE B, CS BLK, ERW, SCH.STD",70,46,BAD
71,71,71,962.0347415,LEAD LAW COMPLIANT 1 GALVANIZED MALLEABLE IRON 150 BRASS GROUND-JOINT UNION,"UNION, PIPE, 1"", THREADED, GALVANIZED","UNION, PIPE, 1"", THREADED, GALVANIZED",FITTING,UNION,1.0,,,NAN,NAN,NAN,,NAN,NAN,NAN,GALVANIZED,THREADED,NAN,NAN,0.8,"UNION, PIPE, 1"", THREADED, GALVANIZED",71,28,BAD
72,72,72,965.2062163,3 CARBON STEEL STANDARD WELD LONG RADIUS 90 ELBOW,"3"" ELBOW 90D, LR, BW, ASME 16.9, WROUGHT STEEL, ASTM/ASME A/SA-234-WPB, SCH.STD","3"" ELBOW 90D, LR, BW, ASME 16.9, WROUGHT STEEL, ASTM/ASME A/SA-234-WPB, SCH.STD",FITTING,90 DEGREE LONG RADIUS ELBOW,3.0,,,CARBON STEEL,A234,WPB,,STANDARD,NAN,WROUGHT,NAN,BUTT WELD,NAN,ASME B16.9,1.0,"3"" ELBOW 90D, LR, BW, ASME 16.9, WROUGHT STEEL, ASTM/ASME A/SA-234-WPB, SCH.STD",72,41,BAD
73,73,73,968.7359085,10 BLACK PLAIN END A106B SCHEDULE 40 SEAMLESS SRL PIPE,"10 PIPE , ASME B36.10 , BEVELED END , ASTM A106-B , SMLS, 100% UT FOR PIPE S-STD","10 PIPE , ASME B36.10 , BEVELED END , ASTM A106-B , SMLS, 100% UT FOR PIPE S-STD",PIPE,SMLS PIPE,10.0,,,CARBON STEEL,A106,B,,STANDARD,NAN,SEAMLESS,BEVELED,NAN,NAN,100% UT INSPECTION,0.9,"10 PIPE , ASME B36.10 , BEVELED END , ASTM A106-B , SMLS, 100% UT FOR PIPE S-STD",73,39,BAD
74,74,74,971.9806635,4 CARBON STEEL 300 RAISED FACE BLIND FLANGE A105N,"FLG,BLIND,4,300,A105","FLG,BLIND,4,300,A105",FLANGE,BLIND,4.0,,,CARBON STEEL,A105,NAN,300.0,NAN,NAN,NAN,NAN,NAN,NAN,NAN,1.0,"FLG,BLIND,4,300,A105",74,42,BAD
75,75,75,974.8843396,3 CARBON STEEL STANDARD WELD SHORT RADIUS 90 ELBOW,"3"" ELBOW 90D, SR, BW, ASME 16.28, WROUGHT STEEL, ASTM/ASME A/SA-234-WPB, SCH.STD","3"" ELBOW 90D, SR, BW, ASME 16.28, WROUGHT STEEL, ASTM/ASME A/SA-234-WPB, SCH.STD",FITTING,SR 90 ELBOW,3.0,,,CARBON STEEL,A234,WPB,,STANDARD,NAN,WROUGHT,NAN,BUTT WELD,NAN,ASME 16.28,0.9,"3"" ELBOW 90D, SR, BW, ASME 16.28, WROUGHT STEEL, ASTM/ASME A/SA-234-WPB, SCH.STD",75,29,BAD
76,76,76,978.5054521,12 CARBON STEEL STANDARD WELD LONG RADIUS 90 ELBOW,"12"" ELBOW 90D, LR, BW, ASME 16.9, WROUGHT STEEL, ASTM/ASME A/SA-234-WPB, SCH.STD","12"" ELBOW 90D, LR, BW, ASME 16.9, WROUGHT STEEL, ASTM/ASME A/SA-234-WPB, SCH.STD",FITTING,90 DEGREE LONG RADIUS ELBOW,12.0,,,CARBON STEEL,A234,WPB,,STANDARD,NAN,WROUGHT,NAN,BUTT WELD,NAN,ASME 16.9,0.9,"12"" ELBOW 90D, LR, BW, ASME 16.9, WROUGHT STEEL, ASTM/ASME A/SA-234-WPB, SCH.STD",76,40,BAD
77,77,77,982.0455445,10 CARBON STEEL STANDARD WELD TEE,"10"" TEE, BW, ASME 16.9, WROUGHT STEEL, ASTM/ASME A/SA-234-WPB, SCH.STD","10"" TEE, BW, ASME 16.9, WROUGHT STEEL, ASTM/ASME A/SA-234-WPB, SCH.STD",FITTING,TEE,10.0,,,CARBON STEEL,A234,WPB,,STANDARD,NAN,WROUGHT,NAN,BUTT WELD,NAN,ASME 16.9,0.9,"10"" TEE, BW, ASME 16.9, WROUGHT STEEL, ASTM/ASME A/SA-234-WPB, SCH.STD",77,40,BAD
78,78,78,985.3841974,8 CARBON STEEL STANDARD WELD LONG RADIUS 90 ELBOW,"8"" ELBOW 90D, LR, BW, ASME 16.9, WROUGHT STEEL, ASTM/ASME A/SA-234-WPB, SCH.STD","8"" ELBOW 90D, LR, BW, ASME 16.9, WROUGHT STEEL, ASTM/ASME A/SA-234-WPB, SCH.STD",FITTING,90 DEGREE LONG RADIUS ELBOW,8.0,,,CARBON STEEL,A234,WPB,,STANDARD,NAN,WROUGHT,NAN,BUTT WELD,NAN,ASME B16.9,0.9,"8"" ELBOW 90D, LR, BW, ASME 16.9, WROUGHT STEEL, ASTM/ASME A/SA-234-WPB, SCH.STD",78,37,BAD
79,79,79,989.0610148,10 BLACK A333 GR6 SCHEDULE 40 SEAMLESS DRL PIPE,"10 PIPE , ASME B36.10 , BEVELED END , ASTM A333-6 , ELECTRIC RESISTANCE WELDED (EJ = 0.85) S-STD","10 PIPE , ASME B36.10 , BEVELED END , ASTM A333-6 , ELECTRIC RESISTANCE WELDED (EJ = 0.85) S-STD",PIPE,ERW,10.0,,,CARBON STEEL,A333,6,,STD,NAN,ELECTRIC RESISTANCE WELDED,BEVELED,PLAIN END,NAN,"ASME B36.10, EJ=0.85",0.9,"10 PIPE , ASME B36.10 , BEVELED END , ASTM A333-6 , ELECTRIC RESISTANCE WELDED (EJ = 0.85) S-STD",79,69,BAD
80,80,80,992.6027534,3 X 2 BLACK SCHEDULE XH CONCENTRIC SOCKETWELD SWAGE BEVELED X THREADED,"NIPPLE, SWAGE, CONCENTRIC, 3"" X 2"", BLE X TSE, SCH XH, CARBON STEEL, ASTM A234","NIPPLE, SWAGE, CONCENTRIC, 3"" X 2"", BLE X TSE, SCH XH, CARBON STEEL, ASTM A234",FITTING,CONCENTRIC REDUCER,3.0,2.0,,CARBON STEEL,A234,NAN,,EXTRA HEAVY,EXTRA HEAVY,NAN,NAN,BLE X TSE,NAN,"NIPPLE,SWAGE",0.9,"NIPPLE, SWAGE, CONCENTRIC, 3"" X 2"", BLE X TSE, SCH XH, CARBON STEEL, ASTM A234",80,152,TERRIBLE
81,81,81,996.1338823,3 X 2 BLACK SCHEDULE XH CONCENTRIC SOCKETWELD SWAGE BEVELED X THREADED,"NIPPLE, SWAGE, CONCENTRIC, 3"" X 2"", THRD X BW, SCH XS, CARBON STEEL, A234","NIPPLE, SWAGE, CONCENTRIC, 3"" X 2"", THRD X BW, SCH XS, CARBON STEEL, A234",FITTING,CONCENTRIC REDUCER,3.0,2.0,,CARBON STEEL,A234,NAN,,EXTRA STRONG,NAN,NAN,NAN,THD X BW,NAN,NAN,0.9,"NIPPLE, SWAGE, CONCENTRIC, 3"" X 2"", THRD X BW, SCH XS, CARBON STEEL, A234",81,143,TERRIBLE
82,82,82,999.3397639,24 STAINLESS STEEL SCHEDULE 10 304L LONG RADIUS 45 A403CR,"24"" ELBOW 45D, LR, BW, ANSI B16.9, 304SS, SCH 10S","24"" ELBOW 45D, LR, BW, ANSI B16.9, 304SS, SCH 10S",FITTING,LONG RADIUS 45 ELBOW,24.0,,,STAINLESS STEEL,B16.9,304,,10S,NAN,NAN,NAN,BUTT WELD,NAN,NAN,0.9,"24"" ELBOW 45D, LR, BW, ANSI B16.9, 304SS, SCH 10S",82,169,TERRIBLE
83,83,83,1002.8828919,2 X 1 GALVANIZED SCHEDULE XH CONCENTRIC SOCKETWELD SWAGE THREADED BOTH ENDS,"NIPPLE, SWAGE, SEAMLESS, 2"" X 1"", THREADED, SCH XH, ZINC COATED","NIPPLE, SWAGE, SEAMLESS, 2"" X 1"", THREADED, SCH XH, ZINC COATED",FITTING,SWAGE NIPPLE,2.0,1.0,,NAN,NAN,NAN,,EXTRA HEAVY,NAN,SEAMLESS,ZINC COATED,THREADED,NAN,NAN,0.9,"NIPPLE, SWAGE, SEAMLESS, 2"" X 1"", THREADED, SCH XH, ZINC COATED",83,161,TERRIBLE
84,84,84,1006.4637017,6 X 3 STAINLESS STEEL SCHEDULE 10 316L SEAMLESS CONCENTRIC,"6X3 CONCENTRIC REDUCER , ASME B16.9 , BEVELED END , ASTM A403 GRADE WP316/WP316L , TYPE S S-10S","6X3 CONCENTRIC REDUCER , ASME B16.9 , BEVELED END , ASTM A403 GRADE WP316/WP316L , TYPE S S-10S",FITTING,CONCENTRIC REDUCER,6.0,3.0,,STAINLESS STEEL,A403,WP316/WP316L,,10S,10S,NAN,BEVELED END,BW,NAN,ASME B16.9,0.9,"6X3 CONCENTRIC REDUCER , ASME B16.9 , BEVELED END , ASTM A403 GRADE WP316/WP316L , TYPE S S-10S",84,137,TERRIBLE
85,85,85,1010.0653672,4 CARBON STEEL 300 SCHEDULE XH RAISED FACE WELD NECK A105N,"FLG,4,300,XH,RFWN,A105B","FLG,4,300,XH,RFWN,A105B",FLANGE,WELD NECK,4.0,,,CARBON STEEL,A105,B,300.0,EXTRA HEAVY,NAN,NAN,RAISED FACE,NAN,NAN,NAN,0.9,"FLG,4,300,XH,RFWN,A105B",85,195,TERRIBLE
86,86,86,1013.3931876,4 X 3 STAINLESS STEEL SCHEDULE 10 316L SEAMLESS CONCENTRIC,"4X3 CONCENTRIC REDUCER , ASME B16.9 , BEVELED END , ASTM A403 GRADE WP316/WP316L , TYPE S S-10S","4X3 CONCENTRIC REDUCER , ASME B16.9 , BEVELED END , ASTM A403 GRADE WP316/WP316L , TYPE S S-10S",FITTING,CONCENTRIC REDUCER,4.0,3.0,,STAINLESS STEEL,A403,WP316/WP316L,,10S,10S,NAN,BEVELED,BW,NAN,ASME B16.9,0.9,"4X3 CONCENTRIC REDUCER , ASME B16.9 , BEVELED END , ASTM A403 GRADE WP316/WP316L , TYPE S S-10S",86,178,TERRIBLE
87,87,87,1017.0263574,3 BLACK CARBON STEEL RISER CLAMP,3 BLK CS RSR CLMP,3 BLK CS RSR CLMP,FITTING,RISER CLAMP,3.0,,,CARBON STEEL,NAN,NAN,,NAN,NAN,NAN,NAN,NAN,NAN,BLACK,0.7,3 BLK CS RSR CLMP,87,154,TERRIBLE
88,88,88,1019.9368023,6X3 CARBON STEEL STANDARD WELD CONCENTRIC REDUCER,"REDUCER,CONC,6 X 3,S40,A234WPB","REDUCER,CONC,6 X 3,S40,A234WPB",FITTING,CONCENTRIC REDUCER,6.0,3.0,,CARBON STEEL,A234,WPB,,40,NAN,NAN,NAN,NAN,NAN,NAN,0.9,"REDUCER,CONC,6 X 3,S40,A234WPB",88,112,TERRIBLE
89,89,89,1023.5601255,6 X 3 STAINLESS STEEL SCHEDULE 10 304L SEAMLESS CONCENTRIC,"6X3 CONCENTRIC REDUCER , ASME B16.9 , BEVELED END , ASTM A403 GRADE WP304/WP304L , TYPE S S-10S","6X3 CONCENTRIC REDUCER , ASME B16.9 , BEVELED END , ASTM A403 GRADE WP304/WP304L , TYPE S S-10S",FITTING,CONCENTRIC REDUCER,6.0,3.0,,STAINLESS STEEL,A403,WP304/WP304L,,10S,10S,NAN,BEVELED,BW,NAN,ASME B16.9,0.9,"6X3 CONCENTRIC REDUCER , ASME B16.9 , BEVELED END , ASTM A403 GRADE WP304/WP304L , TYPE S S-10S",89,115,TERRIBLE
90,90,90,1027.156685,4 CARBON STEEL 150 SCHEDULE XH RAISED FACE WELD NECK A105N,"FLG,4,150,XH,RFWN,A105B","FLG,4,150,XH,RFWN,A105B",FLANGE,WELD NECK,4.0,,,CARBON STEEL,A105,B,150.0,XH,NAN,NAN,RAISED FACE,NAN,NAN,NAN,0.9,"FLG,4,150,XH,RFWN,A105B",90,198,TERRIBLE
91,91,91,1030.2993451,3 X 2 BLACK SCHEDULE XH CONCENTRIC SOCKETWELD SWAGE THREADED BOTH ENDS,"NIPPLE, SWAGE, CONCENTRIC, 3"" X 2"", TBE, SCH 80/XH, CARBON STEEL, A234","NIPPLE, SWAGE, CONCENTRIC, 3"" X 2"", TBE, SCH 80/XH, CARBON STEEL, A234",FITTING,CONCENTRIC REDUCER,3.0,2.0,,CARBON STEEL,A234,NAN,,SCHEDULE 80,EXTRA HEAVY,NAN,NAN,THREADED,NAN,NAN,0.9,"NIPPLE, SWAGE, CONCENTRIC, 3"" X 2"", TBE, SCH 80/XH, CARBON STEEL, A234",91,191,TERRIBLE
92,92,92,1033.5483893,6 CARBON STEEL SCHEDULE XH WELD 45 ELBOW,"6 45 DEGREE LONG RADIUS ELBOW , ASME B16.9 , BEVELED END , ASTM A234 GRADE WPB , TYPE S S-80","6 45 DEGREE LONG RADIUS ELBOW , ASME B16.9 , BEVELED END , ASTM A234 GRADE WPB , TYPE S S-80",FITTING,LONG RADIUS ELBOW 45,6.0,,,CARBON STEEL,A234,WPB,,XH,NAN,NAN,BEVELED,BW,NAN,ASME B16.9,0.9,"6 45 DEGREE LONG RADIUS ELBOW , ASME B16.9 , BEVELED END , ASTM A234 GRADE WPB , TYPE S S-80",92,138,TERRIBLE
93,93,93,1037.090817,8 CARBON STEEL SCHEDULE XH WELD 45 ELBOW,"8 45 DEGREE LONG RADIUS ELBOW , ASME B16.9 , BEVELED END , ASTM A234 GRADE WPB , TYPE S S-80","8 45 DEGREE LONG RADIUS ELBOW , ASME B16.9 , BEVELED END , ASTM A234 GRADE WPB , TYPE S S-80",FITTING,45 DEGREE LONG RADIUS ELBOW,8.0,,,CARBON STEEL,A234,WPB,,80,NAN,NAN,BEVELED,BW,NAN,ASME B16.9,0.9,"8 45 DEGREE LONG RADIUS ELBOW , ASME B16.9 , BEVELED END , ASTM A234 GRADE WPB , TYPE S S-80",93,109,TERRIBLE
94,94,94,1041.7151894,2 CARBON STEEL 150 SCHEDULE XH RAISED FACE WELD NECK A105N,"FLANGE:RF WN,2IN,150LB,XH,A-105B","FLANGE:RF WN,2IN,150LB,XH,A-105B",FLANGE,WELD NECK,2.0,,,CARBON STEEL,A105,B,150.0,XH,NAN,NAN,RAISED FACE,NAN,NAN,NAN,1.0,"FLANGE:RF WN,2IN,150LB,XH,A-105B",94,562,THE WORST
95,95,95,1044.9072713,2 CARBON STEEL 300 SCHEDULE XH RAISED FACE WELD NECK A105N,"FLANGE:RF WN,2IN,300LB,XH,A105B","FLANGE:RF WN,2IN,300LB,XH,A105B",FLANGE,WELD NECK,2.0,,,CARBON STEEL,A105,B,300.0,XH,NAN,NAN,RAISED FACE,NAN,NAN,NAN,1.0,"FLANGE:RF WN,2IN,300LB,XH,A105B",95,355,THE WORST
96,96,96,1048.0831718,6 CARBON STEEL 150 STANDARD RAISED FACE WELD NECK FLANGE A105N,"FLG,6,150,STD,RFWN,A105B","FLG,6,150,STD,RFWN,A105B",FLANGE,WELD NECK,6.0,,,CARBON STEEL,A105,B,150.0,STANDARD,NAN,NAN,RAISED FACE,NAN,NAN,NAN,1.0,"FLG,6,150,STD,RFWN,A105B",96,327,THE WORST
97,97,97,1051.1230148,3 CARBON STEEL 300 SCHEDULE XH RAISED FACE WELD NECK A105N,"FLANGE:RF WN,3IN,300LB,XH,A105B","FLANGE:RF WN,3IN,300LB,XH,A105B",FLANGE,WELD NECK,3.0,,,CARBON STEEL,A105,B,300.0,EXTRA HEAVY,NAN,NAN,RAISED FACE,NAN,NAN,NAN,1.0,"FLANGE:RF WN,3IN,300LB,XH,A105B",97,246,THE WORST
98,98,98,1054.2165253,4 CARBON STEEL 300 STANDARD RAISED FACE WELD NECK A105N,"FLG,4,300,STD,RFWN,A105B","FLG,4,300,STD,RFWN,A105B",FLANGE,WELD NECK,4.0,,,CARBON STEEL,A105,B,300.0,STANDARD,NAN,NAN,RAISED FACE,NAN,NAN,NAN,1.0,"FLG,4,300,STD,RFWN,A105B",98,266,THE WORST
99,99,99,1057.2549435,3 CARBON STEEL 150 SCHEDULE XH RAISED FACE WELD NECK A105N,"FLG,3,150,XH,RFWN,A105B","FLG,3,150,XH,RFWN,A105B",FLANGE,WELD NECK,3.0,,,CARBON STEEL,A105,B,150.0,EXTRA HEAVY,NAN,NAN,RAISED FACE,NAN,NAN,NAN,0.9,"FLG,3,150,XH,RFWN,A105B",99,209,THE WORST
100,100,100,1060.6129981,2 X 1 BLACK SCHEDULE 160 CONCENTRIC SOCKETWELD SWAGE THREADED BOTH ENDS,"NIPPLE, SWAGE, CONCENTRIC, 2"" X 1"", TBE, SCH 160, CARBON STEEL, A106","NIPPLE, SWAGE, CONCENTRIC, 2"" X 1"", TBE, SCH 160, CARBON STEEL, A106",FITTING,CONCENTRIC REDUCER,2.0,1.0,,CARBON STEEL,A106,NAN,,160,NAN,NAN,NAN,THREADED,NAN,NIPPLE,0.9,"NIPPLE, SWAGE, CONCENTRIC, 2"" X 1"", TBE, SCH 160, CARBON STEEL, A106",100,291,THE WORST
