Customer's Inbound RFQ Description,Selected Part Number,Descrip from Prod Cat,Product Code,Description,Category_GT,Type_GT,Primary Size_GT,Reducing Size_GT,Length_GT,Material Name_GT,Material Specification_GT,Material Grade_GT,Pressure Class_GT,Primary Schedule_GT,Reducing Schedule_GT,Manufacturing Process_GT,End Finish_GT,End Connections_GT,Trim_GT,Miscellaneous_GT,confidence_GT,original_text_GT,Primary Wall_GT,Reducing Wall_GT,Wall Thickness_GT,max_GT,od_GT,id_GT,wall_GT,i,START_TIME_RFQ,gt_desc,inc_rfq_raw,inc_rfq,CATEGORY_RFQ,TYPE_RFQ,PRIMARY_SIZE_RFQ,REDUCING_SIZE_RFQ,LENGTH_RFQ,MATERIAL_NAME_RFQ,MATERIAL_SPECIFICATION_RFQ,MATERIAL_GRADE_RFQ,PRESSURE_CLASS_RFQ,PRIMARY_SCHEDULE_RFQ,REDUCING_SCHEDULE_RFQ,MANUFACTURING_PROCESS_RFQ,END_FINISH_RFQ,END_CONNECTIONS_RFQ,,MISCELLANEOUS_RFQ,CONFIDENCE_RFQ,ORIGINAL_TEXT_RFQ
"3"" X 4"" Sch. Std Wall Concentric Reducer A234 Fr. WPB",KWCO040030SSKB,"4"" x 3"" STD CONCENTRIC WELD REDUCER, SA234-WPB",KWCO040030SSKB,"4"" x 3"" STD CONCENTRIC WELD REDUCER, SA234-WPB",FITTING,CONCENTRIC REDUCER,4.0,3,,CARBON STEEL,SA234,WPB,,STANDARD,,WELD,,,,,0.9,4\\ x 3\\ STD CONCENTRIC WELD REDUCER SA234-WPB,,,,,,,,418,730.6671746,"4"" x 3"" STD CONCENTRIC WELD REDUCER, SA234-WPB","3"" X 4"" Sch. Std Wall Concentric Reducer A234 Fr. WPB","3"" X 4"" SCH. STD WALL CONCENTRIC REDUCER A234 FR. WPB",fitting,concentric_reducer,3.0,4.0,,carbon_steel,A234,WPB,,standard,,,,,,,0.9,"3"" X 4"" SCH. STD WALL CONCENTRIC REDUCER A234 FR. WPB"
"11100566-FLG,WN,RF,12,150#,XH-SA-105N",IFWN011201XNA,"12"" 150# RF WELD NECK FLANGE XH BORE, SA105N",IFWN011201XNA,"12"" 150# RF WELD NECK FLANGE XH BORE, SA105N",FLANGE,WELD NECK,12.0,,,CARBON STEEL,A105,N,150,XH,,,RAISED FACE,,,,0.9,12\\ 150# RF WELD NECK FLANGE XH BORE SA105N,,,,,,,,912,735.859633,"12"" 150# RF WELD NECK FLANGE XH BORE, SA105N","11100566-FLG,WN,RF,12,150#,XH-SA-105N","11100566-FLG,WN,RF,12,150 ,XH-SA-105N",flange,weld_neck,12.0,,,carbon_steel,A105,N,150,XH,,,raised_face,,,,1.0,"11100566-FLG,WN,RF,12,150 ,XH-SA-105N"
"H29984 ELBOW,4"",45-WELDED,LR,BW,S10S,ASTM A403",IWL9404001,"4"" S-10 LR 90° WELD ELL, SA403-WP304L",IWL9404001,"4"" S-10 LR 90° WELD ELL, SA403-WP304L",FITTING,ELBOW 90 LONG RADIUS,4.0,,,STAINLESS STEEL,A403,WP304L,,10,,WELDED,,BUTT WELD,,,0.9,4\\ S-10 LR 90° WELD ELL SA403-WP304L,,,,,,,,494,739.2727576,"4"" S-10 LR 90° WELD ELL, SA403-WP304L","H29984 ELBOW,4"",45-WELDED,LR,BW,S10S,ASTM A403","H29984 ELBOW,4"",45-WELDED,LR,BW,S10S,ASTM A403",fitting,45_degree_long_radius_elbow,4.0,,,stainless_steel,ASTM A403,S10S,,,,welded,,butt_weld,,,0.9,"H29984 ELBOW,4"",45-WELDED,LR,BW,S10S,ASTM A403"
"10-150-FLG,WN,RF,10,150#,STD-SA-105",FWN011001S,"10"" 150# RF WELD NECK FLANGE STD BORE, SA105N-FGP",FWN011001S,"10"" 150# RF WELD NECK FLANGE STD BORE, SA105N-FGP",FLANGE,WELD NECK,10.0,,,CARBON STEEL,A105,N,150,STD,,,RAISED FACE,,,FGP,0.9,10\\ 150# RF WELD NECK FLANGE STD BORE SA105N-FGP,,,,,,,,1008,742.7782179,"10"" 150# RF WELD NECK FLANGE STD BORE, SA105N-FGP","10-150-FLG,WN,RF,10,150#,STD-SA-105","10-150-FLG,WN,RF,10,150 ,STD-SA-105",flange,weld_neck,10.0,,,carbon_steel,A105,,150,standard,,,raised_face,,,,0.9,"10-150-FLG,WN,RF,10,150 ,STD-SA-105"
"HB5023 FL1,150,SW,RF,SCHXS,ASTM A105N",IFSW010101X,"1"" 150# RF SOCKET WELD FLANGE XH BORE, SA105",IFSW010101X,"1"" 150# RF SOCKET WELD FLANGE XH BORE, SA105",FLANGE,SOCKET WELD,1.0,,,CARBON STEEL,A105,,150,EXTRA HEAVY,,,RAISED FACE,SOCKET WELD,,XH BORE,0.9,1\\ 150# RF SOCKET WELD FLANGE XH BORE SA105,,,,,,,,1134,747.8901428,"1"" 150# RF SOCKET WELD FLANGE XH BORE, SA105","HB5023 FL1,150,SW,RF,SCHXS,ASTM A105N","HB5023 FL1,150,SW,RF,SCHXS,ASTM A105N",flange,slip_on,1.0,,,carbon_steel,A105,N,150,XS,,,raised_face,socket_weld,,,0.9,"HB5023 FL1,150,SW,RF,SCHXS,ASTM A105N"
"CONC RED,6X5,S160-CONC RED,6X5,S160-SA-234-WPB",KWCO06005016,"6"" x 5"" S-160 CONCENTRIC WELD REDUCER, SA234-WPB",KWCO06005016,"6"" x 5"" S-160 CONCENTRIC WELD REDUCER, SA234-WPB",FITTING,CONCENTRIC REDUCER,6.0,5,,CARBON STEEL,SA234,WPB,,160,160,WELD,,,,,0.9,6\\ x 5\\ S-160 CONCENTRIC WELD REDUCER SA234-WPB,,,,,,,,210,751.2731745,"6"" x 5"" S-160 CONCENTRIC WELD REDUCER, SA234-WPB","CONC RED,6X5,S160-CONC RED,6X5,S160-SA-234-WPB","CONC RED,6X5,S160-CONC RED,6X5,S160-SA-234-WPB",fitting,concentric_reducer,6.0,5.0,,carbon_steel,SA-234,WPB,,160,160,,,,,,0.9,"CONC RED,6X5,S160-CONC RED,6X5,S160-SA-234-WPB"
"4-XX106B-PIPE,SMLS,4,XXH-SA-106B",IPA040XX,"4"" XXH .674W BLK SA106-B SEAMLESS PIPE",IPA040XX,"4"" XXH .674W BLK SA106-B SEAMLESS PIPE",PIPE,SEAMLESS PIPE,4.0,,,CARBON STEEL,A106,B,,XXH,,SEAMLESS,BLACK,,,.674W,0.9,4\\ XXH .674W BLK SA106-B SEAMLESS PIPE,,,,,,,,386,755.7061239,"4"" XXH .674W BLK SA106-B SEAMLESS PIPE","4-XX106B-PIPE,SMLS,4,XXH-SA-106B","4-XX106B-PIPE,SMLS,4,XXH-SA-106B",pipe,seamless_pipe,4.0,,,carbon_steel,A106,B,,XXH,,seamless,,,,,0.9,"4-XX106B-PIPE,SMLS,4,XXH-SA-106B"
"4-LR45X-ELBOW,LR45,4,XH (S80)-SA-234-WPB",IWL4040XTM,"4"" XH LR 45° WELD ELL, SA234-WPB",IWL4040XTM,"4"" XH LR 45° WELD ELL, SA234-WPB",FITTING,LONG RADIUS 45 ELBOW,4.0,,,CARBON STEEL,SA234,WPB,,EXTRA HEAVY,,,WELD,BUTT WELD,,,0.9,4\\ XH LR 45° WELD ELL SA234-WPB,,,,,,,,400,759.7012326,"4"" XH LR 45° WELD ELL, SA234-WPB","4-LR45X-ELBOW,LR45,4,XH (S80)-SA-234-WPB","4-LR45X-ELBOW,LR45,4,XH (S80)-SA-234-WPB",fitting,long_radius_45_elbow,4.0,,,carbon_steel,SA-234,WPB,,XH,,,,,,,0.9,"4-LR45X-ELBOW,LR45,4,XH (S80)-SA-234-WPB"
"12700629-PIPE,SMLS,8,S60",PA08006,"8"" S-60 .406W BLK SA106-B SEAMLESS PIPE",PA08006,"8"" S-60 .406W BLK SA106-B SEAMLESS PIPE",PIPE,SEAMLESS,8.0,,,CARBON STEEL,A106,B,,S-60,,SEAMLESS,BLK,,,.406W,0.9,8\\ S-60 .406W BLK SA106-B SEAMLESS PIPE,,,,,,,,84,763.2192689,"8"" S-60 .406W BLK SA106-B SEAMLESS PIPE","12700629-PIPE,SMLS,8,S60","12700629-PIPE,SMLS,8,S60",pipe,seamless_pipe,8.0,,,,,,,60,,smls,,,,,0.8,"12700629-PIPE,SMLS,8,S60"
"CONC RED,6X5,XXH-MATL: SA-234-WPB",KWCO060050XX,"6"" x 5"" XX CONCENTRIC WELD REDUCER, SA234-WPB",KWCO060050XX,"6"" x 5"" XX CONCENTRIC WELD REDUCER, SA234-WPB",FITTING,CONCENTRIC REDUCER,6.0,5,,CARBON STEEL,SA234,WPB,,XXS,,WELD,,,,,0.9,6\\ x 5\\ XX CONCENTRIC WELD REDUCER SA234-WPB,,,,,,,,206,768.8720272,"6"" x 5"" XX CONCENTRIC WELD REDUCER, SA234-WPB","CONC RED,6X5,XXH-MATL: SA-234-WPB","CONC RED,6X5,XXH-MATL: SA-234-WPB",fitting,concentric_reducer,6.0,5.0,,carbon_steel,SA-234,WPB,,XXH,XXH,,,,,,0.9,"CONC RED,6X5,XXH-MATL: SA-234-WPB"
"6-XA106BS-PIPE,SMLS,6,XH (S80)-SA-106B",IPA060XHTR,"6"" XH .432w BLK SA53B/SA106-B/C SEAMLESS PIPE (SPAIN)",IPA060XHTR,"6"" XH .432w BLK SA53B/SA106-B/C SEAMLESS PIPE (SPAIN)",PIPE,SEAMLESS PIPE,6.0,,,CARBON STEEL,SA53B/SA106,B/C,,XH,,SMLS,BLK,,,(SPAIN),0.9,6\\ XH .432w BLK SA53B/SA106-B/C SEAMLESS PIPE (SPAIN),,,,,,,,196,772.4443915,"6"" XH .432w BLK SA53B/SA106-B/C SEAMLESS PIPE (SPAIN)","6-XA106BS-PIPE,SMLS,6,XH (S80)-SA-106B","6-XA106BS-PIPE,SMLS,6,XH (S80)-SA-106B",pipe,seamless_pipe,6.0,,,carbon_steel,A106,B,,XH,,SMLS,,,,,0.9,"6-XA106BS-PIPE,SMLS,6,XH (S80)-SA-106B"
"15000222-ELBOW,LR45,6,S120-SA-234-WPB",IWL406012A,"6"" S-120LR 45°WELD ELL, SA234-WPB",IWL406012A,"6"" S-120LR 45°WELD ELL, SA234-WPB",FITTING,LONG RADIUS 45 ELBOW,6.0,,,CARBON STEEL,SA234,WPB,,120,,,BW,BUTT WELD,,,0.9,6\\ S-120LR 45°WELD ELL SA234-WPB,,,,,,,,272,778.5781791,"6"" S-120LR 45°WELD ELL, SA234-WPB","15000222-ELBOW,LR45,6,S120-SA-234-WPB","15000222-ELBOW,LR45,6,S120-SA-234-WPB",fitting,long_radius_45_elbow,6.0,,,carbon_steel,SA234,WPB,,120,,,,,,,0.9,"15000222-ELBOW,LR45,6,S120-SA-234-WPB"
"FLG,LWN,RF,10,300#,13""LG-FLG,LWN,RF,10,300#,13""LG",FLW03100114A,"10"" 300# RF LONG WELD NECK x 14"" LG, SA105",FLW03100114A,"10"" 300# RF LONG WELD NECK x 14"" LG, SA105",FLANGE,WELD NECK,10.0,,14,CARBON STEEL,A105,,300,,,,RAISED FACE,,,LONG,0.9,10\\ 300# RF LONG WELD NECK x 14\\ LG SA105,,,,,,,,1004,785.4847702,"10"" 300# RF LONG WELD NECK x 14"" LG, SA105","FLG,LWN,RF,10,300#,13""LG-FLG,LWN,RF,10,300#,13""LG","FLG,LWN,RF,10,300 ,13 INCHLG-FLG,LWN,RF,10,300 ,13 INCHLG",flange,weld_neck,10.0,,13.0,,,,300,,,,raised_face,,,,0.8,"FLG,LWN,RF,10,300 ,13 INCHLG-FLG,LWN,RF,10,300 ,13 INCHLG"
"6"" Sch 40 A106B smls",PA060ST52,"6"" STD .280w API-5L X52/SA333 GR 6/SA106B SEAMLESS PIPE",PA060ST52,"6"" STD .280w API-5L X52/SA333 GR 6/SA106B SEAMLESS PIPE",PIPE,SEAMLESS PIPE,6.0,,,CARBON STEEL,API-5L/SA333/SA106,X52/GR6/B,,STD,,SMLS,,,,.280W WALL THICKNESS,0.9,6\\ STD .280w API-5L X52/SA333 GR 6/SA106B SEAMLESS PIPE,,,,,,,,252,789.1584955,"6"" STD .280w API-5L X52/SA333 GR 6/SA106B SEAMLESS PIPE","6"" Sch 40 A106B smls","6"" SCH 40 A106B SMLS",pipe,smls_pipe,6.0,,,carbon_steel,A106,B,,40,,smls,,,,,1.0,"6"" SCH 40 A106B SMLS"
"12700363-PIPE,SMLS,14,S100-SA-106B",PA14010,"14"" S-100 .938W SA106-B SEAMLESS PIPE",PA14010,"14"" S-100 .938W SA106-B SEAMLESS PIPE",PIPE,SEAMLESS,14.0,,,CARBON STEEL,A106,B,,100,,SEAMLESS,,,,.938W,0.9,14\\ S-100 .938W SA106-B SEAMLESS PIPE,,,,,,,,894,793.939348,"14"" S-100 .938W SA106-B SEAMLESS PIPE","12700363-PIPE,SMLS,14,S100-SA-106B","12700363-PIPE,SMLS,14,S100-SA-106B",pipe,seamless_pipe,14.0,,,carbon_steel,SA-106,B,,S100,,seamless,,,,,0.9,"12700363-PIPE,SMLS,14,S100-SA-106B"
"1"" 300# RFSW Flange S/80 Bore A/SA105",FSW030101X,"1"" 300# RF SOCKET WELD FLANGE XH BORE, SA105",FSW030101X,"1"" 300# RF SOCKET WELD FLANGE XH BORE, SA105",FLANGE,SOCKET WELD,1.0,,,CARBON STEEL,A105,,300,XH,,,RAISED FACE,SOCKET WELD,,XH BORE,0.9,1\\ 300# RF SOCKET WELD FLANGE XH BORE SA105,,,,,,,,1126,798.1041557,"1"" 300# RF SOCKET WELD FLANGE XH BORE, SA105","1"" 300# RFSW Flange S/80 Bore A/SA105","1"" 300 RFSW FLANGE S/80 BORE A/SA105",flange,socket_weld,1.0,,,carbon_steel,A105,,300,80,,,raised_face,socket_weld,,bore,0.9,"1"" 300 RFSW FLANGE S/80 BORE A/SA105"
"887520 RED#ECC,WELD,8X6*SCH10S/SCH10S,ASTM A403",IWEC408006001,"8"" X 6"" S10 ECCENTRIC WELD REDUCER, A403 WP304/304L",IWEC408006001,"8"" X 6"" S10 ECCENTRIC WELD REDUCER, A403 WP304/304L",FITTING,ECCENTRIC REDUCER,8.0,6,,STAINLESS STEEL,A403,WP304/304L,,10,,WELDED,,,,,0.9,8\\ X 6\\ S10 ECCENTRIC WELD REDUCER A403 WP304/304L,,,,,,,,22,802.8736089,"8"" X 6"" S10 ECCENTRIC WELD REDUCER, A403 WP304/304L","887520 RED#ECC,WELD,8X6*SCH10S/SCH10S,ASTM A403","887520 RED ECC,WELD,8X6*SCH10S/SCH10S,ASTM A403",fitting,eccentric_reducer,8.0,6.0,,stainless_steel,A403,,,10S,10S,,,BW,,,0.9,"887520 RED ECC,WELD,8X6*SCH10S/SCH10S,ASTM A403"
"3"" S/10 Smls or Welded Pipe x SRL A/SA312-TP304",IPS4030S10K,"3"" S10 .120"" Wall SEAMLESS PIPE SA312-TP-304Lss",IPS4030S10K,"3"" S10 .120"" Wall SEAMLESS PIPE SA312-TP-304Lss",PIPE,SEAMLESS PIPE,3.0,,,STAINLESS STEEL,SA312,TP304L,,S10,,SEAMLESS,,,,.120\\ WALL,0.9,3\\ S10 .120\\ Wall SEAMLESS PIPE SA312-TP-304Lss,,,,,,,,694,806.5521159,"3"" S10 .120"" Wall SEAMLESS PIPE SA312-TP-304Lss","3"" S/10 Smls or Welded Pipe x SRL A/SA312-TP304","3"" S/10 SMLS OR WELDED PIPE X SRL A/SA312-TP304",pipe,pipe,3.0,,,stainless_steel,A312,TP304,,10,,smls_or_welded,,,,SRL,0.9,"3"" S/10 SMLS OR WELDED PIPE X SRL A/SA312-TP304"
"4-300RFWNS-FLG,WN,RF,4,300#,STD (S40)",IFWN030401S,"4"" 300# RF WELD NECK FLANGE STD BORE, SA105",IFWN030401S,"4"" 300# RF WELD NECK FLANGE STD BORE, SA105",FLANGE,WELD NECK,4.0,,,CARBON STEEL,A105,,300,STD,,,RAISED FACE,,,STANDARD BORE,0.9,4\\ 300# RF WELD NECK FLANGE STD BORE SA105,,,,,,,,556,811.2388342,"4"" 300# RF WELD NECK FLANGE STD BORE, SA105","4-300RFWNS-FLG,WN,RF,4,300#,STD (S40)","4-300RFWNS-FLG,WN,RF,4,300 ,STD (S40)",flange,weld_neck,4.0,,,,,,300,STD,,,raised_face,,,,0.9,"4-300RFWNS-FLG,WN,RF,4,300 ,STD (S40)"
"3-XA106BS-PIPE,SMLS,3,XH(S80)-SA-106B",IPA030XHAM,"3"" XH .300W ASTM/ASME/SA53B/API5L/X42/SA106B/C SEAMLESS PIPE",IPA030XHAM,"3"" XH .300W ASTM/ASME/SA53B/API5L/X42/SA106B/C SEAMLESS PIPE",PIPE,SEAMLESS PIPE,3.0,,,CARBON STEEL,A53B/A106B/API5L,X42,,XH,,SEAMLESS,,,,.300W,0.9,3\\ XH .300W ASTM/ASME/SA53B/API5L/X42/SA106B/C SEAMLESS PIPE,,,,,,,,642,816.1982619,"3"" XH .300W ASTM/ASME/SA53B/API5L/X42/SA106B/C SEAMLESS PIPE","3-XA106BS-PIPE,SMLS,3,XH(S80)-SA-106B","3-XA106BS-PIPE,SMLS,3,XH(S80)-SA-106B",pipe,seamless_pipe,3.0,,,carbon_steel,A106,B,,80,,seamless,,,,,0.9,"3-XA106BS-PIPE,SMLS,3,XH(S80)-SA-106B"
"4"" 600# A-105 Blind",FBD060401,"4"" 600# RF BLIND FLANGE, SA105N-FGP/SA350-LF2 CL1/A694F42",FBD060401,"4"" 600# RF BLIND FLANGE, SA105N-FGP/SA350-LF2 CL1/A694F42",FLANGE,BLIND,4.0,,,CARBON STEEL,A105N,,600,,,,RF,,,SA350-LF2 CL1/A694F42,0.9,4\\ 600# RF BLIND FLANGE SA105N-FGP/SA350-LF2 CL1/A694F42,,,,,,,,548,820.1508577,"4"" 600# RF BLIND FLANGE, SA105N-FGP/SA350-LF2 CL1/A694F42","4"" 600# A-105 Blind","4"" 600 A-105 BLIND",flange,blind,4.0,,,carbon_steel,A105,,600,,,,,,,,0.9,"4"" 600 A-105 BLIND"
"3"" Sch. Std. Pipe scarfed to suit 3"" NPS OD A106 Gr. B",PA030STBTR,"3"" STD .216W BLK QUAD STENCILED PSL2 SA53-B/API5L/B/X42 SA106B/C SEAMLESS PIPE",PA030STBTR,"3"" STD .216W BLK QUAD STENCILED PSL2 SA53-B/API5L/B/X42 SA106B/C SEAMLESS PIPE",PIPE,SEAMLESS,3.0,,,CARBON STEEL,SA53-B/API5L/B/X42/SA106B/C,,,STANDARD,,SEAMLESS,BLACK,,,QUAD STENCILED PSL2,0.9,3\\ STD .216W BLK QUAD STENCILED PSL2 SA53-B/API5L/B/X42 SA106B/C SEAMLESS PIPE,,,,,,,,664,823.8073538,"3"" STD .216W BLK QUAD STENCILED PSL2 SA53-B/API5L/B/X42 SA106B/C SEAMLESS PIPE","3"" Sch. Std. Pipe scarfed to suit 3"" NPS OD A106 Gr. B","3"" SCH. STD. PIPE SCARFED TO SUIT 3"" NPS OD A106 GR. B",pipe,pipe,3.0,,,carbon_steel,A106,B,,standard,,scarfed,,,,"scarfed to suit 3"" NPS OD",0.9,"3"" SCH. STD. PIPE SCARFED TO SUIT 3"" NPS OD A106 GR. B"
"1-.5-160-PIPE,SMLS,1 1/2,S160",PA01516,"1-1/2"" S-160 .281W BLK API-5L/X42/SA106-B SEAMLESS PIPE",PA01516,"1-1/2"" S-160 .281W BLK API-5L/X42/SA106-B SEAMLESS PIPE",PIPE,SEAMLESS PIPE,1.5,,,CARBON STEEL,API-5L/SA106,X42/B,,160,,SEAMLESS,BLACK,,,.281W,0.9,1-1/2\\ S-160 .281W BLK API-5L/X42/SA106-B SEAMLESS PIPE,,,,,,,,942,828.6972085,"1-1/2"" S-160 .281W BLK API-5L/X42/SA106-B SEAMLESS PIPE","1-.5-160-PIPE,SMLS,1 1/2,S160","1-.5-160-PIPE,SMLS,1.5,S160",pipe,smls,1.5,,,,,,,160,,seamless,,,,,0.7,"1-.5-160-PIPE,SMLS,1.5,S160"
"3"" - SCH 160 A53 - B - A106B SMLS- SRL PIPE",IPA030XHTR,"3"" XH .300W BLK SA53-B/ SA106-B/C SEAMLESS PIPE (SPAIN)",IPA030XHTR,"3"" XH .300W BLK SA53-B/ SA106-B/C SEAMLESS PIPE (SPAIN)",PIPE,SEAMLESS PIPE,3.0,,,CARBON STEEL,SA53-B/SA106-B/C,,,EXTRA HEAVY,,SEAMLESS,BLACK,,,(SPAIN),0.9,3\\ XH .300W BLK SA53-B/ SA106-B/C SEAMLESS PIPE (SPAIN),,,,,,,,634,832.6403563,"3"" XH .300W BLK SA53-B/ SA106-B/C SEAMLESS PIPE (SPAIN)","3"" - SCH 160 A53 - B - A106B SMLS- SRL PIPE","3"" - SCH 160 A53 - B - A106B SMLS- SRL PIPE",pipe,seamless_pipe,3.0,,,carbon_steel,A53/A106,B,,160,,seamless,,,,SRL,0.9,"3"" - SCH 160 A53 - B - A106B SMLS- SRL PIPE"
"11100825-FLG,WN,RF,8,300#,XH (S80)-SA-105N",FWN010801X,"8"" 150# RF WELD NECK FLANGE XH BORE, SA105N-FGP",FWN010801X,"8"" 150# RF WELD NECK FLANGE XH BORE, SA105N-FGP",FLANGE,WELD NECK,8.0,,,CARBON STEEL,A105,N,150,XH,,,RF,,,FGP,0.9,8\\ 150# RF WELD NECK FLANGE XH BORE SA105N-FGP,,,,,,,,154,836.6964483,"8"" 150# RF WELD NECK FLANGE XH BORE, SA105N-FGP","11100825-FLG,WN,RF,8,300#,XH (S80)-SA-105N","11100825-FLG,WN,RF,8,300 ,XH (S80)-SA-105N",flange,weld_neck,8.0,,,carbon_steel,A105,N,300,XH,,,raised_face,,,,0.9,"11100825-FLG,WN,RF,8,300 ,XH (S80)-SA-105N"
"12700315-PIPE,SMLS,10,XH (S60)-SA-106B",IPA100XH,"10"" XH .500W SA106-B SEAMLESS PIPE",IPA100XH,"10"" XH .500W SA106-B SEAMLESS PIPE",PIPE,SEAMLESS,10.0,,,CARBON STEEL,A106,B,,XH,,SEAMLESS,,,,.500W,0.9,10\\ XH .500W SA106-B SEAMLESS PIPE,,,,,,,,958,840.6183314,"10"" XH .500W SA106-B SEAMLESS PIPE","12700315-PIPE,SMLS,10,XH (S60)-SA-106B","12700315-PIPE,SMLS,10,XH (S60)-SA-106B",pipe,seamless,10.0,,,carbon_steel,SA-106,B,,XH,,seamless,,,,,0.9,"12700315-PIPE,SMLS,10,XH (S60)-SA-106B"
"11101079-FLG,WN,RF,8,300#,S100-SA-105N",FWN010801S,"8"" 150# RF WELD NECK FLANGE STD BORE, SA105N-FGP",FWN010801S,"8"" 150# RF WELD NECK FLANGE STD BORE, SA105N-FGP",FLANGE,WELD NECK,8.0,,,CARBON STEEL,A105,N,150,STD,,,RAISED FACE,,,FGP,0.9,8\\ 150# RF WELD NECK FLANGE STD BORE SA105N-FGP,,,,,,,,156,847.224589,"8"" 150# RF WELD NECK FLANGE STD BORE, SA105N-FGP","11101079-FLG,WN,RF,8,300#,S100-SA-105N","11101079-FLG,WN,RF,8,300 ,S100-SA-105N",flange,weld_neck,8.0,,,carbon_steel,A105,N,300,,,,raised_face,,,S100,1.0,"11101079-FLG,WN,RF,8,300 ,S100-SA-105N"
"11100639-FLG,WN,RF,2,600#,S160-SA-105N",FWN06020116KU,"2"" 600# RF WELD NECK FLANGE S-160 BORE, SA105N-FGP",FWN06020116KU,"2"" 600# RF WELD NECK FLANGE S-160 BORE, SA105N-FGP",FLANGE,WELD NECK,2.0,,,CARBON STEEL,A105,N,600,160,,,RAISED FACE,,,FGP,0.9,2\\ 600# RF WELD NECK FLANGE S-160 BORE SA105N-FGP,,,,,,,,820,851.3755419,"2"" 600# RF WELD NECK FLANGE S-160 BORE, SA105N-FGP","11100639-FLG,WN,RF,2,600#,S160-SA-105N","11100639-FLG,WN,RF,2,600 ,S160-SA-105N",flange,weld_neck,2.0,,,carbon_steel,A105,N,600,160,,,raised_face,,,,1.0,"11100639-FLG,WN,RF,2,600 ,S160-SA-105N"
"12700464-PIPE,SMLS,20,S80-SA-106B",PA20008,"20"" S-80 1.031W BLK SA106-B SEAMLESS PIPE",PA20008,"20"" S-80 1.031W BLK SA106-B SEAMLESS PIPE",PIPE,SEAMLESS,20.0,,,CARBON STEEL,A106,B,,80,,SEAMLESS,BLACK,,,1.031W,0.9,20\\ S-80 1.031W BLK SA106-B SEAMLESS PIPE,,,,,,,,758,857.9728971,"20"" S-80 1.031W BLK SA106-B SEAMLESS PIPE","12700464-PIPE,SMLS,20,S80-SA-106B","12700464-PIPE,SMLS,20,S80-SA-106B",pipe,seamless_pipe,20.0,,,carbon_steel,A106,B,,80,,seamless,,,,,0.9,"12700464-PIPE,SMLS,20,S80-SA-106B"
"H31943 EL6,90,LR,WLD,S40S,ASTM A403 GRWP304/304L",IWL94060S,"6"" STD LR 90° WELD ELL, SA403-WP304L",IWL94060S,"6"" STD LR 90° WELD ELL, SA403-WP304L",FITTING,LONG RADIUS 90 ELBOW,6.0,,,STAINLESS STEEL,SA403,WP304L,,STANDARD,,,,BUTT WELD,,,0.9,6\\ STD LR 90° WELD ELL SA403-WP304L,,,,,,,,226,862.2982005,"6"" STD LR 90° WELD ELL, SA403-WP304L","H31943 EL6,90,LR,WLD,S40S,ASTM A403 GRWP304/304L","H31943 EL6,90,LR,WLD,S40S,ASTM A403 GRWP1.0L",fitting,90_degree_long_radius_elbow,6.0,,,stainless_steel,ASTM A403,WP1.0L,,40S,,WLD,,,,,0.9,"H31943 EL6,90,LR,WLD,S40S,ASTM A403 GRWP1.0L"
"12700335-PIPE,SMLS,12,XH-SA-106B",IPA120XHAM,"12"" XH .500W BLK ASTM/ASME/SA53B/API5L/X42/SA106B/C SEAMLESS PIPE",IPA120XHAM,"12"" XH .500W BLK ASTM/ASME/SA53B/API5L/X42/SA106B/C SEAMLESS PIPE",PIPE,SEAMLESS,12.0,,,CARBON STEEL,A53B/A106B/API5L,X42,,XH,,SEAMLESS,BLACK,,,.500W,0.9,12\\ XH .500W BLK ASTM/ASME/SA53B/API5L/X42/SA106B/C SEAMLESS PIPE,,,,,,,,902,868.0913584,"12"" XH .500W BLK ASTM/ASME/SA53B/API5L/X42/SA106B/C SEAMLESS PIPE","12700335-PIPE,SMLS,12,XH-SA-106B","12700335-PIPE,SMLS,12,XH-SA-106B",pipe,seamless,12.0,,,carbon_steel,A106,B,,extra_heavy,,seamless,,,,,0.9,"12700335-PIPE,SMLS,12,XH-SA-106B"
"11100817-FLG,WN,RF,6,300#,XXH-SA-105",IFWN030601XXA,"6"" 300# RF WN FLG XXH BORE, SA105N/FGP",IFWN030601XXA,"6"" 300# RF WN FLG XXH BORE, SA105N/FGP",FLANGE,WELD NECK,6.0,,,CARBON STEEL,A105,N,300,XXH,,,RAISED FACE,,,FGP,0.9,6\\ 300# RF WN FLG XXH BORE SA105N/FGP,,,,,,,,338,873.0488797,"6"" 300# RF WN FLG XXH BORE, SA105N/FGP","11100817-FLG,WN,RF,6,300#,XXH-SA-105","11100817-FLG,WN,RF,6,300 ,XXH-SA-105",flange,weld_neck,6.0,,,carbon_steel,A105,,300,XXH,,,raised_face,,,,1.0,"11100817-FLG,WN,RF,6,300 ,XXH-SA-105"
"XF0748 TOL,8X.5,CL3000,MSS SP-97,ASTM A182 GR.F304/304L",M3T4005360,"36"" - 3/4"" x 1/2"" 3000# FS THREADED FLEX-O-LET, SA182-F304L",M3T4005360,"36"" - 3/4"" x 1/2"" 3000# FS THREADED FLEX-O-LET, SA182-F304L",FITTING,FLEXOLET,36.0,0.75,,STAINLESS STEEL,A182,F304L,3000,,,FORGED,,THREADED,,FLEX-O-LET,0.9,36\\ - 3/4\\ x 1/2\\ 3000# FS THREADED FLEX-O-LET SA182-F304L,,,,,,,,580,878.7459207,"36"" - 3/4"" x 1/2"" 3000# FS THREADED FLEX-O-LET, SA182-F304L","XF0748 TOL,8X.5,CL3000,MSS SP-97,ASTM A182 GR.F304/304L","XF0748 TOL,8X.5,CL3000,MSS SP-97,ASTM A182 GR.F1.0L",fitting,threadolet,8.0,0.5,,stainless_steel,A182,F1.0L,3000,,,,,threaded,,MSS SP-97,0.9,"XF0748 TOL,8X.5,CL3000,MSS SP-97,ASTM A182 GR.F1.0L"
"4"" 600# A-105 Blind",FBD060401BTX,"4"" 600# RF BLIND FLANGE, SA105N",FBD060401BTX,"4"" 600# RF BLIND FLANGE, SA105N",FLANGE,BLIND,4.0,,,CARBON STEEL,A105,N,600,,,,RAISED FACE,,,,1.0,4\\ 600# RF BLIND FLANGE SA105N,,,,,,,,552,882.700663,"4"" 600# RF BLIND FLANGE, SA105N","4"" 600# A-105 Blind","4"" 600 A-105 BLIND",flange,blind,4.0,,,carbon_steel,A105,,600,,,,,,,,0.9,"4"" 600 A-105 BLIND"
"1-.5-XXA106BS-PIPE,SMLS,1 1/2,XXH",PA015XX,"1-1/2"" XXH .400W BLK SA106-B SEAMLESS PIPE",PA015XX,"1-1/2"" XXH .400W BLK SA106-B SEAMLESS PIPE",PIPE,SEAMLESS PIPE,1.5,,,CARBON STEEL,A106,B,,XXH,,SEAMLESS,BLACK,,,.400W,0.9,1-1/2\\ XXH .400W BLK SA106-B SEAMLESS PIPE,,,,,,,,918,887.769788,"1-1/2"" XXH .400W BLK SA106-B SEAMLESS PIPE","1-.5-XXA106BS-PIPE,SMLS,1 1/2,XXH","1-.5-XXA106BS-PIPE,SMLS,1.5,XXH",pipe,seamless,1.5,,,carbon_steel,A106,B,,XXH,,SMLS,,,,,0.9,"1-.5-XXA106BS-PIPE,SMLS,1.5,XXH"
"11100758-FLG,WN,RF,4,600#,XXH-SA105N",FWN060401XXBTX,"4"" 600# RF WELD NECK FLANGE XXH BORE, SA105N",FWN060401XXBTX,"4"" 600# RF WELD NECK FLANGE XXH BORE, SA105N",FLANGE,WELD NECK,4.0,,,CARBON STEEL,A105,N,600,XXH,,,RAISED FACE,,,XXH BORE,0.9,4\\ 600# RF WELD NECK FLANGE XXH BORE SA105N,,,,,,,,522,890.9480844,"4"" 600# RF WELD NECK FLANGE XXH BORE, SA105N","11100758-FLG,WN,RF,4,600#,XXH-SA105N","11100758-FLG,WN,RF,4,600 ,XXH-SA105N",flange,weld_neck,4.0,,,carbon_steel,A105,N,600,XXH,,,raised_face,,,,1.0,"11100758-FLG,WN,RF,4,600 ,XXH-SA105N"
"HL6846 ROUND HEAD PLUG,NPT .75,ASTM A182 GR F304/304L",IM3T4RP007,"3/4"" 3000# FS THREADED ROUND HEAD PLUG, SA182-F304/L",IM3T4RP007,"3/4"" 3000# FS THREADED ROUND HEAD PLUG, SA182-F304/L",FITTING,PLUG,0.75,,,STAINLESS STEEL,A182,F304L,3000,,,,ROUND HEAD,THREADED,,FULL STRENGTH,0.9,3/4\\ 3000# FS THREADED ROUND HEAD PLUG SA182-F304/L,,,,,,,,612,894.5164538,"3/4"" 3000# FS THREADED ROUND HEAD PLUG, SA182-F304/L","HL6846 ROUND HEAD PLUG,NPT .75,ASTM A182 GR F304/304L","HL6846 ROUND HEAD PLUG,NPT .75,ASTM A182 GR F1.0L",fitting,threaded_plug,0.75,,,stainless_steel,A182,F1.0L,,,,,round_head,THD,,,0.8,"HL6846 ROUND HEAD PLUG,NPT .75,ASTM A182 GR F1.0L"
"887483 PI8-10S,ASTM,A312,TP304L",IPS408010,"8"" S-10 .148W SEAMLESS PIPE, SA312 TP304/L",IPS408010,"8"" S-10 .148W SEAMLESS PIPE, SA312 TP304/L",PIPE,SEAMLESS PIPE,8.0,,,STAINLESS STEEL,SA312,TP304/L,,10,,SEAMLESS,,,,.148W WALL THICKNESS,0.9,8\\ S-10 .148W SEAMLESS PIPE SA312 TP304/L,,,,,,,,112,898.7274215,"8"" S-10 .148W SEAMLESS PIPE, SA312 TP304/L","887483 PI8-10S,ASTM,A312,TP304L","887483 PI8-10S,ASTM,A312,TP304L",pipe,pipe,8.0,,10.0,stainless_steel,A312,TP304L,,,,,,,,,0.9,"887483 PI8-10S,ASTM,A312,TP304L"
"15000391-ELBOW,LR90,4,S160-SA-234-WPB",IWL904016,"4"" S-160 LR 90° WELD ELL, SA234-WPB",IWL904016,"4"" S-160 LR 90° WELD ELL, SA234-WPB",FITTING,LONG RADIUS 90 ELBOW,4.0,,,CARBON STEEL,SA234,WPB,,160,,,BW,BUTT WELD,,,0.9,4\\ S-160 LR 90° WELD ELL SA234-WPB,,,,,,,,472,901.8726858,"4"" S-160 LR 90° WELD ELL, SA234-WPB","15000391-ELBOW,LR90,4,S160-SA-234-WPB","15000391-ELBOW,LR90,4,S160-SA-234-WPB",fitting,long_radius_90_elbow,4.0,,,carbon_steel,A234,WPB,,160,,,,,,,0.9,"15000391-ELBOW,LR90,4,S160-SA-234-WPB"
"12700487-PIPE,SMLS,24,S30 Gr C-SA-106C",PA24003,"24"" S-30 .562W BLK SA106-B SEAMLESS PIPE",PA24003,"24"" S-30 .562W BLK SA106-B SEAMLESS PIPE",PIPE,SEAMLESS,24.0,,,CARBON STEEL,A106,B,,30,,SEAMLESS,BLACK,,,.562W,0.9,24\\ S-30 .562W BLK SA106-B SEAMLESS PIPE,,,,,,,,734,907.4806767,"24"" S-30 .562W BLK SA106-B SEAMLESS PIPE","12700487-PIPE,SMLS,24,S30 Gr C-SA-106C","12700487-PIPE,SMLS,24,S30 GR C-SA-106C",pipe,seamless,24.0,,,carbon_steel,A106,C,,S30,,seamless,,,,,0.9,"12700487-PIPE,SMLS,24,S30 GR C-SA-106C"
"H31984 RED#ECC.-WELD.6X4*SCH40S/SCH40S,ASTM A403",IWEC4060040S,"6"" X 4"" STD ECCENTRIC REDUCER, SA403 WP304/304L",IWEC4060040S,"6"" X 4"" STD ECCENTRIC REDUCER, SA403 WP304/304L",FITTING,ECCENTRIC REDUCER,6.0,4,,STAINLESS STEEL,A403,WP304/304L,,STANDARD,,,,,,,0.9,6\\ X 4\\ STD ECCENTRIC REDUCER SA403 WP304/304L,,,,,,,,214,911.1232888,"6"" X 4"" STD ECCENTRIC REDUCER, SA403 WP304/304L","H31984 RED#ECC.-WELD.6X4*SCH40S/SCH40S,ASTM A403","H31984 RED ECC.-WELD.6X4*SCH40S/SCH40S,ASTM A403",fitting,eccentric_reducer,6.0,4.0,,stainless_steel,A403,,,40S,40S,welded,,BW,,,0.9,"H31984 RED ECC.-WELD.6X4*SCH40S/SCH40S,ASTM A403"
"H32016 RED#CON.-WELD.6X4*SCH40S/SCH40S,ASTM A403",IWCO4060040S,"6"" X 4"" STD CONCENTRIC WELD REDUCER, SA403 304/304L",IWCO4060040S,"6"" X 4"" STD CONCENTRIC WELD REDUCER, SA403 304/304L",FITTING,CONCENTRIC REDUCER,6.0,4,,STAINLESS STEEL,SA403,304/304L,,STANDARD,,WELD,,,,,0.9,6\\ X 4\\ STD CONCENTRIC WELD REDUCER SA403 304/304L,,,,,,,,216,916.7267651,"6"" X 4"" STD CONCENTRIC WELD REDUCER, SA403 304/304L","H32016 RED#CON.-WELD.6X4*SCH40S/SCH40S,ASTM A403","H32016 RED CON.-WELD.6X4*SCH40S/SCH40S,ASTM A403",fitting,concentric_reducer,6.0,4.0,,stainless_steel,A403,,,40S,40S,welded,,BW,,,0.9,"H32016 RED CON.-WELD.6X4*SCH40S/SCH40S,ASTM A403"
"H23242 FL1.5,150,WN,RF,S40S,A-182-F304H",IFWN4H010101S,"1"" 150# RF WELD NECK FLANGE STD BORE, SA182-F304H",IFWN4H010101S,"1"" 150# RF WELD NECK FLANGE STD BORE, SA182-F304H",FLANGE,WELD NECK,1.0,,,STAINLESS STEEL,SA182,F304H,150,STD,,,RAISED FACE,,,STD BORE,0.9,1\\ 150# RF WELD NECK FLANGE STD BORE SA182-F304H,,,,,,,,1132,920.7697255,"1"" 150# RF WELD NECK FLANGE STD BORE, SA182-F304H","H23242 FL1.5,150,WN,RF,S40S,A-182-F304H","H23242 FL1.5,150,WN,RF,S40S,A-182-F304H",flange,weld_neck,1.5,,,stainless_steel,A182,F304H,150,40S,,,raised_face,,,,1.0,"H23242 FL1.5,150,WN,RF,S40S,A-182-F304H"
"H05617 PI8-S10S,WLD,ASTM A312TP304/304L",IPE408001,"8"" S-10S .148W WELDED SA312 TP304/304L",IPE408001,"8"" S-10S .148W WELDED SA312 TP304/304L",PIPE,WELDED,8.0,,,STAINLESS STEEL,SA312,TP304/304L,,10S,,WELDED,,,,.148W,0.9,8\\ S-10S .148W WELDED SA312 TP304/304L,,,,,,,,96,924.7408957,"8"" S-10S .148W WELDED SA312 TP304/304L","H05617 PI8-S10S,WLD,ASTM A312TP304/304L","H05617 PI8-S10S,WLD,ASTM A312TP1.0L",pipe,welded,8.0,,,stainless_steel,A312,TP316L,,S10,,welded,,,,,0.8,"H05617 PI8-S10S,WLD,ASTM A312TP1.0L"
"11100805-FLG,WN,RF,6,600#,S120-SA-105N",FWN06060112PPI,"6"" 600# RF WELD NECK FLANGE S-120 BORE, SA105N-FGP",FWN06060112PPI,"6"" 600# RF WELD NECK FLANGE S-120 BORE, SA105N-FGP",FLANGE,WELD NECK,6.0,,,CARBON STEEL,A105,N,600,,,,RAISED FACE,,,S-120 BORE FGP,0.9,6\\ 600# RF WELD NECK FLANGE S-120 BORE SA105N-FGP,,,,,,,,332,928.3371048,"6"" 600# RF WELD NECK FLANGE S-120 BORE, SA105N-FGP","11100805-FLG,WN,RF,6,600#,S120-SA-105N","11100805-FLG,WN,RF,6,600 ,S120-SA-105N",flange,weld_neck,6.0,,,carbon_steel,A105,N,600,120,,,raised_face,,,,1.0,"11100805-FLG,WN,RF,6,600 ,S120-SA-105N"
"10-150RFBL-FLG,BL,RF,10,150#-SA-105",FBD011001,"10"" 150# RF BLIND FLANGE, SA105N-FGP",FBD011001,"10"" 150# RF BLIND FLANGE, SA105N-FGP",FLANGE,BLIND,10.0,,,CARBON STEEL,A105,N,150,,,,RAISED FACE,,,FGP,0.9,10\\ 150# RF BLIND FLANGE SA105N-FGP,,,,,,,,1030,932.313652,"10"" 150# RF BLIND FLANGE, SA105N-FGP","10-150RFBL-FLG,BL,RF,10,150#-SA-105","10-150RFBL-FLG,BL,RF,10,150 -SA-105",flange,blind,10.0,,,carbon_steel,A105,,150,,,,raised_face,,,,1.0,"10-150RFBL-FLG,BL,RF,10,150 -SA-105"
"3"" X 4"" Sch. Std Wall Concentric Reducer A234 Fr. WPB",ISWCO040030S,"4"" x 3"" STD CONCENTRIC WELD REDUCER, SA234-WPB",ISWCO040030S,"4"" x 3"" STD CONCENTRIC WELD REDUCER, SA234-WPB",FITTING,CONCENTRIC REDUCER,4.0,3,,CARBON STEEL,SA234,WPB,,STANDARD,,WELDED,,,,,0.9,4\\ x 3\\ STD CONCENTRIC WELD REDUCER SA234-WPB,,,,,,,,424,937.6259254,"4"" x 3"" STD CONCENTRIC WELD REDUCER, SA234-WPB","3"" X 4"" Sch. Std Wall Concentric Reducer A234 Fr. WPB","3"" X 4"" SCH. STD WALL CONCENTRIC REDUCER A234 FR. WPB",fitting,concentric_reducer,3.0,4.0,,carbon_steel,A234,WPB,,standard,,,,,,,0.9,"3"" X 4"" SCH. STD WALL CONCENTRIC REDUCER A234 FR. WPB"
"2"" XXS 600# RF A105 WN B16.5 FLANGES",FWN060201XXBTX,"2"" 600# RF WELD NECK FLANGE XXH BORE, SA105N",FWN060201XXBTX,"2"" 600# RF WELD NECK FLANGE XXH BORE, SA105N",FLANGE,WELD NECK,2.0,,,CARBON STEEL,A105,N,600,XXH,,,RAISED FACE,,,,0.9,2\\ 600# RF WELD NECK FLANGE XXH BORE SA105N,,,,,,,,812,942.4788663,"2"" 600# RF WELD NECK FLANGE XXH BORE, SA105N","2"" XXS 600# RF A105 WN B16.5 FLANGES","2"" XXS 600 RF A105 WN B16.5 FLANGES",flange,weld_neck,2.0,,,carbon_steel,A105,,600,XXS,,,raised_face,,,B16.5,1.0,"2"" XXS 600 RF A105 WN B16.5 FLANGES"
"FLG,LWN,RF,10,300#,13""LG-FLG,LWN,RF,10,300#,13""LG-SA-105N",FLWN03100114,"10"" 300# RF LONG WELD NECK x 14"" LG, SA105N-FGP/SA350LF2-FGP",FLWN03100114,"10"" 300# RF LONG WELD NECK x 14"" LG, SA105N-FGP/SA350LF2-FGP",FLANGE,WELD NECK,10.0,,14,CARBON STEEL,SA105N,FGP,300,,,LONG,RAISED FACE,,,SA350LF2-FGP,0.9,10\\ 300# RF LONG WELD NECK x 14\\ LG SA105N-FGP/SA350LF2-FGP,,,,,,,,1002,946.5684526,"10"" 300# RF LONG WELD NECK x 14"" LG, SA105N-FGP/SA350LF2-FGP","FLG,LWN,RF,10,300#,13""LG-FLG,LWN,RF,10,300#,13""LG-SA-105N","FLG,LWN,RF,10,300 ,13 INCHLG-FLG,LWN,RF,10,300 ,13 INCHLG-SA-105N",flange,weld_neck,10.0,,13.0,carbon_steel,A105,N,300,,,,raised_face,,,,0.9,"FLG,LWN,RF,10,300 ,13 INCHLG-FLG,LWN,RF,10,300 ,13 INCHLG-SA-105N"
"933798 TEE STR, SMLS,8 X 8 * STD/STD, ASTM A234 GR,WPB",IWTE080SVT,"8"" STD WELD TEE, SA234-WPB (VIETNAM)",IWTE080SVT,"8"" STD WELD TEE, SA234-WPB (VIETNAM)",FITTING,TEE,8.0,,,CARBON STEEL,A234,WPB,,STANDARD,,WELDED,,,,(VIETNAM),0.9,8\\ STD WELD TEE SA234-WPB (VIETNAM),,,,,,,,38,955.3349561,"8"" STD WELD TEE, SA234-WPB (VIETNAM)","933798 TEE STR, SMLS,8 X 8 * STD/STD, ASTM A234 GR,WPB","933798 TEE STR, SMLS,8 X 8 * STD/STD, ASTM A234 GR,WPB",fitting,straight_tee,8.0,8.0,,carbon_steel,A234,WPB,,standard,standard,seamless,,,,,0.9,"933798 TEE STR, SMLS,8 X 8 * STD/STD, ASTM A234 GR,WPB"
"J75513 EL6,90,SR,SCH40S,SMLS,ASTM A403 GR.WP304L",IWS94060S,"6"" STD SR 90° WELD ELL, SA403-WP304L",IWS94060S,"6"" STD SR 90° WELD ELL, SA403-WP304L",FITTING,SHORT RADIUS 90 ELBOW,6.0,,,STAINLESS STEEL,SA403,WP304L,,STANDARD,,,BUTT WELD,BUTT WELD,,,0.9,6\\ STD SR 90° WELD ELL SA403-WP304L,,,,,,,,222,959.3419763,"6"" STD SR 90° WELD ELL, SA403-WP304L","J75513 EL6,90,SR,SCH40S,SMLS,ASTM A403 GR.WP304L","J75513 EL6,90,SR,SCH40S,SMLS,ASTM A403 GR.WP304L",fitting,90_degree_elbow_sr,6.0,,,stainless_steel,ASTM A403,WP304L,,40S,,SMLS,,,,,1.0,"J75513 EL6,90,SR,SCH40S,SMLS,ASTM A403 GR.WP304L"
"18"" 300# RFWN Flange S/60 Bore A/SA350-LF2 Cl. 1",FWNL011801S,"18"" 150# RF WELD NECK FLANGE STD BORE, SA350-LF2 CL1",FWNL011801S,"18"" 150# RF WELD NECK FLANGE STD BORE, SA350-LF2 CL1",FLANGE,WELD NECK,18.0,,,CARBON STEEL,SA350,LF2,150,STD,,,RAISED FACE,,,CL1,0.9,18\\ 150# RF WELD NECK FLANGE STD BORE SA350-LF2 CL1,,,,,,,,870,966.3961694,"18"" 150# RF WELD NECK FLANGE STD BORE, SA350-LF2 CL1","18"" 300# RFWN Flange S/60 Bore A/SA350-LF2 Cl. 1","18"" 300 RFWN FLANGE S/60 BORE A/SA350-LF2 CL. 1",flange,weld_neck,18.0,,,carbon_steel,A350,LF2,300,60,,,raised_face,,,CL. 1,1.0,"18"" 300 RFWN FLANGE S/60 BORE A/SA350-LF2 CL. 1"
"8-LR45X-ELBOW,LR45,8,XH",IWL4080XA,"8"" XH LR 45°WELD ELL, SA234-WPB",IWL4080XA,"8"" XH LR 45°WELD ELL, SA234-WPB",FITTING,LONG RADIUS 45 ELBOW,8.0,,,CARBON STEEL,SA234,WPB,,EXTRA HEAVY,,,,BUTT WELD,,,0.9,8\\ XH LR 45°WELD ELL SA234-WPB,,,,,,,,0,973.7441134,"8"" XH LR 45°WELD ELL, SA234-WPB","8-LR45X-ELBOW,LR45,8,XH","8-LR45X-ELBOW,LR45,8,XH",fitting,long_radius_45_elbow,8.0,,,,,,,extra_heavy,,,,,,,0.8,"8-LR45X-ELBOW,LR45,8,XH"
"STD wall ASTM A53 gr. A or B Type F 8""",IPE080STK,"8"" STD .322WAPI-5L GR-B/X42/SA53-B ERW PIPE",IPE080STK,"8"" STD .322WAPI-5L GR-B/X42/SA53-B ERW PIPE",PIPE,ERW PIPE,8.0,,,CARBON STEEL,API-5L,GR-B/X42,,STANDARD,,ERW,,,,SA53-B,0.9,8\\ STD .322WAPI-5L GR-B/X42/SA53-B ERW PIPE,,,,,,,,48,977.1199315,"8"" STD .322WAPI-5L GR-B/X42/SA53-B ERW PIPE","STD wall ASTM A53 gr. A or B Type F 8""","STD WALL ASTM A53 GR. A OR B TYPE F 8""",pipe,pipe,8.0,,,carbon_steel,A53,A/B,,standard,,type_f,,,,,0.9,"STD WALL ASTM A53 GR. A OR B TYPE F 8"""
"H23245 EL1,45,LR,S/40S,A403,GR.WP304L",IWL44010S,"1"" STD LR 45° WELD ELL, A403 WP304/304L",IWL44010S,"1"" STD LR 45° WELD ELL, A403 WP304/304L",FITTING,45 DEGREE LONG RADIUS ELBOW,1.0,,,STAINLESS STEEL,A403,WP304/304L,,STANDARD,,,,BUTT WELD,,,0.9,1\\ STD LR 45° WELD ELL A403 WP304/304L,,,,,,,,1088,983.2327408,"1"" STD LR 45° WELD ELL, A403 WP304/304L","H23245 EL1,45,LR,S/40S,A403,GR.WP304L","H23245 EL1,45,LR,S/40S,A403,GR.WP304L",fitting,long_radius_45_elbow,1.0,,,stainless_steel,A403,WP304L,,40S,,,,,,,0.9,"H23245 EL1,45,LR,S/40S,A403,GR.WP304L"
"11100114-FLG,BL,RF,20"",600#-SA-105N (NORMALIZED)",FBD062001BTX,"20"" 600# RF BLIND FLANGE, SA105N",FBD062001BTX,"20"" 600# RF BLIND FLANGE, SA105N",FLANGE,BLIND,20.0,,,CARBON STEEL,A105,N,600,,,,RF,,,,0.9,20\\ 600# RF BLIND FLANGE SA105N,,,,,,,,774,989.5702739,"20"" 600# RF BLIND FLANGE, SA105N","11100114-FLG,BL,RF,20"",600#-SA-105N (NORMALIZED)","11100114-FLG,BL,RF,20"",600 -SA-105N (NORMALIZED)",flange,blind,20.0,,,carbon_steel,A105,N,600,,,normalized,raised_face,,,,1.0,"11100114-FLG,BL,RF,20"",600 -SA-105N (NORMALIZED)"
"2"" XXS LR WN 90 DEG. A234WPB",WL9020XX,"2"" XXH LR 90° WELD ELL, SA234-WPB",WL9020XX,"2"" XXH LR 90° WELD ELL, SA234-WPB",FITTING,LONG RADIUS 90 ELBOW,2.0,,,CARBON STEEL,SA234,WPB,,XXH,,,BW,BUTT WELD,,,0.9,2\\ XXH LR 90° WELD ELL SA234-WPB,,,,,,,,782,993.256544,"2"" XXH LR 90° WELD ELL, SA234-WPB","2"" XXS LR WN 90 DEG. A234WPB","2"" XXS LR WN 90 DEG. A234WPB",fitting,long_radius_90_elbow,2.0,,,carbon_steel,A234,WPB,,XXS,,,,,,weld_neck,0.9,"2"" XXS LR WN 90 DEG. A234WPB"
"12700032-PIPE,ERW,20,S10-SA-53B",IPE2000142,"20"" S-10 .250w API5L/X42/SA53-B ERW PIPE",IPE2000142,"20"" S-10 .250w API5L/X42/SA53-B ERW PIPE",PIPE,ERW,20.0,,,CARBON STEEL,API5L/SA53-B,X42,,S-10,,ERW,,,,.250W,0.9,20\\ S-10 .250w API5L/X42/SA53-B ERW PIPE,,,,,,,,772,999.4402472,"20"" S-10 .250w API5L/X42/SA53-B ERW PIPE","12700032-PIPE,ERW,20,S10-SA-53B","12700032-PIPE,ERW,20,S10-SA-53B",pipe,erw_pipe,20.0,,,carbon_steel,A53,B,,10,,erw,,,,,0.9,"12700032-PIPE,ERW,20,S10-SA-53B"
"H30452 FL6,150,WN,RF,S10S,ASTM A182,GR. F304/304L",IWCO406004001,"6"" X 4"" S10 CONCENTRIC WELD REDUCER, SA403 304/304L",IWCO406004001,"6"" X 4"" S10 CONCENTRIC WELD REDUCER, SA403 304/304L",FITTING,CONCENTRIC REDUCER,6.0,4,,STAINLESS STEEL,A403,304/304L,,10,,WELD,,,,,0.9,6\\ X 4\\ S10 CONCENTRIC WELD REDUCER SA403 304/304L,,,,,,,,218,1004.7158558,"6"" X 4"" S10 CONCENTRIC WELD REDUCER, SA403 304/304L","H30452 FL6,150,WN,RF,S10S,ASTM A182,GR. F304/304L","H30452 FL6,150,WN,RF,S10S,ASTM A182,GR. F1.0L",flange,weld_neck,6.0,,,stainless_steel,ASTM A182,F1.0L,150,10S,,,raised_face,,,,1.0,"H30452 FL6,150,WN,RF,S10S,ASTM A182,GR. F1.0L"
"STD wall ASTM A53 gr. A or B Type F 6""",IPA060STTR,"6"" STD .280W BLK SA53-B/SA106-B/C SEAMLESS PIPE (SPAIN)",IPA060STTR,"6"" STD .280W BLK SA53-B/SA106-B/C SEAMLESS PIPE (SPAIN)",PIPE,SEAMLESS PIPE,6.0,,,CARBON STEEL,SA53-B/SA106-B/C,,,STANDARD,,SEAMLESS,BLACK,,,SPAIN,0.9,6\\ STD .280W BLK SA53-B/SA106-B/C SEAMLESS PIPE (SPAIN),,,,,,,,232,1010.9346662,"6"" STD .280W BLK SA53-B/SA106-B/C SEAMLESS PIPE (SPAIN)","STD wall ASTM A53 gr. A or B Type F 6""","STD WALL ASTM A53 GR. A OR B TYPE F 6""",pipe,pipe,6.0,,,carbon_steel,A53,A/B,,standard,,type_f,,,,,0.9,"STD WALL ASTM A53 GR. A OR B TYPE F 6"""
"QV2438 RE#CONC.SMLS.10X8,SCH80S/SCH80S,ASTM A403",IWCO610008080S,"10"" x 8"" 80S (.500W)CONCENTRIC WELD REDUCER, 316/L",IWCO610008080S,"10"" x 8"" 80S (.500W)CONCENTRIC WELD REDUCER, 316/L",FITTING,CONCENTRIC REDUCER,10.0,8,,STAINLESS STEEL,,316L,,80S,,WELD,,,,.500W,0.9,10\\ x 8\\ 80S (.500W)CONCENTRIC WELD REDUCER 316/L,,,,,,,,966,1016.3481739,"10"" x 8"" 80S (.500W)CONCENTRIC WELD REDUCER, 316/L","QV2438 RE#CONC.SMLS.10X8,SCH80S/SCH80S,ASTM A403","QV2438 RE CONC.SMLS.10X8,SCH80S/SCH80S,ASTM A403",fitting,concentric_reducer,10.0,8.0,,stainless_steel,A403,,,80S,80S,seamless,,,,,0.9,"QV2438 RE CONC.SMLS.10X8,SCH80S/SCH80S,ASTM A403"
"111008090-FLG,WN,RF,6,900#,XH (S80)-SA-105",FWN090601X,"6"" 900# RF WELD NECK FLANGE XH BORE, SA105N FGP",FWN090601X,"6"" 900# RF WELD NECK FLANGE XH BORE, SA105N FGP",FLANGE,WELD NECK,6.0,,,CARBON STEEL,A105,N,900,XH,,,RF,,,FGP,0.9,6\\ 900# RF WELD NECK FLANGE XH BORE SA105N FGP,,,,,,,,294,1020.7934549,"6"" 900# RF WELD NECK FLANGE XH BORE, SA105N FGP","111008090-FLG,WN,RF,6,900#,XH (S80)-SA-105","111008090-FLG,WN,RF,6,900 ,XH (S80)-SA-105",flange,weld_neck,6.0,,,carbon_steel,A105,,900,XH,,,raised_face,,,,0.9,"111008090-FLG,WN,RF,6,900 ,XH (S80)-SA-105"
"933793 PIPE,8"", STD,SMLS,ASTM A106 GR.B",IPA080STAM,"8"" STD .322W ASTM/ASME/SA53B/API5L/X42/SA106B/C SEAMLESS PIPE",IPA080STAM,"8"" STD .322W ASTM/ASME/SA53B/API5L/X42/SA106B/C SEAMLESS PIPE",PIPE,SEAMLESS PIPE,8.0,,,CARBON STEEL,A53B/A106B,X42,,STANDARD,,SEAMLESS,,,,.322W WALL THICKNESS,0.9,8\\ STD .322W ASTM/ASME/SA53B/API5L/X42/SA106B/C SEAMLESS PIPE,,,,,,,,68,1025.8575274,"8"" STD .322W ASTM/ASME/SA53B/API5L/X42/SA106B/C SEAMLESS PIPE","933793 PIPE,8"", STD,SMLS,ASTM A106 GR.B","933793 PIPE,8"", STD,SMLS,ASTM A106 GR.B",pipe,smls_pipe,8.0,,,carbon_steel,A106,B,,standard,,seamless,,,,,0.9,"933793 PIPE,8"", STD,SMLS,ASTM A106 GR.B"
"1/4"" std A106B min smls or welded",PA002ST,"1/4"" STD .088W BLK SA106-B SEAMLESS PIPE",PA002ST,"1/4"" STD .088W BLK SA106-B SEAMLESS PIPE",PIPE,SEAMLESS,0.25,,,CARBON STEEL,A106,B,,STANDARD,,SEAMLESS,BLACK,,,.088W,0.9,1/4\\ STD .088W BLK SA106-B SEAMLESS PIPE,,,,,,,,1040,1030.8708664,"1/4"" STD .088W BLK SA106-B SEAMLESS PIPE","1/4"" std A106B min smls or welded","0.25"" STD A106B MIN SMLS OR WELDED",pipe,pipe,0.25,,,carbon_steel,A106,B,,standard,,smls_or_welded,,,,MIN,0.9,"0.25"" STD A106B MIN SMLS OR WELDED"
"15000392-ELBOW,LR90,4,S120",KWL904012,"4"" S-120 LR 90° WELD ELL, SA234-WPB",KWL904012,"4"" S-120 LR 90° WELD ELL, SA234-WPB",FITTING,LONG RADIUS 90 ELBOW,4.0,,,CARBON STEEL,SA234,WPB,,120,,,,BUTT WELD,,,0.9,4\\ S-120 LR 90° WELD ELL SA234-WPB,,,,,,,,486,1035.5308855,"4"" S-120 LR 90° WELD ELL, SA234-WPB","15000392-ELBOW,LR90,4,S120","15000392-ELBOW,LR90,4,S120",fitting,lr_90_elbow,4.0,,,,,,,120,,,,,,,0.8,"15000392-ELBOW,LR90,4,S120"
"11100576-FLG,WN,RF,10,600#,XH (S60)-SA-105",FWN061001X,"10"" 600# RF WELD NECK FLANGE XH BORE, SA105N",FWN061001X,"10"" 600# RF WELD NECK FLANGE XH BORE, SA105N",FLANGE,WELD NECK,10.0,,,CARBON STEEL,A105,N,600,XH,,,RAISED FACE,,,,0.9,10\\ 600# RF WELD NECK FLANGE XH BORE SA105N,,,,,,,,1000,1039.5073305,"10"" 600# RF WELD NECK FLANGE XH BORE, SA105N","11100576-FLG,WN,RF,10,600#,XH (S60)-SA-105","11100576-FLG,WN,RF,10,600 ,XH (S60)-SA-105",flange,weld_neck,10.0,,,carbon_steel,A105,,600,extra_heavy,,,raised_face,,,,0.9,"11100576-FLG,WN,RF,10,600 ,XH (S60)-SA-105"
"12700485-PIPE,SMLS,22,S30 (XH)",IPA220XHTA,"22"" XH .500W SA106-B/C API5L/X42 SEAMLESS PIPE",IPA220XHTA,"22"" XH .500W SA106-B/C API5L/X42 SEAMLESS PIPE",PIPE,SEAMLESS PIPE,22.0,,,CARBON STEEL,A106,B/C,,XH,,SEAMLESS,,,,API5L/X42,0.9,22\\ XH .500W SA106-B/C API5L/X42 SEAMLESS PIPE,,,,,,,,744,1043.9904467,"22"" XH .500W SA106-B/C API5L/X42 SEAMLESS PIPE","12700485-PIPE,SMLS,22,S30 (XH)","12700485-PIPE,SMLS,22,S30 (XH)",pipe,smls_pipe,22.0,,,,S30,,,XH,,seamless,,,,,0.8,"12700485-PIPE,SMLS,22,S30 (XH)"
"11100833-FLG,WN,RF,8,600#,XH (S80)-SA-105N",IFWN060801X,"8"" 600# RF WELD NECK FLANGE XH BORE, SA105N",IFWN060801X,"8"" 600# RF WELD NECK FLANGE XH BORE, SA105N",FLANGE,WELD NECK,8.0,,,CARBON STEEL,A105,N,600,XH,,,RAISED FACE,,,XH BORE,0.9,8\\ 600# RF WELD NECK FLANGE XH BORE SA105N,,,,,,,,118,1048.3160699,"8"" 600# RF WELD NECK FLANGE XH BORE, SA105N","11100833-FLG,WN,RF,8,600#,XH (S80)-SA-105N","11100833-FLG,WN,RF,8,600 ,XH (S80)-SA-105N",flange,weld_neck,8.0,,,carbon_steel,A105,N,600,extra_heavy,,,raised_face,,,,1.0,"11100833-FLG,WN,RF,8,600 ,XH (S80)-SA-105N"
"12700565-PIPE,SMLS,4,S120-SA-106B",IPA04012TR,"4"" S-120 .438W BLK SA53-B/ SA106-B/CSEAMLESS PIPE (SPAIN)",IPA04012TR,"4"" S-120 .438W BLK SA53-B/ SA106-B/CSEAMLESS PIPE (SPAIN)",PIPE,SEAMLESS,4.0,,,CARBON STEEL,SA53-B/SA106-B,,,S-120,,SEAMLESS,BLACK,,,.438W,0.9,4\\ S-120 .438W BLK SA53-B/ SA106-B/CSEAMLESS PIPE (SPAIN),,,,,,,,490,1054.1175871,"4"" S-120 .438W BLK SA53-B/ SA106-B/CSEAMLESS PIPE (SPAIN)","12700565-PIPE,SMLS,4,S120-SA-106B","12700565-PIPE,SMLS,4,S120-SA-106B",pipe,seamless_pipe,4.0,,,carbon_steel,A106,B,,120,,seamless,,,,,0.9,"12700565-PIPE,SMLS,4,S120-SA-106B"
"10-150RFWNS-FLG,WN,RF,10,150#,STD-SA-105",FWN011001S8,"10"" 150# RF WELD NECK FLANGE S-80 BORE, SA105N-FGP/LF2",FWN011001S8,"10"" 150# RF WELD NECK FLANGE S-80 BORE, SA105N-FGP/LF2",FLANGE,WELD NECK,10.0,,,CARBON STEEL,A105N,LF2,150,80,,,RAISED FACE,,,FGP,0.9,10\\ 150# RF WELD NECK FLANGE S-80 BORE SA105N-FGP/LF2,,,,,,,,1016,1058.0573937,"10"" 150# RF WELD NECK FLANGE S-80 BORE, SA105N-FGP/LF2","10-150RFWNS-FLG,WN,RF,10,150#,STD-SA-105","10-150RFWNS-FLG,WN,RF,10,150 ,STD-SA-105",flange,weld_neck,10.0,,,carbon_steel,A105,,150,standard,,,raised_face,,,,0.9,"10-150RFWNS-FLG,WN,RF,10,150 ,STD-SA-105"
"11100786-FLG,WN,RF,6,150#,XH (S80)-SA-105N",FWN010601X,"6"" 150# RF WELD NECK FLANGE XH BORE, SA105N-FGP",FWN010601X,"6"" 150# RF WELD NECK FLANGE XH BORE, SA105N-FGP",FLANGE,WELD NECK,6.0,,,CARBON STEEL,A105N,,150,XH,,,RAISED FACE,,,FGP,0.9,6\\ 150# RF WELD NECK FLANGE XH BORE SA105N-FGP,,,,,,,,360,1062.5050613,"6"" 150# RF WELD NECK FLANGE XH BORE, SA105N-FGP","11100786-FLG,WN,RF,6,150#,XH (S80)-SA-105N","11100786-FLG,WN,RF,6,150 ,XH (S80)-SA-105N",flange,weld_neck,6.0,,,carbon_steel,A105,N,150,XH,,,raised_face,,,,0.9,"11100786-FLG,WN,RF,6,150 ,XH (S80)-SA-105N"
"12700321-PIPE,SMLS,10,S160-SA-106B",PA10016,"10"" S-160 1.125W SA106-B SEAMLESS PIPE",PA10016,"10"" S-160 1.125W SA106-B SEAMLESS PIPE",PIPE,SEAMLESS,10.0,,,CARBON STEEL,A106,B,,160,,SEAMLESS,,,,1.125W,0.9,10\\ S-160 1.125W SA106-B SEAMLESS PIPE,,,,,,,,992,1067.5474406,"10"" S-160 1.125W SA106-B SEAMLESS PIPE","12700321-PIPE,SMLS,10,S160-SA-106B","12700321-PIPE,SMLS,10,S160-SA-106B",pipe,seamless_pipe,10.0,,,carbon_steel,SA106,B,,160,,seamless,,,,,0.9,"12700321-PIPE,SMLS,10,S160-SA-106B"
"11100639-FLG,WN,RF,2,600#,S160",FWN06020116PPI,"2"" 600# RF WELD NECK FLANGE S-160 BORE, SA105N-FGP",FWN06020116PPI,"2"" 600# RF WELD NECK FLANGE S-160 BORE, SA105N-FGP",FLANGE,WELD NECK,2.0,,,CARBON STEEL,A105,N,600,160,,,RAISED FACE,,,FGP,0.9,2\\ 600# RF WELD NECK FLANGE S-160 BORE SA105N-FGP,,,,,,,,816,1071.5068084,"2"" 600# RF WELD NECK FLANGE S-160 BORE, SA105N-FGP","11100639-FLG,WN,RF,2,600#,S160","11100639-FLG,WN,RF,2,600 ,S160",flange,weld_neck,2.0,,,carbon_steel,,S160,600,,,,raised_face,,,,0.9,"11100639-FLG,WN,RF,2,600 ,S160"
"12700464-PIPE,SMLS,20,S80",IPA20008AM,"20"" S-80 1.031W BLK SA106-B SEAMLESS PIPE",IPA20008AM,"20"" S-80 1.031W BLK SA106-B SEAMLESS PIPE",PIPE,SEAMLESS PIPE,20.0,,,CARBON STEEL,A106,B,,80,,SEAMLESS,BLACK,,,1.031W,0.9,20\\ S-80 1.031W BLK SA106-B SEAMLESS PIPE,,,,,,,,760,1077.6755168,"20"" S-80 1.031W BLK SA106-B SEAMLESS PIPE","12700464-PIPE,SMLS,20,S80","12700464-PIPE,SMLS,20,S80",pipe,seamless_pipe,20.0,,,,,,,80,,seamless,,,,,0.8,"12700464-PIPE,SMLS,20,S80"
"8-SA106BS-PIPE,SMLS,8,STD (S40)",IPA080ST,"8"" STD .322W BLK SA106-B/SA53-B/API-5L X42 SEAMLESS PIPE",IPA080ST,"8"" STD .322W BLK SA106-B/SA53-B/API-5L X42 SEAMLESS PIPE",PIPE,SEAMLESS PIPE,8.0,,,CARBON STEEL,SA106/SA53/API-5L,B/B/X42,,STANDARD,,SEAMLESS,BLACK,,,.322W WALL THICKNESS,0.9,8\\ STD .322W BLK SA106-B/SA53-B/API-5L X42 SEAMLESS PIPE,,,,,,,,54,1081.8650912,"8"" STD .322W BLK SA106-B/SA53-B/API-5L X42 SEAMLESS PIPE","8-SA106BS-PIPE,SMLS,8,STD (S40)","8-SA106BS-PIPE,SMLS,8,STD (S40)",pipe,seamless_pipe,8.0,,,carbon_steel,A106,B,,standard,,seamless,,,,S40,0.9,"8-SA106BS-PIPE,SMLS,8,STD (S40)"
"11100835-FLG,WN,RF,8,600#,S120",FWN06080110,"8"" 600# RF WELD NECK FLANGE S-100 BORE, SA105N",FWN06080110,"8"" 600# RF WELD NECK FLANGE S-100 BORE, SA105N",FLANGE,WELD NECK,8.0,,,CARBON STEEL,A105,N,600,,,,RAISED FACE,,,S-100 BORE,0.9,8\\ 600# RF WELD NECK FLANGE S-100 BORE SA105N,,,,,,,,126,1086.6510756,"8"" 600# RF WELD NECK FLANGE S-100 BORE, SA105N","11100835-FLG,WN,RF,8,600#,S120","11100835-FLG,WN,RF,8,600 ,S120",flange,weld_neck,8.0,,,,,,600,120,,,raised_face,,,,0.9,"11100835-FLG,WN,RF,8,600,S120"
"2"" XXS LR WN 90 DEG. A234WPB",WWL9020XX,"2"" XXH LR 90° WELD ELL SA234-WPB",WWL9020XX,"2"" XXH LR 90° WELD ELL SA234-WPB",FITTING,LONG RADIUS 90 ELBOW,2.0,,,CARBON STEEL,SA234,WPB,,XXH,,,,BW,,,0.9,2\\ XXH LR 90° WELD ELL SA234-WPB,,,,,,,,790,1092.2802084,"2"" XXH LR 90° WELD ELL SA234-WPB","2"" XXS LR WN 90 DEG. A234WPB","2"" XXS LR WN 90 DEG. A234WPB",fitting,long_radius_90_elbow,2.0,,,carbon_steel,A234,WPB,,XXS,,,weld_neck,,,,0.9,"2"" XXS LR WN 90 DEG. A234WPB"
"12700615-PIPE,SMLS,6,S120-SA-106B",IPA06016TR,"6"" S-160 .719W SA106-B/C SEAMLESS PIPE (SPAIN)",IPA06016TR,"6"" S-160 .719W SA106-B/C SEAMLESS PIPE (SPAIN)",PIPE,SEAMLESS PIPE,6.0,,,CARBON STEEL,A106,B/C,,160,,SEAMLESS,,,,(SPAIN),0.9,6\\ S-160 .719W SA106-B/C SEAMLESS PIPE (SPAIN),,,,,,,,268,1096.6278321,"6"" S-160 .719W SA106-B/C SEAMLESS PIPE (SPAIN)","12700615-PIPE,SMLS,6,S120-SA-106B","12700615-PIPE,SMLS,6,S120-SA-106B",pipe,seamless,6.0,,,carbon_steel,A106,B,,120,,seamless,,,,,0.9,"12700615-PIPE,SMLS,6,S120-SA-106B"
"H29955 EL1,90, SW,CL.3000,ASTM A182 GR.F304/304L",IM3S49E010,"1"" 3000# FS SOCKET WELD 90° ELL, 304Lss",IM3S49E010,"1"" 3000# FS SOCKET WELD 90° ELL, 304Lss",FITTING,90 DEGREE ELBOW,1.0,,,STAINLESS STEEL,,304L,3000,FORGED,,,,SOCKET WELD,,,0.9,1\\ 3000# FS SOCKET WELD 90° ELL 304Lss,,,,,,,,1114,1100.2013844,"1"" 3000# FS SOCKET WELD 90° ELL, 304Lss","H29955 EL1,90, SW,CL.3000,ASTM A182 GR.F304/304L","H29955 EL1,90, SW,CL.3000,ASTM A182 GR.F1.0L",fitting,90_elbow,1.0,,,stainless_steel,A182,F1.0L,3000,,,,,socket_weld,,,0.9,"H29955 EL1,90, SW,CL.3000,ASTM A182 GR.F1.0L"
"1"" 300# RFSW Flange S/80 Bore A/SA105",IFSW030101XGB,"1"" 300# RFSOCKET WELD FLANGE XH BORE, SA105N (GELDBACH)",IFSW030101XGB,"1"" 300# RFSOCKET WELD FLANGE XH BORE, SA105N (GELDBACH)",FLANGE,SOCKET WELD,1.0,,,CARBON STEEL,A105,N,300,XH,,,RAISED FACE,SOCKET WELD,,GELDBACH,0.9,1\\ 300# RFSOCKET WELD FLANGE XH BORE SA105N (GELDBACH),,,,,,,,1118,1104.5988547,"1"" 300# RFSOCKET WELD FLANGE XH BORE, SA105N (GELDBACH)","1"" 300# RFSW Flange S/80 Bore A/SA105","1"" 300 RFSW FLANGE S/80 BORE A/SA105",flange,raised_face_socket_weld,1.0,,,carbon_steel,A105,,300,80,,,raised_face,socket_weld,,,0.9,"1"" 300 RFSW FLANGE S/80 BORE A/SA105"
"GX1220 FL8,150,WN,RF,STD,ASTM A105N",IFWN010801S,"8"" 150# RF WELD NECK FLANGE STD BORE, SA105",IFWN010801S,"8"" 150# RF WELD NECK FLANGE STD BORE, SA105",FLANGE,WELD NECK,8.0,,,CARBON STEEL,A105,,150,STD,,,RAISED FACE,,,STANDARD BORE,0.9,8\\ 150# RF WELD NECK FLANGE STD BORE SA105,,,,,,,,158,1109.4054849,"8"" 150# RF WELD NECK FLANGE STD BORE, SA105","GX1220 FL8,150,WN,RF,STD,ASTM A105N","GX1220 FL8,150,WN,RF,STD,ASTM A105N",flange,weld_neck,8.0,,,carbon_steel,A105,N,150,standard,,,raised_face,,,GX1220,1.0,"GX1220 FL8,150,WN,RF,STD,ASTM A105N"
"1"" 300# RFSW Flange S/80 Bore A/SA105",FSW030101XBTX,"1"" 300# RF SOCKET WELD FLANGE XH BORE, SA105",FSW030101XBTX,"1"" 300# RF SOCKET WELD FLANGE XH BORE, SA105",FLANGE,SOCKET WELD,1.0,,,CARBON STEEL,A105,,300,XH,,,RAISED FACE,SOCKET WELD,,XH BORE,0.9,1\\ 300# RF SOCKET WELD FLANGE XH BORE SA105,,,,,,,,1124,1116.3531894,"1"" 300# RF SOCKET WELD FLANGE XH BORE, SA105","1"" 300# RFSW Flange S/80 Bore A/SA105","1"" 300 RFSW FLANGE S/80 BORE A/SA105",flange,socket_weld,1.0,,,carbon_steel,A105,,300,80,,,raised_face,socket_weld,,,0.9,"1"" 300 RFSW FLANGE S/80 BORE A/SA105"
"8"" Sch 40 A106B smls",IPA080STTM,"8"" STD .322W ASTM/ASME/SA53B/API5L/X42/SA106B/C SEAMLESS PIPE",IPA080STTM,"8"" STD .322W ASTM/ASME/SA53B/API5L/X42/SA106B/C SEAMLESS PIPE",PIPE,SEAMLESS PIPE,8.0,,,CARBON STEEL,A53B/A106B/API5L,X42,,STANDARD,,SEAMLESS,PLAIN END,,,.322W WALL THICKNESS,0.9,8\\ STD .322W ASTM/ASME/SA53B/API5L/X42/SA106B/C SEAMLESS PIPE,,,,,,,,62,1122.4920779,"8"" STD .322W ASTM/ASME/SA53B/API5L/X42/SA106B/C SEAMLESS PIPE","8"" Sch 40 A106B smls","8"" SCH 40 A106B SMLS",pipe,seamless_pipe,8.0,,,carbon_steel,A106,B,,40,,seamless,,,,,1.0,"8"" SCH 40 A106B SMLS"
"8-LR45S-ELBOW,LR45,8,STD-SA-234-WPB",IWL4080STM,"8"" STD LR 45°WELD ELL, SA234-WPB",IWL4080STM,"8"" STD LR 45°WELD ELL, SA234-WPB",FITTING,LONG RADIUS 45 ELBOW,8.0,,,CARBON STEEL,SA234,WPB,,STANDARD,,,,BUTT WELD,,,0.9,8\\ STD LR 45°WELD ELL SA234-WPB,,,,,,,,42,1130.1441014,"8"" STD LR 45°WELD ELL, SA234-WPB","8-LR45S-ELBOW,LR45,8,STD-SA-234-WPB","8-LR45S-ELBOW,LR45,8,STD-SA-234-WPB",fitting,long_radius_45_elbow,8.0,,,carbon_steel,A234,WPB,,standard,,,,,,,0.9,"8-LR45S-ELBOW,LR45,8,STD-SA-234-WPB"
"6-LR45X-ELBOW,LR45,6,XH-SA-234-WPB",IWL4060X,"6"" XH LR 45°WELD ELL, SA234-WPB (MALAYSIA)",IWL4060X,"6"" XH LR 45°WELD ELL, SA234-WPB (MALAYSIA)",FITTING,LONG RADIUS 45 ELBOW,6.0,,,CARBON STEEL,SA234,WPB,,EXTRA HEAVY,,,BUTT WELD,BW,,MALAYSIA,0.9,6\\ XH LR 45°WELD ELL SA234-WPB (MALAYSIA),,,,,,,,184,1133.8058508,"6"" XH LR 45°WELD ELL, SA234-WPB (MALAYSIA)","6-LR45X-ELBOW,LR45,6,XH-SA-234-WPB","6-LR45X-ELBOW,LR45,6,XH-SA-234-WPB",fitting,long_radius_45_elbow,6.0,,,carbon_steel,A234,WPB,,extra_heavy,,,,,,,0.9,"6-LR45X-ELBOW,LR45,6,XH-SA-234-WPB"
"12700573-PIPE,SMLS,4,XXH, Gr C-SA-106C",PA040XX,"4"" XXH .674W BLK SA106-B SEAMLESS PIPE !*! CHECK BEFORE SELLING !*!",PA040XX,"4"" XXH .674W BLK SA106-B SEAMLESS PIPE !*! CHECK BEFORE SELLING !*!",PIPE,SEAMLESS PIPE,4.0,,,CARBON STEEL,A106,B,,XXH,,SEAMLESS,BLACK,,,CHECK BEFORE SELLING,0.9,4\\ XXH .674W BLK SA106-B SEAMLESS PIPE !*! CHECK BEFORE SELLING !*!,,,,,,,,382,1138.2009284,"4"" XXH .674W BLK SA106-B SEAMLESS PIPE !*! CHECK BEFORE SELLING !*!","12700573-PIPE,SMLS,4,XXH, Gr C-SA-106C","12700573-PIPE,SMLS,4,XXH, GR C-SA-106C",pipe,seamless_pipe,4.0,,,carbon_steel,A106,C,,xxh,,seamless,,,,,0.9,"12700573-PIPE,SMLS,4,XXH, GR C-SA-106C"
"12700633-PIPE,SMLS,8,S120-SA-106B",IPA08012A,"8"" S-120 .719W BLK SA106-B/C API5L/X42 SEAMLESS PIPE",IPA08012A,"8"" S-120 .719W BLK SA106-B/C API5L/X42 SEAMLESS PIPE",PIPE,SEAMLESS PIPE,8.0,,,CARBON STEEL,A106,B/C,,120,,SEAMLESS,BLACK,,,API5L/X42,0.9,8\\ S-120 .719W BLK SA106-B/C API5L/X42 SEAMLESS PIPE,,,,,,,,88,1142.5969879,"8"" S-120 .719W BLK SA106-B/C API5L/X42 SEAMLESS PIPE","12700633-PIPE,SMLS,8,S120-SA-106B","12700633-PIPE,SMLS,8,S120-SA-106B",pipe,seamless_pipe,8.0,,,carbon_steel,SA-106,B,,120,,seamless,,,,,0.9,"12700633-PIPE,SMLS,8,S120-SA-106B"
"6"" Sch 40 A53B ERW",IPE060ST,"6"" STD .280W BLK SA53-B ERW PIPE",IPE060ST,"6"" STD .280W BLK SA53-B ERW PIPE",PIPE,ERW PIPE,6.0,,,CARBON STEEL,A53,B,,STANDARD,,ERW,BLACK,,,.280W,0.9,6\\ STD .280W BLK SA53-B ERW PIPE,,,,,,,,236,1148.952547,"6"" STD .280W BLK SA53-B ERW PIPE","6"" Sch 40 A53B ERW","6"" SCH 40 A53B ERW",pipe,erw_pipe,6.0,,,carbon_steel,A53,B,,40,,ERW,,,,,1.0,"6"" SCH 40 A53B ERW"
"15000155-ELBOW,LR45,2,S160",IWL402016A,"2"" S-160 LR 45°WELD ELL, SA234-WPB",IWL402016A,"2"" S-160 LR 45°WELD ELL, SA234-WPB",FITTING,LONG RADIUS 45 ELBOW,2.0,,,CARBON STEEL,SA234,WPB,,160,,,BW,BUTT WELD,,,0.9,2\\ S-160 LR 45°WELD ELL SA234-WPB,,,,,,,,802,1153.5512019,"2"" S-160 LR 45°WELD ELL, SA234-WPB","15000155-ELBOW,LR45,2,S160","15000155-ELBOW,LR45,2,S160",fitting,long_radius_45_elbow,2.0,,,,,,,160,,,,,,,0.8,"15000155-ELBOW,LR45,2,S160"
"11100653FLG,WN,RF,10,150#,S160-SA-105N",FWN01100116PPI,"10"" 150# RF WELD NECK FLANGE S-160 BORE, SA105N-FGP",FWN01100116PPI,"10"" 150# RF WELD NECK FLANGE S-160 BORE, SA105N-FGP",FLANGE,WELD NECK,10.0,,,CARBON STEEL,A105,N,150,160,,,RAISED FACE,,,FGP,0.9,10\\ 150# RF WELD NECK FLANGE S-160 BORE SA105N-FGP,,,,,,,,1018,1157.0662564,"10"" 150# RF WELD NECK FLANGE S-160 BORE, SA105N-FGP","11100653FLG,WN,RF,10,150#,S160-SA-105N","11100653FLG,WN,RF,10,150 ,S160-SA-105N",flange,weld_neck,10.0,,,carbon_steel,A105,N,150,160,,,raised_face,,,,0.9,"11100653FLG,WN,RF,10,150 ,S160-SA-105N"
"11100566-FLG,WN,RF,12,150#,XH-SA-105N",FWN011201X,"12"" 150# RF WELD NECK FLANGE XH BORE, SA105N-FGP/SA 350 LF2 CL1",FWN011201X,"12"" 150# RF WELD NECK FLANGE XH BORE, SA105N-FGP/SA 350 LF2 CL1",FLANGE,WELD NECK,12.0,,,CARBON STEEL,SA105N,LF2,150,XH,,,RAISED FACE,,,CL1,0.9,12\\ 150# RF WELD NECK FLANGE XH BORE SA105N-FGP/SA 350 LF2 CL1,,,,,,,,910,1165.8618259,"12"" 150# RF WELD NECK FLANGE XH BORE, SA105N-FGP/SA 350 LF2 CL1","11100566-FLG,WN,RF,12,150#,XH-SA-105N","11100566-FLG,WN,RF,12,150 ,XH-SA-105N",flange,weld_neck,12.0,,,carbon_steel,A105,N,150,XH,,,raised_face,,,,1.0,"11100566-FLG,WN,RF,12,150 ,XH-SA-105N"
"4-LR90S-ELBOW,LR90,4,STD-SA-234-WPB",IWL9040S,"4"" STD LR 90° WELD ELL, SA234-WPB",IWL9040S,"4"" STD LR 90° WELD ELL, SA234-WPB",FITTING,LONG RADIUS 90 ELBOW,4.0,,,CARBON STEEL,SA234,WPB,,STANDARD,,,,BUTT WELD,,,0.9,4\\ STD LR 90° WELD ELL SA234-WPB,,,,,,,,438,1171.1814272,"4"" STD LR 90° WELD ELL, SA234-WPB","4-LR90S-ELBOW,LR90,4,STD-SA-234-WPB","4-LR90S-ELBOW,LR90,4,STD-SA-234-WPB",fitting,long_radius_90_elbow,4.0,,,carbon_steel,SA234,WPB,,standard,,,,,,,0.9,"4-LR90S-ELBOW,LR90,4,STD-SA-234-WPB"
"H05610 PI3-10S,WELDED,ASTM A312 GR.TP304/304L",IPE403001,"3"" S-10S .120W WELDED SA312 TP304/304L",IPE403001,"3"" S-10S .120W WELDED SA312 TP304/304L",PIPE,WELDED,3.0,,,STAINLESS STEEL,SA312,TP304/304L,,10S,,WELDED,,,,.120W,0.9,3\\ S-10S .120W WELDED SA312 TP304/304L,,,,,,,,692,1181.6432033,"3"" S-10S .120W WELDED SA312 TP304/304L","H05610 PI3-10S,WELDED,ASTM A312 GR.TP304/304L","H05610 PI3-10S,WELDED,ASTM A312 GR.TP1.0L",pipe,welded,3.0,,10.0,stainless_steel,A312,TP1.0L,,,,welded,,,,,0.8,"H05610 PI3-10S,WELDED,ASTM A312 GR.TP1.0L"
"4"" 300# Lap Joint Flange A/SA105",FLJ030402BTX,"4"" 300# FLAT FACE LAP JOINT FLANGE, SA105",FLJ030402BTX,"4"" 300# FLAT FACE LAP JOINT FLANGE, SA105",FLANGE,LAP JOINT,4.0,,,CARBON STEEL,SA105,,300,,,,FLAT FACE,,,,0.9,4\\ 300# FLAT FACE LAP JOINT FLANGE SA105,,,,,,,,572,1185.3165167,"4"" 300# FLAT FACE LAP JOINT FLANGE, SA105","4"" 300# Lap Joint Flange A/SA105","4"" 300 LAP JOINT FLANGE A/SA105",flange,lap_joint,4.0,,,carbon_steel,A105,,300,,,,,,,,1.0,"4"" 300 LAP JOINT FLANGE A/SA105"
"IR7082 SOCKLET CL3000,CL3000,8X.75*STD/XS,ASTM A105N",M3S007360N,"36"" - 1-1/2"" x 3/4"" 3000# FS SOCKET WELD FLEX-O-LET, SA105N",M3S007360N,"36"" - 1-1/2"" x 3/4"" 3000# FS SOCKET WELD FLEX-O-LET, SA105N",FITTING,FLEXOLET,36.0,1.5,,CARBON STEEL,SA105,N,3000,,,,,SOCKET WELD,,FLEX-O-LET,0.9,36\\ - 1-1/2\\ x 3/4\\ 3000# FS SOCKET WELD FLEX-O-LET SA105N,,,,,,,,590,1191.2179615,"36"" - 1-1/2"" x 3/4"" 3000# FS SOCKET WELD FLEX-O-LET, SA105N","IR7082 SOCKLET CL3000,CL3000,8X.75*STD/XS,ASTM A105N","IR7082 SOCKLET CL3000,CL3000,8X.75*STD/XS,ASTM A105N",fitting,sockolet,8.0,0.75,,carbon_steel,A105,N,3000,standard,extra_strong,,,,,,0.9,"IR7082 SOCKLET CL3000,CL3000,8X.75*STD/XS,ASTM A105N"
"8-XA106BS-PIPE,SMLS,8,XH (S80)",PA080XH,"8"" XH .500w BLK QUAD STENCILED SA106-B SEAMLESS PIPE",PA080XH,"8"" XH .500w BLK QUAD STENCILED SA106-B SEAMLESS PIPE",PIPE,SEAMLESS,8.0,,,CARBON STEEL,A106,B,,XH,,SEAMLESS,BLACK,,,QUAD STENCILED,0.9,8\\ XH .500w BLK QUAD STENCILED SA106-B SEAMLESS PIPE,,,,,,,,10,1195.4337713,"8"" XH .500w BLK QUAD STENCILED SA106-B SEAMLESS PIPE","8-XA106BS-PIPE,SMLS,8,XH (S80)","8-XA106BS-PIPE,SMLS,8,XH (S80)",pipe,smls_pipe,8.0,,,carbon_steel,A106,B,,XH,,seamless,,,,S80,0.9,"8-XA106BS-PIPE,SMLS,8,XH (S80)"
"11100835-FLG,WN,RF,8,600#,S120",FWN06080112,"8"" 600# RF WELD NECK FLANGE S-120 BORE, SA105N FGP/SA 350 LF2",FWN06080112,"8"" 600# RF WELD NECK FLANGE S-120 BORE, SA105N FGP/SA 350 LF2",FLANGE,WELD NECK,8.0,,,CARBON STEEL,SA105N,LF2,600,,,,RAISED FACE,,,S-120 BORE,0.9,8\\ 600# RF WELD NECK FLANGE S-120 BORE SA105N FGP/SA 350 LF2,,,,,,,,124,1200.952696,"8"" 600# RF WELD NECK FLANGE S-120 BORE, SA105N FGP/SA 350 LF2","11100835-FLG,WN,RF,8,600#,S120","11100835-FLG,WN,RF,8,600 ,S120",flange,weld_neck,8.0,,,stainless_steel,,120,600,,,,raised_face,,,,0.9,"11100835-FLG,WN,RF,8,600 ,S120"
"2"" XXS LR WN 90 DEG. A234WPB",KWL9020XX,"2"" XXH LR 90° WELD ELL, SA234-WPB",KWL9020XX,"2"" XXH LR 90° WELD ELL, SA234-WPB",FITTING,LONG RADIUS 90 ELBOW,2.0,,,CARBON STEEL,SA234,WPB,,XXH,,,,BW,,,0.9,2\\ XXH LR 90° WELD ELL SA234-WPB,,,,,,,,784,1204.9299471,"2"" XXH LR 90° WELD ELL, SA234-WPB","2"" XXS LR WN 90 DEG. A234WPB","2"" XXS LR WN 90 DEG. A234WPB",fitting,elbow_90_long_radius,2.0,,,carbon_steel,A234,WPB,,XXS,,,,butt_weld,,weld_neck,0.9,"2"" XXS LR WN 90 DEG. A234WPB"
"1-160A106BS-PIPE,SMLS,1,S160",IPA01016K,"1"" S-160 .250W BLK SA106-B SEAMLESS PIPE",IPA01016K,"1"" S-160 .250W BLK SA106-B SEAMLESS PIPE",PIPE,SEAMLESS,1.0,,,CARBON STEEL,A106,B,,160,,SEAMLESS,BLACK,,,.250W,0.9,1\\ S-160 .250W BLK SA106-B SEAMLESS PIPE,,,,,,,,1102,1209.0003167,"1"" S-160 .250W BLK SA106-B SEAMLESS PIPE","1-160A106BS-PIPE,SMLS,1,S160","1-160A106BS-PIPE,SMLS,1,S160",pipe,seamless_pipe,1.0,,,carbon_steel,A106,B,,160,,seamless,,,,,0.9,"1-160A106BS-PIPE,SMLS,1,S160"
"12700321-PIPE,SMLS,10,S160-SA-106B",IPA10016TM,"10"" S-160 1.125WA53/SA106-B SMLS PIPE",IPA10016TM,"10"" S-160 1.125WA53/SA106-B SMLS PIPE",PIPE,SMLS PIPE,10.0,,,CARBON STEEL,SA106,B,,160,,SEAMLESS,,,,1.125WA53,0.9,10\\ S-160 1.125WA53/SA106-B SMLS PIPE,,,,,,,,990,1215.4648527,"10"" S-160 1.125WA53/SA106-B SMLS PIPE","12700321-PIPE,SMLS,10,S160-SA-106B","12700321-PIPE,SMLS,10,S160-SA-106B",pipe,seamless,10.0,,,carbon_steel,A106,B,,160,,seamless,,,,,0.9,"12700321-PIPE,SMLS,10,S160-SA-106B"
