Grade,,,,,,,,,,,,,,,,,,,,,,,,,,,,,,,,,,,,,,,,,,,,,,,,,,,
356,356AL,356 ALUMINUM,356 ALUM,356-A,356 ALLOY,AL,ALU,ALM,ALUM,ALU MINUM,AL MINUM,AL MIN,A LUMINUM,ALUMNUM,ALLUMINUM,ALUMNIUM,ALUMNM,AL-M,A.L.,ALU.,AL-MN,ALUM PIECE,ALUMIN UNIT,ALU ITEM,ALUM-METAL,ALUMINUM,,,,,,,,,,,,,,,,,,,,,,,,,
6061-T6,6061T6,6061 T6,6061-T 6,6061-T6,ALUMINUM 6061 T6,AL,ALU,ALM,ALUM,ALU MINUM,AL MINUM,AL MIN,A LUMINUM,ALUMNUM,ALLUMINUM,ALUMNIUM,ALUMNM,AL-M,A.L.,ALU.,AL-MN,ALUM PIECE,ALUMIN UNIT,ALU ITEM,ALUM-METAL,ALUMINUM,,,,,,,,,,,,,,,,,,,,,,,,,
A,A,A,A,A,GRADE A,GR A,CARBON STEEL,CS,C.S.,CARB STL,CARBON-STL,C S,CARBON STEEL,C-STL,CARB. STL,CARBONSTEEL,CARBON-STEAL,CARN STL,CRBN STL,C-ST,C/S,CAR-ST,C.S.-STL,CARBON STL,CARB STEEL,C STEEL,C STL,CARBON,,,,,,,,,,,,,,,,,,,,,,,
A55CL12,A55CL12,A55 CL 12,A55 CL12,A55-12,GRADE A55 CLASS 12,CARBON STEEL,CS,C.S.,CARB STL,CARBON-STL,C S,CARBON STEEL,C-STL,CARB. STL,CARBONSTEEL,CARBON-STEAL,CARN STL,CRBN STL,C-ST,C/S,CAR-ST,C.S.-STL,CARBON STL,CARB STEEL,C STEEL,C STL,CARBON,,,,,,,,,,,,,,,,,,,,,,,,
A55CL13,A55CL13,A55 CL 13,A55 CL13,A55-13,GRADE A55 CLASS 13,CARBON STEEL,CS,C.S.,CARB STL,CARBON-STL,C S,CARBON STEEL,C-STL,CARB. STL,CARBONSTEEL,CARBON-STEAL,CARN STL,CRBN STL,C-ST,C/S,CAR-ST,C.S.-STL,CARBON STL,CARB STEEL,C STEEL,C STL,CARBON,,,,,,,,,,,,,,,,,,,,,,,,
B,GRADE B,B,B,B,GRADE B,GR B,CARBON STEEL,CS,C.S.,CARB STL,CARBON-STL,C S,CARBON STEEL,C-STL,CARB. STL,CARBONSTEEL,CARBON-STEAL,CARN STL,CRBN STL,C-ST,C/S,CAR-ST,C.S.-STL,CARBON STL,CARB STEEL,C STEEL,C STL,CARBON,,,,,,,,,,,,,,,,,,,,,,,
B60CL12,B60CL12,B60 CL 12,B60CL 12,B60-12,GRADE B60 CLASS 12,CARBON STEEL,CS,C.S.,CARB STL,CARBON-STL,C S,CARBON STEEL,C-STL,CARB. STL,CARBONSTEEL,CARBON-STEAL,CARN STL,CRBN STL,C-ST,C/S,CAR-ST,C.S.-STL,CARBON STL,CARB STEEL,C STEEL,C STL,CARBON,,,,,,,,,,,,,,,,,,,,,,,,
B60CL13,B60CL13,B60 CL 13,B60CL 13,B60-13,GRADE B60 CLASS 13,CARBON STEEL,CS,C.S.,CARB STL,CARBON-STL,C S,CARBON STEEL,C-STL,CARB. STL,CARBONSTEEL,CARBON-STEAL,CARN STL,CRBN STL,C-ST,C/S,CAR-ST,C.S.-STL,CARBON STL,CARB STEEL,C STEEL,C STL,CARBON,,,,,,,,,,,,,,,,,,,,,,,,
B60CL22,B60CL22,B60 CL 22,B60CL 22,B60-22,GRADE B60 CLASS 22,CARBON STEEL,CS,C.S.,CARB STL,CARBON-STL,C S,CARBON STEEL,C-STL,CARB. STL,CARBONSTEEL,CARBON-STEAL,CARN STL,CRBN STL,C-ST,C/S,CAR-ST,C.S.-STL,CARBON STL,CARB STEEL,C STEEL,C STL,CARBON,,,,,,,,,,,,,,,,,,,,,,,,
B60CL32,B60CL32,B60 CL 32,B60CL 32,B60-32,GRADE B60 CLASS 32,CARBON STEEL,CS,C.S.,CARB STL,CARBON-STL,C S,CARBON STEEL,C-STL,CARB. STL,CARBONSTEEL,CARBON-STEAL,CARN STL,CRBN STL,C-ST,C/S,CAR-ST,C.S.-STL,CARBON STL,CARB STEEL,C STEEL,C STL,CARBON,,,,,,,,,,,,,,,,,,,,,,,,
B65CL22,B65CL22,B65 CL 22,B65CL 22,B65-22,GRADE B65 CLASS 22,CARBON STEEL,CS,C.S.,CARB STL,CARBON-STL,C S,CARBON STEEL,C-STL,CARB. STL,CARBONSTEEL,CARBON-STEAL,CARN STL,CRBN STL,C-ST,C/S,CAR-ST,C.S.-STL,CARBON STL,CARB STEEL,C STEEL,C STL,CARBON,,,,,,,,,,,,,,,,,,,,,,,,
B65CL32,B65CL32,B65 CL 32,B65CL 32,B65-32,GRADE B65 CLASS 32,CARBON STEEL,CS,C.S.,CARB STL,CARBON-STL,C S,CARBON STEEL,C-STL,CARB. STL,CARBONSTEEL,CARBON-STEAL,CARN STL,CRBN STL,C-ST,C/S,CAR-ST,C.S.-STL,CARBON STL,CARB STEEL,C STEEL,C STL,CARBON,,,,,,,,,,,,,,,,,,,,,,,,
B6X42,B6X42,B6 X 42,B6 X42,B6-X42,GRADE B6X42,CARBON STEEL,CS,C.S.,CARB STL,CARBON-STL,C S,CARBON STEEL,C-STL,CARB. STL,CARBONSTEEL,CARBON-STEAL,CARN STL,CRBN STL,C-ST,C/S,CAR-ST,C.S.-STL,CARBON STL,CARB STEEL,C STEEL,C STL,CARBON,,,,,,,,,,,,,,,,,,,,,,,,
B7,B7,B 7,B-7,B-7,ALLOY B7,CARBON STEEL,CS,C.S.,CARB STL,CARBON-STL,C S,CARBON STEEL,C-STL,CARB. STL,CARBONSTEEL,CARBON-STEAL,CARN STL,CRBN STL,C-ST,C/S,CAR-ST,C.S.-STL,CARBON STL,CARB STEEL,C STEEL,C STL,CARBON,,,,,,,,,,,,,,,,,,,,,,,,
B7-2H,B7-2H,B7 2H,B7-2 H,B7-2H,ALLOY B7-2H,CARBON STEEL,CS,C.S.,CARB STL,CARBON-STL,C S,CARBON STEEL,C-STL,CARB. STL,CARBONSTEEL,CARBON-STEAL,CARN STL,CRBN STL,C-ST,C/S,CAR-ST,C.S.-STL,CARBON STL,CARB STEEL,C STEEL,C STL,CARBON,,,,,,,,,,,,,,,,,,,,,,,,
BC,CARBON STEEL,CS,C.S.,CARB STL,CARBON-STL,C S,CARBON STEEL,C-STL,CARB. STL,CARBONSTEEL,CARBON-STEAL,CARN STL,CRBN STL,C-ST,C/S,CAR-ST,C.S.-STL,CARBON STL,CARB STEEL,C STEEL,C STL,CARBON,,,,,,,,,,,,,,,,,,,,,,,,,,,,,
BC16X42,CARBON STEEL,CS,C.S.,CARB STL,CARBON-STL,C S,CARBON STEEL,C-STL,CARB. STL,CARBONSTEEL,CARBON-STEAL,CARN STL,CRBN STL,C-ST,C/S,CAR-ST,C.S.-STL,CARBON STL,CARB STEEL,C STEEL,C STL,CARBON,,,,,,,,,,,,,,,,,,,,,,,,,,,,,
BC6X42,CARBON STEEL,CS,C.S.,CARB STL,CARBON-STL,C S,CARBON STEEL,C-STL,CARB. STL,CARBONSTEEL,CARBON-STEAL,CARN STL,CRBN STL,C-ST,C/S,CAR-ST,C.S.-STL,CARBON STL,CARB STEEL,C STEEL,C STL,CARBON,,,,,,,,,,,,,,,,,,,,,,,,,,,,,
BC6X52,CARBON STEEL,CS,C.S.,CARB STL,CARBON-STL,C S,CARBON STEEL,C-STL,CARB. STL,CARBONSTEEL,CARBON-STEAL,CARN STL,CRBN STL,C-ST,C/S,CAR-ST,C.S.-STL,CARBON STL,CARB STEEL,C STEEL,C STL,CARBON,,,,,,,,,,,,,,,,,,,,,,,,,,,,,
BCX42,CARBON STEEL,CS,C.S.,CARB STL,CARBON-STL,C S,CARBON STEEL,C-STL,CARB. STL,CARBONSTEEL,CARBON-STEAL,CARN STL,CRBN STL,C-ST,C/S,CAR-ST,C.S.-STL,CARBON STL,CARB STEEL,C STEEL,C STL,CARBON,,,,,,,,,,,,,,,,,,,,,,,,,,,,,
BX42,CARBON STEEL,CS,C.S.,CARB STL,CARBON-STL,C S,CARBON STEEL,C-STL,CARB. STL,CARBONSTEEL,CARBON-STEAL,CARN STL,CRBN STL,C-ST,C/S,CAR-ST,C.S.-STL,CARBON STL,CARB STEEL,C STEEL,C STL,CARBON,,,,,,,,,,,,,,,,,,,,,,,,,,,,,
BX42X46,CARBON STEEL,CS,C.S.,CARB STL,CARBON-STL,C S,CARBON STEEL,C-STL,CARB. STL,CARBONSTEEL,CARBON-STEAL,CARN STL,CRBN STL,C-ST,C/S,CAR-ST,C.S.-STL,CARBON STL,CARB STEEL,C STEEL,C STL,CARBON,,,,,,,,,,,,,,,,,,,,,,,,,,,,,
BX42X52,CARBON STEEL,CS,C.S.,CARB STL,CARBON-STL,C S,CARBON STEEL,C-STL,CARB. STL,CARBONSTEEL,CARBON-STEAL,CARN STL,CRBN STL,C-ST,C/S,CAR-ST,C.S.-STL,CARBON STL,CARB STEEL,C STEEL,C STL,CARBON,,,,,,,,,,,,,,,,,,,,,,,,,,,,,
BX46X52,CARBON STEEL,CS,C.S.,CARB STL,CARBON-STL,C S,CARBON STEEL,C-STL,CARB. STL,CARBONSTEEL,CARBON-STEAL,CARN STL,CRBN STL,C-ST,C/S,CAR-ST,C.S.-STL,CARBON STL,CARB STEEL,C STEEL,C STL,CARBON,,,,,,,,,,,,,,,,,,,,,,,,,,,,,
BX52,CARBON STEEL,CS,C.S.,CARB STL,CARBON-STL,C S,CARBON STEEL,C-STL,CARB. STL,CARBONSTEEL,CARBON-STEAL,CARN STL,CRBN STL,C-ST,C/S,CAR-ST,C.S.-STL,CARBON STL,CARB STEEL,C STEEL,C STL,CARBON,,,,,,,,,,,,,,,,,,,,,,,,,,,,,
BX60,CARBON STEEL,CS,C.S.,CARB STL,CARBON-STL,C S,CARBON STEEL,C-STL,CARB. STL,CARBONSTEEL,CARBON-STEAL,CARN STL,CRBN STL,C-ST,C/S,CAR-ST,C.S.-STL,CARBON STL,CARB STEEL,C STEEL,C STL,CARBON,,,,,,,,,,,,,,,,,,,,,,,,,,,,,
C,CARBON STEEL,CS,C.S.,CARB STL,CARBON-STL,C S,CARBON STEEL,C-STL,CARB. STL,CARBONSTEEL,CARBON-STEAL,CARN STL,CRBN STL,C-ST,C/S,CAR-ST,C.S.-STL,CARBON STL,CARB STEEL,C STEEL,C STL,CARBON,,,,,,,,,,,,,,,,,,,,,,,,,,,,,
C60CL11,CARBON STEEL,CS,C.S.,CARB STL,CARBON-STL,C S,CARBON STEEL,C-STL,CARB. STL,CARBONSTEEL,CARBON-STEAL,CARN STL,CRBN STL,C-ST,C/S,CAR-ST,C.S.-STL,CARBON STL,CARB STEEL,C STEEL,C STL,CARBON,,,,,,,,,,,,,,,,,,,,,,,,,,,,,
C60CL12,CARBON STEEL,CS,C.S.,CARB STL,CARBON-STL,C S,CARBON STEEL,C-STL,CARB. STL,CARBONSTEEL,CARBON-STEAL,CARN STL,CRBN STL,C-ST,C/S,CAR-ST,C.S.-STL,CARBON STL,CARB STEEL,C STEEL,C STL,CARBON,,,,,,,,,,,,,,,,,,,,,,,,,,,,,
C60CL13,CARBON STEEL,CS,C.S.,CARB STL,CARBON-STL,C S,CARBON STEEL,C-STL,CARB. STL,CARBONSTEEL,CARBON-STEAL,CARN STL,CRBN STL,C-ST,C/S,CAR-ST,C.S.-STL,CARBON STL,CARB STEEL,C STEEL,C STL,CARBON,,,,,,,,,,,,,,,,,,,,,,,,,,,,,
C60CL21,CARBON STEEL,CS,C.S.,CARB STL,CARBON-STL,C S,CARBON STEEL,C-STL,CARB. STL,CARBONSTEEL,CARBON-STEAL,CARN STL,CRBN STL,C-ST,C/S,CAR-ST,C.S.-STL,CARBON STL,CARB STEEL,C STEEL,C STL,CARBON,,,,,,,,,,,,,,,,,,,,,,,,,,,,,
C60CL22,CARBON STEEL,CS,C.S.,CARB STL,CARBON-STL,C S,CARBON STEEL,C-STL,CARB. STL,CARBONSTEEL,CARBON-STEAL,CARN STL,CRBN STL,C-ST,C/S,CAR-ST,C.S.-STL,CARBON STL,CARB STEEL,C STEEL,C STL,CARBON,,,,,,,,,,,,,,,,,,,,,,,,,,,,,
C60CL32,CARBON STEEL,CS,C.S.,CARB STL,CARBON-STL,C S,CARBON STEEL,C-STL,CARB. STL,CARBONSTEEL,CARBON-STEAL,CARN STL,CRBN STL,C-ST,C/S,CAR-ST,C.S.-STL,CARBON STL,CARB STEEL,C STEEL,C STL,CARBON,,,,,,,,,,,,,,,,,,,,,,,,,,,,,
C60CL42,CARBON STEEL,CS,C.S.,CARB STL,CARBON-STL,C S,CARBON STEEL,C-STL,CARB. STL,CARBONSTEEL,CARBON-STEAL,CARN STL,CRBN STL,C-ST,C/S,CAR-ST,C.S.-STL,CARBON STL,CARB STEEL,C STEEL,C STL,CARBON,,,,,,,,,,,,,,,,,,,,,,,,,,,,,
C65CL12,CARBON STEEL,CS,C.S.,CARB STL,CARBON-STL,C S,CARBON STEEL,C-STL,CARB. STL,CARBONSTEEL,CARBON-STEAL,CARN STL,CRBN STL,C-ST,C/S,CAR-ST,C.S.-STL,CARBON STL,CARB STEEL,C STEEL,C STL,CARBON,,,,,,,,,,,,,,,,,,,,,,,,,,,,,
C65CL13,CARBON STEEL,CS,C.S.,CARB STL,CARBON-STL,C S,CARBON STEEL,C-STL,CARB. STL,CARBONSTEEL,CARBON-STEAL,CARN STL,CRBN STL,C-ST,C/S,CAR-ST,C.S.-STL,CARBON STL,CARB STEEL,C STEEL,C STL,CARBON,,,,,,,,,,,,,,,,,,,,,,,,,,,,,
C65CL22,CARBON STEEL,CS,C.S.,CARB STL,CARBON-STL,C S,CARBON STEEL,C-STL,CARB. STL,CARBONSTEEL,CARBON-STEAL,CARN STL,CRBN STL,C-ST,C/S,CAR-ST,C.S.-STL,CARBON STL,CARB STEEL,C STEEL,C STL,CARBON,,,,,,,,,,,,,,,,,,,,,,,,,,,,,
C65CL23,CARBON STEEL,CS,C.S.,CARB STL,CARBON-STL,C S,CARBON STEEL,C-STL,CARB. STL,CARBONSTEEL,CARBON-STEAL,CARN STL,CRBN STL,C-ST,C/S,CAR-ST,C.S.-STL,CARBON STL,CARB STEEL,C STEEL,C STL,CARBON,,,,,,,,,,,,,,,,,,,,,,,,,,,,,
C65CL32,CARBON STEEL,CS,C.S.,CARB STL,CARBON-STL,C S,CARBON STEEL,C-STL,CARB. STL,CARBONSTEEL,CARBON-STEAL,CARN STL,CRBN STL,C-ST,C/S,CAR-ST,C.S.-STL,CARBON STL,CARB STEEL,C STEEL,C STL,CARBON,,,,,,,,,,,,,,,,,,,,,,,,,,,,,
C65CL33,CARBON STEEL,CS,C.S.,CARB STL,CARBON-STL,C S,CARBON STEEL,C-STL,CARB. STL,CARBONSTEEL,CARBON-STEAL,CARN STL,CRBN STL,C-ST,C/S,CAR-ST,C.S.-STL,CARBON STL,CARB STEEL,C STEEL,C STL,CARBON,,,,,,,,,,,,,,,,,,,,,,,,,,,,,
C70CL12,CARBON STEEL,CS,C.S.,CARB STL,CARBON-STL,C S,CARBON STEEL,C-STL,CARB. STL,CARBONSTEEL,CARBON-STEAL,CARN STL,CRBN STL,C-ST,C/S,CAR-ST,C.S.-STL,CARBON STL,CARB STEEL,C STEEL,C STL,CARBON,,,,,,,,,,,,,,,,,,,,,,,,,,,,,
C70CL13,CARBON STEEL,CS,C.S.,CARB STL,CARBON-STL,C S,CARBON STEEL,C-STL,CARB. STL,CARBONSTEEL,CARBON-STEAL,CARN STL,CRBN STL,C-ST,C/S,CAR-ST,C.S.-STL,CARBON STL,CARB STEEL,C STEEL,C STL,CARBON,,,,,,,,,,,,,,,,,,,,,,,,,,,,,
C70CL21,CARBON STEEL,CS,C.S.,CARB STL,CARBON-STL,C S,CARBON STEEL,C-STL,CARB. STL,CARBONSTEEL,CARBON-STEAL,CARN STL,CRBN STL,C-ST,C/S,CAR-ST,C.S.-STL,CARBON STL,CARB STEEL,C STEEL,C STL,CARBON,,,,,,,,,,,,,,,,,,,,,,,,,,,,,
C70CL22,CARBON STEEL,CS,C.S.,CARB STL,CARBON-STL,C S,CARBON STEEL,C-STL,CARB. STL,CARBONSTEEL,CARBON-STEAL,CARN STL,CRBN STL,C-ST,C/S,CAR-ST,C.S.-STL,CARBON STL,CARB STEEL,C STEEL,C STL,CARBON,,,,,,,,,,,,,,,,,,,,,,,,,,,,,
C70CL23,CARBON STEEL,CS,C.S.,CARB STL,CARBON-STL,C S,CARBON STEEL,C-STL,CARB. STL,CARBONSTEEL,CARBON-STEAL,CARN STL,CRBN STL,C-ST,C/S,CAR-ST,C.S.-STL,CARBON STL,CARB STEEL,C STEEL,C STL,CARBON,,,,,,,,,,,,,,,,,,,,,,,,,,,,,
C70CL32,CARBON STEEL,CS,C.S.,CARB STL,CARBON-STL,C S,CARBON STEEL,C-STL,CARB. STL,CARBONSTEEL,CARBON-STEAL,CARN STL,CRBN STL,C-ST,C/S,CAR-ST,C.S.-STL,CARBON STL,CARB STEEL,C STEEL,C STL,CARBON,,,,,,,,,,,,,,,,,,,,,,,,,,,,,
CC60CL12,CARBON STEEL,CS,C.S.,CARB STL,CARBON-STL,C S,CARBON STEEL,C-STL,CARB. STL,CARBONSTEEL,CARBON-STEAL,CARN STL,CRBN STL,C-ST,C/S,CAR-ST,C.S.-STL,CARBON STL,CARB STEEL,C STEEL,C STL,CARBON,,,,,,,,,,,,,,,,,,,,,,,,,,,,,
CC60CL1222GRBX42,CARBON STEEL,CS,C.S.,CARB STL,CARBON-STL,C S,CARBON STEEL,C-STL,CARB. STL,CARBONSTEEL,CARBON-STEAL,CARN STL,CRBN STL,C-ST,C/S,CAR-ST,C.S.-STL,CARBON STL,CARB STEEL,C STEEL,C STL,CARBON,,,,,,,,,,,,,,,,,,,,,,,,,,,,,
CC60CL13,CARBON STEEL,CS,C.S.,CARB STL,CARBON-STL,C S,CARBON STEEL,C-STL,CARB. STL,CARBONSTEEL,CARBON-STEAL,CARN STL,CRBN STL,C-ST,C/S,CAR-ST,C.S.-STL,CARBON STL,CARB STEEL,C STEEL,C STL,CARBON,,,,,,,,,,,,,,,,,,,,,,,,,,,,,
CC60CL21,CARBON STEEL,CS,C.S.,CARB STL,CARBON-STL,C S,CARBON STEEL,C-STL,CARB. STL,CARBONSTEEL,CARBON-STEAL,CARN STL,CRBN STL,C-ST,C/S,CAR-ST,C.S.-STL,CARBON STL,CARB STEEL,C STEEL,C STL,CARBON,,,,,,,,,,,,,,,,,,,,,,,,,,,,,
CC60CL22,CARBON STEEL,CS,C.S.,CARB STL,CARBON-STL,C S,CARBON STEEL,C-STL,CARB. STL,CARBONSTEEL,CARBON-STEAL,CARN STL,CRBN STL,C-ST,C/S,CAR-ST,C.S.-STL,CARBON STL,CARB STEEL,C STEEL,C STL,CARBON,,,,,,,,,,,,,,,,,,,,,,,,,,,,,
CC60CL23,CARBON STEEL,CS,C.S.,CARB STL,CARBON-STL,C S,CARBON STEEL,C-STL,CARB. STL,CARBONSTEEL,CARBON-STEAL,CARN STL,CRBN STL,C-ST,C/S,CAR-ST,C.S.-STL,CARBON STL,CARB STEEL,C STEEL,C STL,CARBON,,,,,,,,,,,,,,,,,,,,,,,,,,,,,
CC60CL32,CARBON STEEL,CS,C.S.,CARB STL,CARBON-STL,C S,CARBON STEEL,C-STL,CARB. STL,CARBONSTEEL,CARBON-STEAL,CARN STL,CRBN STL,C-ST,C/S,CAR-ST,C.S.-STL,CARBON STL,CARB STEEL,C STEEL,C STL,CARBON,,,,,,,,,,,,,,,,,,,,,,,,,,,,,
CC6570CL122232,CARBON STEEL,CS,C.S.,CARB STL,CARBON-STL,C S,CARBON STEEL,C-STL,CARB. STL,CARBONSTEEL,CARBON-STEAL,CARN STL,CRBN STL,C-ST,C/S,CAR-ST,C.S.-STL,CARBON STL,CARB STEEL,C STEEL,C STL,CARBON,,,,,,,,,,,,,,,,,,,,,,,,,,,,,
CC6570CL22,CARBON STEEL,CS,C.S.,CARB STL,CARBON-STL,C S,CARBON STEEL,C-STL,CARB. STL,CARBONSTEEL,CARBON-STEAL,CARN STL,CRBN STL,C-ST,C/S,CAR-ST,C.S.-STL,CARBON STL,CARB STEEL,C STEEL,C STL,CARBON,,,,,,,,,,,,,,,,,,,,,,,,,,,,,
CC65CL10,CARBON STEEL,CS,C.S.,CARB STL,CARBON-STL,C S,CARBON STEEL,C-STL,CARB. STL,CARBONSTEEL,CARBON-STEAL,CARN STL,CRBN STL,C-ST,C/S,CAR-ST,C.S.-STL,CARBON STL,CARB STEEL,C STEEL,C STL,CARBON,,,,,,,,,,,,,,,,,,,,,,,,,,,,,
CC65CL11,CARBON STEEL,CS,C.S.,CARB STL,CARBON-STL,C S,CARBON STEEL,C-STL,CARB. STL,CARBONSTEEL,CARBON-STEAL,CARN STL,CRBN STL,C-ST,C/S,CAR-ST,C.S.-STL,CARBON STL,CARB STEEL,C STEEL,C STL,CARBON,,,,,,,,,,,,,,,,,,,,,,,,,,,,,
CC65CL12,CARBON STEEL,CS,C.S.,CARB STL,CARBON-STL,C S,CARBON STEEL,C-STL,CARB. STL,CARBONSTEEL,CARBON-STEAL,CARN STL,CRBN STL,C-ST,C/S,CAR-ST,C.S.-STL,CARBON STL,CARB STEEL,C STEEL,C STL,CARBON,,,,,,,,,,,,,,,,,,,,,,,,,,,,,
CC65CL122232,CARBON STEEL,CS,C.S.,CARB STL,CARBON-STL,C S,CARBON STEEL,C-STL,CARB. STL,CARBONSTEEL,CARBON-STEAL,CARN STL,CRBN STL,C-ST,C/S,CAR-ST,C.S.-STL,CARBON STL,CARB STEEL,C STEEL,C STL,CARBON,,,,,,,,,,,,,,,,,,,,,,,,,,,,,
CC65CL22,CARBON STEEL,CS,C.S.,CARB STL,CARBON-STL,C S,CARBON STEEL,C-STL,CARB. STL,CARBONSTEEL,CARBON-STEAL,CARN STL,CRBN STL,C-ST,C/S,CAR-ST,C.S.-STL,CARBON STL,CARB STEEL,C STEEL,C STL,CARBON,,,,,,,,,,,,,,,,,,,,,,,,,,,,,
CC65CL31,CARBON STEEL,CS,C.S.,CARB STL,CARBON-STL,C S,CARBON STEEL,C-STL,CARB. STL,CARBONSTEEL,CARBON-STEAL,CARN STL,CRBN STL,C-ST,C/S,CAR-ST,C.S.-STL,CARBON STL,CARB STEEL,C STEEL,C STL,CARBON,,,,,,,,,,,,,,,,,,,,,,,,,,,,,
CC65CL32,CARBON STEEL,CS,C.S.,CARB STL,CARBON-STL,C S,CARBON STEEL,C-STL,CARB. STL,CARBONSTEEL,CARBON-STEAL,CARN STL,CRBN STL,C-ST,C/S,CAR-ST,C.S.-STL,CARBON STL,CARB STEEL,C STEEL,C STL,CARBON,,,,,,,,,,,,,,,,,,,,,,,,,,,,,
CC70CL11,CARBON STEEL,CS,C.S.,CARB STL,CARBON-STL,C S,CARBON STEEL,C-STL,CARB. STL,CARBONSTEEL,CARBON-STEAL,CARN STL,CRBN STL,C-ST,C/S,CAR-ST,C.S.-STL,CARBON STL,CARB STEEL,C STEEL,C STL,CARBON,,,,,,,,,,,,,,,,,,,,,,,,,,,,,
CC70CL12,CARBON STEEL,CS,C.S.,CARB STL,CARBON-STL,C S,CARBON STEEL,C-STL,CARB. STL,CARBONSTEEL,CARBON-STEAL,CARN STL,CRBN STL,C-ST,C/S,CAR-ST,C.S.-STL,CARBON STL,CARB STEEL,C STEEL,C STL,CARBON,,,,,,,,,,,,,,,,,,,,,,,,,,,,,
CC70CL21,CARBON STEEL,CS,C.S.,CARB STL,CARBON-STL,C S,CARBON STEEL,C-STL,CARB. STL,CARBONSTEEL,CARBON-STEAL,CARN STL,CRBN STL,C-ST,C/S,CAR-ST,C.S.-STL,CARBON STL,CARB STEEL,C STEEL,C STL,CARBON,,,,,,,,,,,,,,,,,,,,,,,,,,,,,
CC70CL22,CARBON STEEL,CS,C.S.,CARB STL,CARBON-STL,C S,CARBON STEEL,C-STL,CARB. STL,CARBONSTEEL,CARBON-STEAL,CARN STL,CRBN STL,C-ST,C/S,CAR-ST,C.S.-STL,CARBON STL,CARB STEEL,C STEEL,C STL,CARBON,,,,,,,,,,,,,,,,,,,,,,,,,,,,,
CC70CL32,CARBON STEEL,CS,C.S.,CARB STL,CARBON-STL,C S,CARBON STEEL,C-STL,CARB. STL,CARBONSTEEL,CARBON-STEAL,CARN STL,CRBN STL,C-ST,C/S,CAR-ST,C.S.-STL,CARBON STL,CARB STEEL,C STEEL,C STL,CARBON,,,,,,,,,,,,,,,,,,,,,,,,,,,,,
F42,CARBON STEEL,CS,C.S.,CARB STL,CARBON-STL,C S,CARBON STEEL,C-STL,CARB. STL,CARBONSTEEL,CARBON-STEAL,CARN STL,CRBN STL,C-ST,C/S,CAR-ST,C.S.-STL,CARBON STL,CARB STEEL,C STEEL,C STL,CARBON,,,,,,,,,,,,,,,,,,,,,,,,,,,,,
F46,CARBON STEEL,CS,C.S.,CARB STL,CARBON-STL,C S,CARBON STEEL,C-STL,CARB. STL,CARBONSTEEL,CARBON-STEAL,CARN STL,CRBN STL,C-ST,C/S,CAR-ST,C.S.-STL,CARBON STL,CARB STEEL,C STEEL,C STL,CARBON,,,,,,,,,,,,,,,,,,,,,,,,,,,,,
F52,CARBON STEEL,CS,C.S.,CARB STL,CARBON-STL,C S,CARBON STEEL,C-STL,CARB. STL,CARBONSTEEL,CARBON-STEAL,CARN STL,CRBN STL,C-ST,C/S,CAR-ST,C.S.-STL,CARBON STL,CARB STEEL,C STEEL,C STL,CARBON,,,,,,,,,,,,,,,,,,,,,,,,,,,,,
F56,CARBON STEEL,CS,C.S.,CARB STL,CARBON-STL,C S,CARBON STEEL,C-STL,CARB. STL,CARBONSTEEL,CARBON-STEAL,CARN STL,CRBN STL,C-ST,C/S,CAR-ST,C.S.-STL,CARBON STL,CARB STEEL,C STEEL,C STL,CARBON,,,,,,,,,,,,,,,,,,,,,,,,,,,,,
F60,CARBON STEEL,CS,C.S.,CARB STL,CARBON-STL,C S,CARBON STEEL,C-STL,CARB. STL,CARBONSTEEL,CARBON-STEAL,CARN STL,CRBN STL,C-ST,C/S,CAR-ST,C.S.-STL,CARBON STL,CARB STEEL,C STEEL,C STL,CARBON,,,,,,,,,,,,,,,,,,,,,,,,,,,,,
F65,CARBON STEEL,CS,C.S.,CARB STL,CARBON-STL,C S,CARBON STEEL,C-STL,CARB. STL,CARBONSTEEL,CARBON-STEAL,CARN STL,CRBN STL,C-ST,C/S,CAR-ST,C.S.-STL,CARBON STL,CARB STEEL,C STEEL,C STL,CARBON,,,,,,,,,,,,,,,,,,,,,,,,,,,,,
F70,CARBON STEEL,CS,C.S.,CARB STL,CARBON-STL,C S,CARBON STEEL,C-STL,CARB. STL,CARBONSTEEL,CARBON-STEAL,CARN STL,CRBN STL,C-ST,C/S,CAR-ST,C.S.-STL,CARBON STL,CARB STEEL,C STEEL,C STL,CARBON,,,,,,,,,,,,,,,,,,,,,,,,,,,,,
LF2F42,CARBON STEEL,CS,C.S.,CARB STL,CARBON-STL,C S,CARBON STEEL,C-STL,CARB. STL,CARBONSTEEL,CARBON-STEAL,CARN STL,CRBN STL,C-ST,C/S,CAR-ST,C.S.-STL,CARBON STL,CARB STEEL,C STEEL,C STL,CARBON,,,,,,,,,,,,,,,,,,,,,,,,,,,,,
NAN,CARBON STEEL,CS,C.S.,CARB STL,CARBON-STL,C S,CARBON STEEL,C-STL,CARB. STL,CARBONSTEEL,CARBON-STEAL,CARN STL,CRBN STL,C-ST,C/S,CAR-ST,C.S.-STL,CARBON STL,CARB STEEL,C STEEL,C STL,CARBON,,,,,,,,,,,,,,,,,,,,,,,,,,,,,
TYPE F,CARBON STEEL,CS,C.S.,CARB STL,CARBON-STL,C S,CARBON STEEL,C-STL,CARB. STL,CARBONSTEEL,CARBON-STEAL,CARN STL,CRBN STL,C-ST,C/S,CAR-ST,C.S.-STL,CARBON STL,CARB STEEL,C STEEL,C STL,CARBON,,,,,,,,,,,,,,,,,,,,,,,,,,,,,
WCB,CARBON STEEL,CS,C.S.,CARB STL,CARBON-STL,C S,CARBON STEEL,C-STL,CARB. STL,CARBONSTEEL,CARBON-STEAL,CARN STL,CRBN STL,C-ST,C/S,CAR-ST,C.S.-STL,CARBON STL,CARB STEEL,C STEEL,C STL,CARBON,,,,,,,,,,,,,,,,,,,,,,,,,,,,,
WCC,CARBON STEEL,CS,C.S.,CARB STL,CARBON-STL,C S,CARBON STEEL,C-STL,CARB. STL,CARBONSTEEL,CARBON-STEAL,CARN STL,CRBN STL,C-ST,C/S,CAR-ST,C.S.-STL,CARBON STL,CARB STEEL,C STEEL,C STL,CARBON,,,,,,,,,,,,,,,,,,,,,,,,,,,,,
WPB,CARBON STEEL,CS,C.S.,CARB STL,CARBON-STL,C S,CARBON STEEL,C-STL,CARB. STL,CARBONSTEEL,CARBON-STEAL,CARN STL,CRBN STL,C-ST,C/S,CAR-ST,C.S.-STL,CARBON STL,CARB STEEL,C STEEL,C STL,CARBON,,,,,,,,,,,,,,,,,,,,,,,,,,,,,
WPB CREQ,CARBON STEEL,CS,C.S.,CARB STL,CARBON-STL,C S,CARBON STEEL,C-STL,CARB. STL,CARBONSTEEL,CARBON-STEAL,CARN STL,CRBN STL,C-ST,C/S,CAR-ST,C.S.-STL,CARBON STL,CARB STEEL,C STEEL,C STL,CARBON,,,,,,,,,,,,,,,,,,,,,,,,,,,,,
WPB HF,CARBON STEEL,CS,C.S.,CARB STL,CARBON-STL,C S,CARBON STEEL,C-STL,CARB. STL,CARBONSTEEL,CARBON-STEAL,CARN STL,CRBN STL,C-ST,C/S,CAR-ST,C.S.-STL,CARBON STL,CARB STEEL,C STEEL,C STL,CARBON,,,,,,,,,,,,,,,,,,,,,,,,,,,,,
WPB HF-N,CARBON STEEL,CS,C.S.,CARB STL,CARBON-STL,C S,CARBON STEEL,C-STL,CARB. STL,CARBONSTEEL,CARBON-STEAL,CARN STL,CRBN STL,C-ST,C/S,CAR-ST,C.S.-STL,CARBON STL,CARB STEEL,C STEEL,C STL,CARBON,,,,,,,,,,,,,,,,,,,,,,,,,,,,,
WPBC,CARBON STEEL,CS,C.S.,CARB STL,CARBON-STL,C S,CARBON STEEL,C-STL,CARB. STL,CARBONSTEEL,CARBON-STEAL,CARN STL,CRBN STL,C-ST,C/S,CAR-ST,C.S.-STL,CARBON STL,CARB STEEL,C STEEL,C STL,CARBON,,,,,,,,,,,,,,,,,,,,,,,,,,,,,
WPC,CARBON STEEL,CS,C.S.,CARB STL,CARBON-STL,C S,CARBON STEEL,C-STL,CARB. STL,CARBONSTEEL,CARBON-STEAL,CARN STL,CRBN STL,C-ST,C/S,CAR-ST,C.S.-STL,CARBON STL,CARB STEEL,C STEEL,C STL,CARBON,,,,,,,,,,,,,,,,,,,,,,,,,,,,,
WPHY42,CARBON STEEL,CS,C.S.,CARB STL,CARBON-STL,C S,CARBON STEEL,C-STL,CARB. STL,CARBONSTEEL,CARBON-STEAL,CARN STL,CRBN STL,C-ST,C/S,CAR-ST,C.S.-STL,CARBON STL,CARB STEEL,C STEEL,C STL,CARBON,,,,,,,,,,,,,,,,,,,,,,,,,,,,,
WPHY46,CARBON STEEL,CS,C.S.,CARB STL,CARBON-STL,C S,CARBON STEEL,C-STL,CARB. STL,CARBONSTEEL,CARBON-STEAL,CARN STL,CRBN STL,C-ST,C/S,CAR-ST,C.S.-STL,CARBON STL,CARB STEEL,C STEEL,C STL,CARBON,,,,,,,,,,,,,,,,,,,,,,,,,,,,,
WPHY52,CARBON STEEL,CS,C.S.,CARB STL,CARBON-STL,C S,CARBON STEEL,C-STL,CARB. STL,CARBONSTEEL,CARBON-STEAL,CARN STL,CRBN STL,C-ST,C/S,CAR-ST,C.S.-STL,CARBON STL,CARB STEEL,C STEEL,C STL,CARBON,,,,,,,,,,,,,,,,,,,,,,,,,,,,,
WPHY526065,CARBON STEEL,CS,C.S.,CARB STL,CARBON-STL,C S,CARBON STEEL,C-STL,CARB. STL,CARBONSTEEL,CARBON-STEAL,CARN STL,CRBN STL,C-ST,C/S,CAR-ST,C.S.-STL,CARBON STL,CARB STEEL,C STEEL,C STL,CARBON,,,,,,,,,,,,,,,,,,,,,,,,,,,,,
WPHY56,CARBON STEEL,CS,C.S.,CARB STL,CARBON-STL,C S,CARBON STEEL,C-STL,CARB. STL,CARBONSTEEL,CARBON-STEAL,CARN STL,CRBN STL,C-ST,C/S,CAR-ST,C.S.-STL,CARBON STL,CARB STEEL,C STEEL,C STL,CARBON,,,,,,,,,,,,,,,,,,,,,,,,,,,,,
WPHY60,CARBON STEEL,CS,C.S.,CARB STL,CARBON-STL,C S,CARBON STEEL,C-STL,CARB. STL,CARBONSTEEL,CARBON-STEAL,CARN STL,CRBN STL,C-ST,C/S,CAR-ST,C.S.-STL,CARBON STL,CARB STEEL,C STEEL,C STL,CARBON,,,,,,,,,,,,,,,,,,,,,,,,,,,,,
WPHY6065,CARBON STEEL,CS,C.S.,CARB STL,CARBON-STL,C S,CARBON STEEL,C-STL,CARB. STL,CARBONSTEEL,CARBON-STEAL,CARN STL,CRBN STL,C-ST,C/S,CAR-ST,C.S.-STL,CARBON STL,CARB STEEL,C STEEL,C STL,CARBON,,,,,,,,,,,,,,,,,,,,,,,,,,,,,
WPHY65,CARBON STEEL,CS,C.S.,CARB STL,CARBON-STL,C S,CARBON STEEL,C-STL,CARB. STL,CARBONSTEEL,CARBON-STEAL,CARN STL,CRBN STL,C-ST,C/S,CAR-ST,C.S.-STL,CARBON STL,CARB STEEL,C STEEL,C STL,CARBON,,,,,,,,,,,,,,,,,,,,,,,,,,,,,
WPHY65WPL6,CARBON STEEL,CS,C.S.,CARB STL,CARBON-STL,C S,CARBON STEEL,C-STL,CARB. STL,CARBONSTEEL,CARBON-STEAL,CARN STL,CRBN STL,C-ST,C/S,CAR-ST,C.S.-STL,CARBON STL,CARB STEEL,C STEEL,C STL,CARBON,,,,,,,,,,,,,,,,,,,,,,,,,,,,,
WPHY70,CARBON STEEL,CS,C.S.,CARB STL,CARBON-STL,C S,CARBON STEEL,C-STL,CARB. STL,CARBONSTEEL,CARBON-STEAL,CARN STL,CRBN STL,C-ST,C/S,CAR-ST,C.S.-STL,CARBON STL,CARB STEEL,C STEEL,C STL,CARBON,,,,,,,,,,,,,,,,,,,,,,,,,,,,,
WPY52606570,CARBON STEEL,CS,C.S.,CARB STL,CARBON-STL,C S,CARBON STEEL,C-STL,CARB. STL,CARBONSTEEL,CARBON-STEAL,CARN STL,CRBN STL,C-ST,C/S,CAR-ST,C.S.-STL,CARBON STL,CARB STEEL,C STEEL,C STL,CARBON,,,,,,,,,,,,,,,,,,,,,,,,,,,,,
X42,CARBON STEEL,CS,C.S.,CARB STL,CARBON-STL,C S,CARBON STEEL,C-STL,CARB. STL,CARBONSTEEL,CARBON-STEAL,CARN STL,CRBN STL,C-ST,C/S,CAR-ST,C.S.-STL,CARBON STL,CARB STEEL,C STEEL,C STL,CARBON,,,,,,,,,,,,,,,,,,,,,,,,,,,,,
X42X52,CARBON STEEL,CS,C.S.,CARB STL,CARBON-STL,C S,CARBON STEEL,C-STL,CARB. STL,CARBONSTEEL,CARBON-STEAL,CARN STL,CRBN STL,C-ST,C/S,CAR-ST,C.S.-STL,CARBON STL,CARB STEEL,C STEEL,C STL,CARBON,,,,,,,,,,,,,,,,,,,,,,,,,,,,,
X46,CARBON STEEL,CS,C.S.,CARB STL,CARBON-STL,C S,CARBON STEEL,C-STL,CARB. STL,CARBONSTEEL,CARBON-STEAL,CARN STL,CRBN STL,C-ST,C/S,CAR-ST,C.S.-STL,CARBON STL,CARB STEEL,C STEEL,C STL,CARBON,,,,,,,,,,,,,,,,,,,,,,,,,,,,,
X46X52,CARBON STEEL,CS,C.S.,CARB STL,CARBON-STL,C S,CARBON STEEL,C-STL,CARB. STL,CARBONSTEEL,CARBON-STEAL,CARN STL,CRBN STL,C-ST,C/S,CAR-ST,C.S.-STL,CARBON STL,CARB STEEL,C STEEL,C STL,CARBON,,,,,,,,,,,,,,,,,,,,,,,,,,,,,
X52,CARBON STEEL,CS,C.S.,CARB STL,CARBON-STL,C S,CARBON STEEL,C-STL,CARB. STL,CARBONSTEEL,CARBON-STEAL,CARN STL,CRBN STL,C-ST,C/S,CAR-ST,C.S.-STL,CARBON STL,CARB STEEL,C STEEL,C STL,CARBON,,,,,,,,,,,,,,,,,,,,,,,,,,,,,
X52X56,CARBON STEEL,CS,C.S.,CARB STL,CARBON-STL,C S,CARBON STEEL,C-STL,CARB. STL,CARBONSTEEL,CARBON-STEAL,CARN STL,CRBN STL,C-ST,C/S,CAR-ST,C.S.-STL,CARBON STL,CARB STEEL,C STEEL,C STL,CARBON,,,,,,,,,,,,,,,,,,,,,,,,,,,,,
X52X60,CARBON STEEL,CS,C.S.,CARB STL,CARBON-STL,C S,CARBON STEEL,C-STL,CARB. STL,CARBONSTEEL,CARBON-STEAL,CARN STL,CRBN STL,C-ST,C/S,CAR-ST,C.S.-STL,CARBON STL,CARB STEEL,C STEEL,C STL,CARBON,,,,,,,,,,,,,,,,,,,,,,,,,,,,,
X52X60X65,CARBON STEEL,CS,C.S.,CARB STL,CARBON-STL,C S,CARBON STEEL,C-STL,CARB. STL,CARBONSTEEL,CARBON-STEAL,CARN STL,CRBN STL,C-ST,C/S,CAR-ST,C.S.-STL,CARBON STL,CARB STEEL,C STEEL,C STL,CARBON,,,,,,,,,,,,,,,,,,,,,,,,,,,,,
X56,CARBON STEEL,CS,C.S.,CARB STL,CARBON-STL,C S,CARBON STEEL,C-STL,CARB. STL,CARBONSTEEL,CARBON-STEAL,CARN STL,CRBN STL,C-ST,C/S,CAR-ST,C.S.-STL,CARBON STL,CARB STEEL,C STEEL,C STL,CARBON,,,,,,,,,,,,,,,,,,,,,,,,,,,,,
X60,CARBON STEEL,CS,C.S.,CARB STL,CARBON-STL,C S,CARBON STEEL,C-STL,CARB. STL,CARBONSTEEL,CARBON-STEAL,CARN STL,CRBN STL,C-ST,C/S,CAR-ST,C.S.-STL,CARBON STL,CARB STEEL,C STEEL,C STL,CARBON,,,,,,,,,,,,,,,,,,,,,,,,,,,,,
X60X65,CARBON STEEL,CS,C.S.,CARB STL,CARBON-STL,C S,CARBON STEEL,C-STL,CARB. STL,CARBONSTEEL,CARBON-STEAL,CARN STL,CRBN STL,C-ST,C/S,CAR-ST,C.S.-STL,CARBON STL,CARB STEEL,C STEEL,C STL,CARBON,,,,,,,,,,,,,,,,,,,,,,,,,,,,,
X65,CARBON STEEL,CS,C.S.,CARB STL,CARBON-STL,C S,CARBON STEEL,C-STL,CARB. STL,CARBONSTEEL,CARBON-STEAL,CARN STL,CRBN STL,C-ST,C/S,CAR-ST,C.S.-STL,CARBON STL,CARB STEEL,C STEEL,C STL,CARBON,,,,,,,,,,,,,,,,,,,,,,,,,,,,,
X65X70,CARBON STEEL,CS,C.S.,CARB STL,CARBON-STL,C S,CARBON STEEL,C-STL,CARB. STL,CARBONSTEEL,CARBON-STEAL,CARN STL,CRBN STL,C-ST,C/S,CAR-ST,C.S.-STL,CARBON STL,CARB STEEL,C STEEL,C STL,CARBON,,,,,,,,,,,,,,,,,,,,,,,,,,,,,
X70,CARBON STEEL,CS,C.S.,CARB STL,CARBON-STL,C S,CARBON STEEL,C-STL,CARB. STL,CARBONSTEEL,CARBON-STEAL,CARN STL,CRBN STL,C-ST,C/S,CAR-ST,C.S.-STL,CARBON STL,CARB STEEL,C STEEL,C STL,CARBON,,,,,,,,,,,,,,,,,,,,,,,,,,,,,
6,GR6,G R 6,G6,G-6,GRADE 6,CLT,C.L.T.,CARB LT,C-LT,CARBON LOW-TEMP,CAR BON LOW TEMP,C LOW TEMP,CARBON L.T.,CARBON LOWTEMP,CARBON LOW TMP,CARBON LTEMP,CARB LOWTEMP,CARB LOW TEMP,CARBON LT,C LOW-TEMP,CLT PIECE,CARBON LOW TEMP,,,,,,,,,,,,,,,,,,,,,,,,,,,,,
LF1,CLT,C.L.T.,CARB LT,C-LT,CARBON LOW-TEMP,CAR BON LOW TEMP,C LOW TEMP,CARBON L.T.,CARBON LOWTEMP,CARBON LOW TMP,CARBON LTEMP,CARB LOWTEMP,CARB LOW TEMP,CARBON LT,C LOW-TEMP,CLT PIECE,CARBON LOW TEMP,,,,,,,,,,,,,,,,,,,,,,,,,,,,,,,,,,
LF2,CLT,C.L.T.,CARB LT,C-LT,CARBON LOW-TEMP,CAR BON LOW TEMP,C LOW TEMP,CARBON L.T.,CARBON LOWTEMP,CARBON LOW TMP,CARBON LTEMP,CARB LOWTEMP,CARB LOW TEMP,CARBON LT,C LOW-TEMP,CLT PIECE,CARBON LOW TEMP,,,,,,,,,,,,,,,,,,,,,,,,,,,,,,,,,,
LF3,CLT,C.L.T.,CARB LT,C-LT,CARBON LOW-TEMP,CAR BON LOW TEMP,C LOW TEMP,CARBON L.T.,CARBON LOWTEMP,CARBON LOW TMP,CARBON LTEMP,CARB LOWTEMP,CARB LOW TEMP,CARBON LT,C LOW-TEMP,CLT PIECE,CARBON LOW TEMP,,,,,,,,,,,,,,,,,,,,,,,,,,,,,,,,,,
LF4,CLT,C.L.T.,CARB LT,C-LT,CARBON LOW-TEMP,CAR BON LOW TEMP,C LOW TEMP,CARBON L.T.,CARBON LOWTEMP,CARBON LOW TMP,CARBON LTEMP,CARB LOWTEMP,CARB LOW TEMP,CARBON LT,C LOW-TEMP,CLT PIECE,CARBON LOW TEMP,,,,,,,,,,,,,,,,,,,,,,,,,,,,,,,,,,
WPBWPL6,CLT,C.L.T.,CARB LT,C-LT,CARBON LOW-TEMP,CAR BON LOW TEMP,C LOW TEMP,CARBON L.T.,CARBON LOWTEMP,CARBON LOW TMP,CARBON LTEMP,CARB LOWTEMP,CARB LOW TEMP,CARBON LT,C LOW-TEMP,CLT PIECE,CARBON LOW TEMP,,,,,,,,,,,,,,,,,,,,,,,,,,,,,,,,,,
WPBWPL6 HF-N,CLT,C.L.T.,CARB LT,C-LT,CARBON LOW-TEMP,CAR BON LOW TEMP,C LOW TEMP,CARBON L.T.,CARBON LOWTEMP,CARBON LOW TMP,CARBON LTEMP,CARB LOWTEMP,CARB LOW TEMP,CARBON LT,C LOW-TEMP,CLT PIECE,CARBON LOW TEMP,,,,,,,,,,,,,,,,,,,,,,,,,,,,,,,,,,
WPHY52WPL6,CLT,C.L.T.,CARB LT,C-LT,CARBON LOW-TEMP,CAR BON LOW TEMP,C LOW TEMP,CARBON L.T.,CARBON LOWTEMP,CARBON LOW TMP,CARBON LTEMP,CARB LOWTEMP,CARB LOW TEMP,CARBON LT,C LOW-TEMP,CLT PIECE,CARBON LOW TEMP,,,,,,,,,,,,,,,,,,,,,,,,,,,,,,,,,,
WPHY60WPL6,CLT,C.L.T.,CARB LT,C-LT,CARBON LOW-TEMP,CAR BON LOW TEMP,C LOW TEMP,CARBON L.T.,CARBON LOWTEMP,CARBON LOW TMP,CARBON LTEMP,CARB LOWTEMP,CARB LOW TEMP,CARBON LT,C LOW-TEMP,CLT PIECE,CARBON LOW TEMP,,,,,,,,,,,,,,,,,,,,,,,,,,,,,,,,,,
WPL3,CLT,C.L.T.,CARB LT,C-LT,CARBON LOW-TEMP,CAR BON LOW TEMP,C LOW TEMP,CARBON L.T.,CARBON LOWTEMP,CARBON LOW TMP,CARBON LTEMP,CARB LOWTEMP,CARB LOW TEMP,CARBON LT,C LOW-TEMP,CLT PIECE,CARBON LOW TEMP,,,,,,,,,,,,,,,,,,,,,,,,,,,,,,,,,,
WPL6,CLT,C.L.T.,CARB LT,C-LT,CARBON LOW-TEMP,CAR BON LOW TEMP,C LOW TEMP,CARBON L.T.,CARBON LOWTEMP,CARBON LOW TMP,CARBON LTEMP,CARB LOWTEMP,CARB LOW TEMP,CARBON LT,C LOW-TEMP,CLT PIECE,CARBON LOW TEMP,,,,,,,,,,,,,,,,,,,,,,,,,,,,,,,,,,
2,GR2,G R 2,G2,G-2,GRADE 2,CARBON STEEL,CS,C.S.,CARB STL,CARBON-STL,C S,CARBON STEEL,C-STL,CARB. STL,CARBONSTEEL,CARBON-STEAL,CARN STL,CRBN STL,C-ST,C/S,CAR-ST,C.S.-STL,CARBON STL,CARB STEEL,C STEEL,C STL,CARBON,,,,,,,,,,,,,,,,,,,,,,,,
70,GR70,G R 70,G70,G-70,GRADE 70,X70,WPHY70,CARBON STEEL,CS,C.S.,CARB STL,CARBON-STL,C S,CARBON STEEL,C-STL,CARB. STL,CARBONSTEEL,CARBON-STEAL,CARN STL,CRBN STL,C-ST,C/S,CAR-ST,C.S.-STL,CARBON STL,CARB STEEL,C STEEL,C STL,CARBON,,,,,,,,,,,,,,,,,,,,,,
2H,2H,2 H,2-H,2-H,GRADE 2H,CARBON STEEL,CS,C.S.,CARB STL,CARBON-STL,C S,CARBON STEEL,C-STL,CARB. STL,CARBONSTEEL,CARBON-STEAL,CARN STL,CRBN STL,C-ST,C/S,CAR-ST,C.S.-STL,CARBON STL,CARB STEEL,C STEEL,C STL,CARBON,,,,,,,,,,,,,,,,,,,,,,,,
CLB,CI,C.I.,CAST IR,C-IRON,CAST IRON,C AST IRON,CAST-IRON,C.IR ON,CASTIRON,CAST IRN,CST IRON,CAST IRONE,C-IR,C.I.,CAST IR.,C-IRON.,C IRON,CI UNIT,CAST IR PIECE,CAST IRON ITEM,,CAST IRON,,,,,,,,,,,,,,,,,,,,,,,,,,,,,
1026,1026CS,1026 CARBON STEEL,1026 CS,1026-CS,1026 CS,CHR,CHRM,CR,C.H.,CH ROME,CHR OME,CH-OME,C.HROME,CHROM,CRHOME,CHRME,CROME,C-R,CHR-M,CHRM.,C.H.,CHROME UNIT,CHRM PIECE,CHROME ITEM,CR METAL,CHROME,,,,,,,,,,,,,,,,,,,,,,,,,
4130,4130CS,4130 CARBON STEEL,4130 ST,4130-CS,4130 CS,CHR,CHRM,CR,C.H.,CH ROME,CHR OME,CH-OME,C.HROME,CHROM,CRHOME,CHRME,CROME,C-R,CHR-M,CHRM.,C.H.,CHROME UNIT,CHRM PIECE,CHROME ITEM,CR METAL,CHROME,,,,,,,,,,,,,,,,,,,,,,,,,
1 1/4 CR CL 21,1.25CR21,1 1/4 CHROME CL 21,1.25 CR CL 21,1.25CR21,1 1/4 CR CLASS 21,CHR,CHRM,CR,C.H.,CH ROME,CHR OME,CH-OME,C.HROME,CHROM,CRHOME,CHRME,CROME,C-R,CHR-M,CHRM.,C.H.,CHROME UNIT,CHRM PIECE,CHROME ITEM,CR METAL,CHROME,,,,,,,,,,,,,,,,,,,,,,,,,
11CL22,11CL22,11 CLASS 22,11 CL22,11-22,11 CL 22,CHR,CHRM,CR,C.H.,CH ROME,CHR OME,CH-OME,C.HROME,CHROM,CRHOME,CHRME,CROME,C-R,CHR-M,CHRM.,C.H.,CHROME UNIT,CHRM PIECE,CHROME ITEM,CR METAL,CHROME,,,,,,,,,,,,,,,,,,,,,,,,,
2 1/4 CR CL 22,2.25CR22,2 1/4 CHROME CL 22,2.25 CR CL 22,2.25CR22,2 1/4 CR CLASS 22,CHR,CHRM,CR,C.H.,CH ROME,CHR OME,CH-OME,C.HROME,CHROM,CRHOME,CHRME,CROME,C-R,CHR-M,CHRM.,C.H.,CHROME UNIT,CHRM PIECE,CHROME ITEM,CR METAL,CHROME,,,,,,,,,,,,,,,,,,,,,,,,,
5CL22,5CL22,5 CL 22,5CL 22,5-22,GRADE 5CL22,CHR,CHRM,CR,C.H.,CH ROME,CHR OME,CH-OME,C.HROME,CHROM,CRHOME,CHRME,CROME,C-R,CHR-M,CHRM.,C.H.,CHROME UNIT,CHRM PIECE,CHROME ITEM,CR METAL,CHROME,,,,,,,,,,,,,,,,,,,,,,,,,
9CL21,9CL21,9 CL 21,9CL 21,9-21,GRADE 9CL21,CHR,CHRM,CR,C.H.,CH ROME,CHR OME,CH-OME,C.HROME,CHROM,CRHOME,CHRME,CROME,C-R,CHR-M,CHRM.,C.H.,CHROME UNIT,CHRM PIECE,CHROME ITEM,CR METAL,CHROME,,,,,,,,,,,,,,,,,,,,,,,,,
9CL22,9CL22,9 CL 22,9CL 22,9-22,GRADE 9CL22,CHR,CHRM,CR,C.H.,CH ROME,CHR OME,CH-OME,C.HROME,CHROM,CRHOME,CHRME,CROME,C-R,CHR-M,CHRM.,C.H.,CHROME UNIT,CHRM PIECE,CHROME ITEM,CR METAL,CHROME,,,,,,,,,,,,,,,,,,,,,,,,,
C12,CHR,CHRM,CR,C.H.,CH ROME,CHR OME,CH-OME,C.HROME,CHROM,CRHOME,CHRME,CROME,C-R,CHR-M,CHRM.,C.H.,CHROME UNIT,CHRM PIECE,CHROME ITEM,CR METAL,CHROME,,,,,,,,,,,,,,,,,,,,,,,,,,,,,,
C5,CHR,CHRM,CR,C.H.,CH ROME,CHR OME,CH-OME,C.HROME,CHROM,CRHOME,CHRME,CROME,C-R,CHR-M,CHRM.,C.H.,CHROME UNIT,CHRM PIECE,CHROME ITEM,CR METAL,CHROME,,,,,,,,,,,,,,,,,,,,,,,,,,,,,,
C6,CHR,CHRM,CR,C.H.,CH ROME,CHR OME,CH-OME,C.HROME,CHROM,CRHOME,CHRME,CROME,C-R,CHR-M,CHRM.,C.H.,CHROME UNIT,CHRM PIECE,CHROME ITEM,CR METAL,CHROME,,,,,,,,,,,,,,,,,,,,,,,,,,,,,,
F11,CHR,CHRM,CR,C.H.,CH ROME,CHR OME,CH-OME,C.HROME,CHROM,CRHOME,CHRME,CROME,C-R,CHR-M,CHRM.,C.H.,CHROME UNIT,CHRM PIECE,CHROME ITEM,CR METAL,CHROME,,,,,,,,,,,,,,,,,,,,,,,,,,,,,,
F22,CHR,CHRM,CR,C.H.,CH ROME,CHR OME,CH-OME,C.HROME,CHROM,CRHOME,CHRME,CROME,C-R,CHR-M,CHRM.,C.H.,CHROME UNIT,CHRM PIECE,CHROME ITEM,CR METAL,CHROME,,,,,,,,,,,,,,,,,,,,,,,,,,,,,,
F5,CHR,CHRM,CR,C.H.,CH ROME,CHR OME,CH-OME,C.HROME,CHROM,CRHOME,CHRME,CROME,C-R,CHR-M,CHRM.,C.H.,CHROME UNIT,CHRM PIECE,CHROME ITEM,CR METAL,CHROME,,,,,,,,,,,,,,,,,,,,,,,,,,,,,,
F5A,CHR,CHRM,CR,C.H.,CH ROME,CHR OME,CH-OME,C.HROME,CHROM,CRHOME,CHRME,CROME,C-R,CHR-M,CHRM.,C.H.,CHROME UNIT,CHRM PIECE,CHROME ITEM,CR METAL,CHROME,,,,,,,,,,,,,,,,,,,,,,,,,,,,,,
F9,CHR,CHRM,CR,C.H.,CH ROME,CHR OME,CH-OME,C.HROME,CHROM,CRHOME,CHRME,CROME,C-R,CHR-M,CHRM.,C.H.,CHROME UNIT,CHRM PIECE,CHROME ITEM,CR METAL,CHROME,,,,,,,,,,,,,,,,,,,,,,,,,,,,,,
F91,CHR,CHRM,CR,C.H.,CH ROME,CHR OME,CH-OME,C.HROME,CHROM,CRHOME,CHRME,CROME,C-R,CHR-M,CHRM.,C.H.,CHROME UNIT,CHRM PIECE,CHROME ITEM,CR METAL,CHROME,,,,,,,,,,,,,,,,,,,,,,,,,,,,,,
P11,CHR,CHRM,CR,C.H.,CH ROME,CHR OME,CH-OME,C.HROME,CHROM,CRHOME,CHRME,CROME,C-R,CHR-M,CHRM.,C.H.,CHROME UNIT,CHRM PIECE,CHROME ITEM,CR METAL,CHROME,,,,,,,,,,,,,,,,,,,,,,,,,,,,,,
P12,CHR,CHRM,CR,C.H.,CH ROME,CHR OME,CH-OME,C.HROME,CHROM,CRHOME,CHRME,CROME,C-R,CHR-M,CHRM.,C.H.,CHROME UNIT,CHRM PIECE,CHROME ITEM,CR METAL,CHROME,,,,,,,,,,,,,,,,,,,,,,,,,,,,,,
P22,CHR,CHRM,CR,C.H.,CH ROME,CHR OME,CH-OME,C.HROME,CHROM,CRHOME,CHRME,CROME,C-R,CHR-M,CHRM.,C.H.,CHROME UNIT,CHRM PIECE,CHROME ITEM,CR METAL,CHROME,,,,,,,,,,,,,,,,,,,,,,,,,,,,,,
P5,CHR,CHRM,CR,C.H.,CH ROME,CHR OME,CH-OME,C.HROME,CHROM,CRHOME,CHRME,CROME,C-R,CHR-M,CHRM.,C.H.,CHROME UNIT,CHRM PIECE,CHROME ITEM,CR METAL,CHROME,,,,,,,,,,,,,,,,,,,,,,,,,,,,,,
P9,CHR,CHRM,CR,C.H.,CH ROME,CHR OME,CH-OME,C.HROME,CHROM,CRHOME,CHRME,CROME,C-R,CHR-M,CHRM.,C.H.,CHROME UNIT,CHRM PIECE,CHROME ITEM,CR METAL,CHROME,,,,,,,,,,,,,,,,,,,,,,,,,,,,,,
P91,CHR,CHRM,CR,C.H.,CH ROME,CHR OME,CH-OME,C.HROME,CHROM,CRHOME,CHRME,CROME,C-R,CHR-M,CHRM.,C.H.,CHROME UNIT,CHRM PIECE,CHROME ITEM,CR METAL,CHROME,,,,,,,,,,,,,,,,,,,,,,,,,,,,,,
WP1,CHR,CHRM,CR,C.H.,CH ROME,CHR OME,CH-OME,C.HROME,CHROM,CRHOME,CHRME,CROME,C-R,CHR-M,CHRM.,C.H.,CHROME UNIT,CHRM PIECE,CHROME ITEM,CR METAL,CHROME,,,,,,,,,,,,,,,,,,,,,,,,,,,,,,
WP11CL1,CHR,CHRM,CR,C.H.,CH ROME,CHR OME,CH-OME,C.HROME,CHROM,CRHOME,CHRME,CROME,C-R,CHR-M,CHRM.,C.H.,CHROME UNIT,CHRM PIECE,CHROME ITEM,CR METAL,CHROME,,,,,,,,,,,,,,,,,,,,,,,,,,,,,,
WP11CL12,CHR,CHRM,CR,C.H.,CH ROME,CHR OME,CH-OME,C.HROME,CHROM,CRHOME,CHRME,CROME,C-R,CHR-M,CHRM.,C.H.,CHROME UNIT,CHRM PIECE,CHROME ITEM,CR METAL,CHROME,,,,,,,,,,,,,,,,,,,,,,,,,,,,,,
WP11CL13,CHR,CHRM,CR,C.H.,CH ROME,CHR OME,CH-OME,C.HROME,CHROM,CRHOME,CHRME,CROME,C-R,CHR-M,CHRM.,C.H.,CHROME UNIT,CHRM PIECE,CHROME ITEM,CR METAL,CHROME,,,,,,,,,,,,,,,,,,,,,,,,,,,,,,
WP11CL2,CHR,CHRM,CR,C.H.,CH ROME,CHR OME,CH-OME,C.HROME,CHROM,CRHOME,CHRME,CROME,C-R,CHR-M,CHRM.,C.H.,CHROME UNIT,CHRM PIECE,CHROME ITEM,CR METAL,CHROME,,,,,,,,,,,,,,,,,,,,,,,,,,,,,,
WP11CL3,CHR,CHRM,CR,C.H.,CH ROME,CHR OME,CH-OME,C.HROME,CHROM,CRHOME,CHRME,CROME,C-R,CHR-M,CHRM.,C.H.,CHROME UNIT,CHRM PIECE,CHROME ITEM,CR METAL,CHROME,,,,,,,,,,,,,,,,,,,,,,,,,,,,,,
WP12CL1,CHR,CHRM,CR,C.H.,CH ROME,CHR OME,CH-OME,C.HROME,CHROM,CRHOME,CHRME,CROME,C-R,CHR-M,CHRM.,C.H.,CHROME UNIT,CHRM PIECE,CHROME ITEM,CR METAL,CHROME,,,,,,,,,,,,,,,,,,,,,,,,,,,,,,
WP12CL12,CHR,CHRM,CR,C.H.,CH ROME,CHR OME,CH-OME,C.HROME,CHROM,CRHOME,CHRME,CROME,C-R,CHR-M,CHRM.,C.H.,CHROME UNIT,CHRM PIECE,CHROME ITEM,CR METAL,CHROME,,,,,,,,,,,,,,,,,,,,,,,,,,,,,,
WP12CL2,CHR,CHRM,CR,C.H.,CH ROME,CHR OME,CH-OME,C.HROME,CHROM,CRHOME,CHRME,CROME,C-R,CHR-M,CHRM.,C.H.,CHROME UNIT,CHRM PIECE,CHROME ITEM,CR METAL,CHROME,,,,,,,,,,,,,,,,,,,,,,,,,,,,,,
WP22CL1,CHR,CHRM,CR,C.H.,CH ROME,CHR OME,CH-OME,C.HROME,CHROM,CRHOME,CHRME,CROME,C-R,CHR-M,CHRM.,C.H.,CHROME UNIT,CHRM PIECE,CHROME ITEM,CR METAL,CHROME,,,,,,,,,,,,,,,,,,,,,,,,,,,,,,
WP22CL13,CHR,CHRM,CR,C.H.,CH ROME,CHR OME,CH-OME,C.HROME,CHROM,CRHOME,CHRME,CROME,C-R,CHR-M,CHRM.,C.H.,CHROME UNIT,CHRM PIECE,CHROME ITEM,CR METAL,CHROME,,,,,,,,,,,,,,,,,,,,,,,,,,,,,,
WP22CL3,CHR,CHRM,CR,C.H.,CH ROME,CHR OME,CH-OME,C.HROME,CHROM,CRHOME,CHRME,CROME,C-R,CHR-M,CHRM.,C.H.,CHROME UNIT,CHRM PIECE,CHROME ITEM,CR METAL,CHROME,,,,,,,,,,,,,,,,,,,,,,,,,,,,,,
WP5CL1,CHR,CHRM,CR,C.H.,CH ROME,CHR OME,CH-OME,C.HROME,CHROM,CRHOME,CHRME,CROME,C-R,CHR-M,CHRM.,C.H.,CHROME UNIT,CHRM PIECE,CHROME ITEM,CR METAL,CHROME,,,,,,,,,,,,,,,,,,,,,,,,,,,,,,
WP5CL13,CHR,CHRM,CR,C.H.,CH ROME,CHR OME,CH-OME,C.HROME,CHROM,CRHOME,CHRME,CROME,C-R,CHR-M,CHRM.,C.H.,CHROME UNIT,CHRM PIECE,CHROME ITEM,CR METAL,CHROME,,,,,,,,,,,,,,,,,,,,,,,,,,,,,,
WP5CL3,CHR,CHRM,CR,C.H.,CH ROME,CHR OME,CH-OME,C.HROME,CHROM,CRHOME,CHRME,CROME,C-R,CHR-M,CHRM.,C.H.,CHROME UNIT,CHRM PIECE,CHROME ITEM,CR METAL,CHROME,,,,,,,,,,,,,,,,,,,,,,,,,,,,,,
WP91,CHR,CHRM,CR,C.H.,CH ROME,CHR OME,CH-OME,C.HROME,CHROM,CRHOME,CHRME,CROME,C-R,CHR-M,CHRM.,C.H.,CHROME UNIT,CHRM PIECE,CHROME ITEM,CR METAL,CHROME,,,,,,,,,,,,,,,,,,,,,,,,,,,,,,
WP911,CHR,CHRM,CR,C.H.,CH ROME,CHR OME,CH-OME,C.HROME,CHROM,CRHOME,CHRME,CROME,C-R,CHR-M,CHRM.,C.H.,CHROME UNIT,CHRM PIECE,CHROME ITEM,CR METAL,CHROME,,,,,,,,,,,,,,,,,,,,,,,,,,,,,,
WP91TYPE1,CHR,CHRM,CR,C.H.,CH ROME,CHR OME,CH-OME,C.HROME,CHROM,CRHOME,CHRME,CROME,C-R,CHR-M,CHRM.,C.H.,CHROME UNIT,CHRM PIECE,CHROME ITEM,CR METAL,CHROME,,,,,,,,,,,,,,,,,,,,,,,,,,,,,,
WP91TYPE2,CHR,CHRM,CR,C.H.,CH ROME,CHR OME,CH-OME,C.HROME,CHROM,CRHOME,CHRME,CROME,C-R,CHR-M,CHRM.,C.H.,CHROME UNIT,CHRM PIECE,CHROME ITEM,CR METAL,CHROME,,,,,,,,,,,,,,,,,,,,,,,,,,,,,,
WP9CL1,CHR,CHRM,CR,C.H.,CH ROME,CHR OME,CH-OME,C.HROME,CHROM,CRHOME,CHRME,CROME,C-R,CHR-M,CHRM.,C.H.,CHROME UNIT,CHRM PIECE,CHROME ITEM,CR METAL,CHROME,,,,,,,,,,,,,,,,,,,,,,,,,,,,,,
WP9CL13,CHR,CHRM,CR,C.H.,CH ROME,CHR OME,CH-OME,C.HROME,CHROM,CRHOME,CHRME,CROME,C-R,CHR-M,CHRM.,C.H.,CHROME UNIT,CHRM PIECE,CHROME ITEM,CR METAL,CHROME,,,,,,,,,,,,,,,,,,,,,,,,,,,,,,
WP9CL3,CHR,CHRM,CR,C.H.,CH ROME,CHR OME,CH-OME,C.HROME,CHROM,CRHOME,CHRME,CROME,C-R,CHR-M,CHRM.,C.H.,CHROME UNIT,CHRM PIECE,CHROME ITEM,CR METAL,CHROME,,,,,,,,,,,,,,,,,,,,,,,,,,,,,,
WPR,CHR,CHRM,CR,C.H.,CH ROME,CHR OME,CH-OME,C.HROME,CHROM,CRHOME,CHRME,CROME,C-R,CHR-M,CHRM.,C.H.,CHROME UNIT,CHRM PIECE,CHROME ITEM,CR METAL,CHROME,,,,,,,,,,,,,,,,,,,,,,,,,,,,,,
UNS C70400,CU-NI,CUNI,CN,CU/N,COPPER NI CKEL,CU NICKEL,CU-NICKEL,C.NICKEL,COPPER NICHEL,CU-NIKEL,COPR NICKEL,COPER NICKLE,CU-NI,CU/N,C.N.,CUNI,CU NI METAL,CU-NI UNIT,COPPER NI PIECE,COPPER NICK ITEM,COPPER NICKEL,,,,,,,,,,,,,,,,,,,,,,,,,,,,,,
UNS C70600,CU-NI,CUNI,CN,CU/N,COPPER NI CKEL,CU NICKEL,CU-NICKEL,C.NICKEL,COPPER NICHEL,CU-NIKEL,COPR NICKEL,COPER NICKLE,CU-NI,CU/N,C.N.,CUNI,CU NI METAL,CU-NI UNIT,COPPER NI PIECE,COPPER NICK ITEM,COPPER NICKEL,,,,,,,,,,,,,,,,,,,,,,,,,,,,,,
UNS C71500,CU-NI,CUNI,CN,CU/N,COPPER NI CKEL,CU NICKEL,CU-NICKEL,C.NICKEL,COPPER NICHEL,CU-NIKEL,COPR NICKEL,COPER NICKLE,CU-NI,CU/N,C.N.,CUNI,CU NI METAL,CU-NI UNIT,COPPER NI PIECE,COPPER NICK ITEM,COPPER NICKEL,,,,,,,,,,,,,,,,,,,,,,,,,,,,,,
ALLOY 200,ALY200,ALLOY 2 00,ALL0Y 200,AL-200,NA,N.A.,NICK ALY,NIC-ALLOY,N A,NICKEL ALLOY,NA ALLOY,NICK ALLOY,NICKLE ALLOY,NICL ALLOY,NICKELALLOY,NIKKEL ALLOY,N-AL,N.ALY,NIC-AL,N.AL.,NIC ALLOY,NICL ALY,N ALLOY,N.ALLOY,NICKEL ALLOY,,,,,,,,,,,,,,,,,,,,,,,,,,
ALLOY 230,ALY230,ALLOY 2 30,ALL0Y 2X0,AL-230,NA,N.A.,NICK ALY,NIC-ALLOY,N A,NICKEL ALLOY,NA ALLOY,NICK ALLOY,NICKLE ALLOY,NICL ALLOY,NICKELALLOY,NIKKEL ALLOY,N-AL,N.ALY,NIC-AL,N.AL.,NIC ALLOY,NICL ALY,N ALLOY,N.ALLOY,NICKEL ALLOY,,,,,,,,,,,,,,,,,,,,,,,,,,
ALLOY 400,ALY400,ALLOY 4 00,ALL0Y 400,AL-400,NA,N.A.,NICK ALY,NIC-ALLOY,N A,NICKEL ALLOY,NA ALLOY,NICK ALLOY,NICKLE ALLOY,NICL ALLOY,NICKELALLOY,NIKKEL ALLOY,N-AL,N.ALY,NIC-AL,N.AL.,NIC ALLOY,NICL ALY,N ALLOY,N.ALLOY,NICKEL ALLOY,,,,,,,,,,,,,,,,,,,,,,,,,,
ALLOY 600,ALY600,ALLOY 6 00,ALL0Y 600,AL-600,NA,N.A.,NICK ALY,NIC-ALLOY,N A,NICKEL ALLOY,NA ALLOY,NICK ALLOY,NICKLE ALLOY,NICL ALLOY,NICKELALLOY,NIKKEL ALLOY,N-AL,N.ALY,NIC-AL,N.AL.,NIC ALLOY,NICL ALY,N ALLOY,N.ALLOY,NICKEL ALLOY,,,,,,,,,,,,,,,,,,,,,,,,,,
ALLOY 601,ALY601,ALLOY 6 01,ALL0Y 601,AL-601,NA,N.A.,NICK ALY,NIC-ALLOY,N A,NICKEL ALLOY,NA ALLOY,NICK ALLOY,NICKLE ALLOY,NICL ALLOY,NICKELALLOY,NIKKEL ALLOY,N-AL,N.ALY,NIC-AL,N.AL.,NIC ALLOY,NICL ALY,N ALLOY,N.ALLOY,NICKEL ALLOY,,,,,,,,,,,,,,,,,,,,,,,,,,
ALLOY 625,ALY625,ALLOY 6 25,ALL0Y 62S,AL-625,NA,N.A.,NICK ALY,NIC-ALLOY,N A,NICKEL ALLOY,NA ALLOY,NICK ALLOY,NICKLE ALLOY,NICL ALLOY,NICKELALLOY,NIKKEL ALLOY,N-AL,N.ALY,NIC-AL,N.AL.,NIC ALLOY,NICL ALY,N ALLOY,N.ALLOY,NICKEL ALLOY,,,,,,,,,,,,,,,,,,,,,,,,,,
ALLOY 740H,ALY740H,ALLOY 7 40 H,ALL0Y 740 H,AL-740H,NA,N.A.,NICK ALY,NIC-ALLOY,N A,NICKEL ALLOY,NA ALLOY,NICK ALLOY,NICKLE ALLOY,NICL ALLOY,NICKELALLOY,NIKKEL ALLOY,N-AL,N.ALY,NIC-AL,N.AL.,NIC ALLOY,NICL ALY,N ALLOY,N.ALLOY,NICKEL ALLOY,,,,,,,,,,,,,,,,,,,,,,,,,,
ALLOY 800,ALY800,ALLOY 8 00,ALL0Y 800,AL-800,NA,N.A.,NICK ALY,NIC-ALLOY,N A,NICKEL ALLOY,NA ALLOY,NICK ALLOY,NICKLE ALLOY,NICL ALLOY,NICKELALLOY,NIKKEL ALLOY,N-AL,N.ALY,NIC-AL,N.AL.,NIC ALLOY,NICL ALY,N ALLOY,N.ALLOY,NICKEL ALLOY,,,,,,,,,,,,,,,,,,,,,,,,,,
ALLOY 800/H/HT,ALY800HHT,ALLOY 8 00 H HT,ALL0Y 800 HHT,AL-800HHT,NA,N.A.,NICK ALY,NIC-ALLOY,N A,NICKEL ALLOY,NA ALLOY,NICK ALLOY,NICKLE ALLOY,NICL ALLOY,NICKELALLOY,NIKKEL ALLOY,N-AL,N.ALY,NIC-AL,N.AL.,NIC ALLOY,NICL ALY,N ALLOY,N.ALLOY,NICKEL ALLOY,,,,,,,,,,,,,,,,,,,,,,,,,,
ALLOY 800800H,ALY800800H,ALLOY 800 800 H,ALL0Y 800800 H,AL-800800H,NA,N.A.,NICK ALY,NIC-ALLOY,N A,NICKEL ALLOY,NA ALLOY,NICK ALLOY,NICKLE ALLOY,NICL ALLOY,NICKELALLOY,NIKKEL ALLOY,N-AL,N.ALY,NIC-AL,N.AL.,NIC ALLOY,NICL ALY,N ALLOY,N.ALLOY,NICKEL ALLOY,,,,,,,,,,,,,,,,,,,,,,,,,,
ALLOY 800800HT,ALY800800HT,ALLOY 800 800 HT,ALL0Y 800800 H T,AL-800800HT,NA,N.A.,NICK ALY,NIC-ALLOY,N A,NICKEL ALLOY,NA ALLOY,NICK ALLOY,NICKLE ALLOY,NICL ALLOY,NICKELALLOY,NIKKEL ALLOY,N-AL,N.ALY,NIC-AL,N.AL.,NIC ALLOY,NICL ALY,N ALLOY,N.ALLOY,NICKEL ALLOY,,,,,,,,,,,,,,,,,,,,,,,,,,
ALLOY 800H,ALY800H,ALLOY 800 H,ALL0Y 800 H,AL-800H,NA,N.A.,NICK ALY,NIC-ALLOY,N A,NICKEL ALLOY,NA ALLOY,NICK ALLOY,NICKLE ALLOY,NICL ALLOY,NICKELALLOY,NIKKEL ALLOY,N-AL,N.ALY,NIC-AL,N.AL.,NIC ALLOY,NICL ALY,N ALLOY,N.ALLOY,NICKEL ALLOY,,,,,,,,,,,,,,,,,,,,,,,,,,
ALLOY 800H/HT,ALY800HHT,ALLOY 800 H HT,ALL0Y 800 HHT,AL-800HHT,NA,N.A.,NICK ALY,NIC-ALLOY,N A,NICKEL ALLOY,NA ALLOY,NICK ALLOY,NICKLE ALLOY,NICL ALLOY,NICKELALLOY,NIKKEL ALLOY,N-AL,N.ALY,NIC-AL,N.AL.,NIC ALLOY,NICL ALY,N ALLOY,N.ALLOY,NICKEL ALLOY,,,,,,,,,,,,,,,,,,,,,,,,,,
ALLOY 800HT,ALY800HT,ALLOY 800 HT,ALL0Y 800 HT,AL-800HT,NA,N.A.,NICK ALY,NIC-ALLOY,N A,NICKEL ALLOY,NA ALLOY,NICK ALLOY,NICKLE ALLOY,NICL ALLOY,NICKELALLOY,NIKKEL ALLOY,N-AL,N.ALY,NIC-AL,N.AL.,NIC ALLOY,NICL ALY,N ALLOY,N.ALLOY,NICKEL ALLOY,,,,,,,,,,,,,,,,,,,,,,,,,,
ALLOY 825,ALY825,ALLOY 8 25,ALLOY 825S,AL-825,NA,N.A.,NICK ALY,NIC-ALLOY,N A,NICKEL ALLOY,NA ALLOY,NICK ALLOY,NICKLE ALLOY,NICL ALLOY,NICKELALLOY,NIKKEL ALLOY,N-AL,N.ALY,NIC-AL,N.AL.,NIC ALLOY,NICL ALY,N ALLOY,N.ALLOY,NICKEL ALLOY,,,,,,,,,,,,,,,,,,,,,,,,,,
B2,GRADE B2,B 2,B-2,B-2,ALLOY B2,NA,N.A.,NICK ALY,NIC-ALLOY,N A,NICKEL ALLOY,NA ALLOY,NICK ALLOY,NICKLE ALLOY,NICL ALLOY,NICKELALLOY,NIKKEL ALLOY,N-AL,N.ALY,NIC-AL,N.AL.,NIC ALLOY,NICL ALY,N ALLOY,N.ALLOY,NICKEL ALLOY,,,,,,,,,,,,,,,,,,,,,,,,,
B3,GRADE B3,B 3,B-3,B-3,ALLOY B3,NA,N.A.,NICK ALY,NIC-ALLOY,N A,NICKEL ALLOY,NA ALLOY,NICK ALLOY,NICKLE ALLOY,NICL ALLOY,NICKELALLOY,NIKKEL ALLOY,N-AL,N.ALY,NIC-AL,N.AL.,NIC ALLOY,NICL ALY,N ALLOY,N.ALLOY,NICKEL ALLOY,,,,,,,,,,,,,,,,,,,,,,,,,
C2000,NA,N.A.,NICK ALY,NIC-ALLOY,N A,NICKEL ALLOY,NA ALLOY,NICK ALLOY,NICKLE ALLOY,NICL ALLOY,NICKELALLOY,NIKKEL ALLOY,N-AL,N.ALY,NIC-AL,N.AL.,NIC ALLOY,NICL ALY,N ALLOY,N.ALLOY,NICKEL ALLOY,,,,,,,,,,,,,,,,,,,,,,,,,,,,,,
C22,NA,N.A.,NICK ALY,NIC-ALLOY,N A,NICKEL ALLOY,NA ALLOY,NICK ALLOY,NICKLE ALLOY,NICL ALLOY,NICKELALLOY,NIKKEL ALLOY,N-AL,N.ALY,NIC-AL,N.AL.,NIC ALLOY,NICL ALY,N ALLOY,N.ALLOY,NICKEL ALLOY,,,,,,,,,,,,,,,,,,,,,,,,,,,,,,
C276,NA,N.A.,NICK ALY,NIC-ALLOY,N A,NICKEL ALLOY,NA ALLOY,NICK ALLOY,NICKLE ALLOY,NICL ALLOY,NICKELALLOY,NIKKEL ALLOY,N-AL,N.ALY,NIC-AL,N.AL.,NIC ALLOY,NICL ALY,N ALLOY,N.ALLOY,NICKEL ALLOY,,,,,,,,,,,,,,,,,,,,,,,,,,,,,,
G30,NA,N.A.,NICK ALY,NIC-ALLOY,N A,NICKEL ALLOY,NA ALLOY,NICK ALLOY,NICKLE ALLOY,NICL ALLOY,NICKELALLOY,NIKKEL ALLOY,N-AL,N.ALY,NIC-AL,N.AL.,NIC ALLOY,NICL ALY,N ALLOY,N.ALLOY,NICKEL ALLOY,,,,,,,,,,,,,,,,,,,,,,,,,,,,,,
HASTELLOY HYBRID-BC1,NA,N.A.,NICK ALY,NIC-ALLOY,N A,NICKEL ALLOY,NA ALLOY,NICK ALLOY,NICKLE ALLOY,NICL ALLOY,NICKELALLOY,NIKKEL ALLOY,N-AL,N.ALY,NIC-AL,N.AL.,NIC ALLOY,NICL ALY,N ALLOY,N.ALLOY,NICKEL ALLOY,,,,,,,,,,,,,,,,,,,,,,,,,,,,,,
WPH230,NA,N.A.,NICK ALY,NIC-ALLOY,N A,NICKEL ALLOY,NA ALLOY,NICK ALLOY,NICKLE ALLOY,NICL ALLOY,NICKELALLOY,NIKKEL ALLOY,N-AL,N.ALY,NIC-AL,N.AL.,NIC ALLOY,NICL ALY,N ALLOY,N.ALLOY,NICKEL ALLOY,,,,,,,,,,,,,,,,,,,,,,,,,,,,,,
B8,B8,B 8,B-8,B-8,ALLOY B8,SS,S.S.,STL STL,STAIN STL,S S,STAINLESS STEEL,SS STL,STAIN STL,STAINLSS STL,STANLESS STL,STNLSS STL,STINL STL,S/ST,S.S.,STL/STL,STL.S.,STAIN STL,STAINLESS STL,S STL,S.STL,STAINLESS,,,,,,,,,,,,,,,,,,,,,,,,,
B8-8,SS,S.S.,STL STL,STAIN STL,S S,STAINLESS STEEL,SS STL,STAIN STL,STAINLSS STL,STANLESS STL,STNLSS STL,STINL STL,S/ST,S.S.,STL/STL,STL.S.,STAIN STL,STAINLESS STL,S STL,S.STL,STAINLESS,,,,,,,,,,,,,,,,,,,,,,,,,,,,,,
B8M-8M,SS,S.S.,STL STL,STAIN STL,S S,STAINLESS STEEL,SS STL,STAIN STL,STAINLSS STL,STANLESS STL,STNLSS STL,STINL STL,S/ST,S.S.,STL/STL,STL.S.,STAIN STL,STAINLESS STL,S STL,S.STL,STAINLESS,,,,,,,,,,,,,,,,,,,,,,,,,,,,,,
L7-7,SS,S.S.,STL STL,STAIN STL,S S,STAINLESS STEEL,SS STL,STAIN STL,STAINLSS STL,STANLESS STL,STNLSS STL,STINL STL,S/ST,S.S.,STL/STL,STL.S.,STAIN STL,STAINLESS STL,S STL,S.STL,STAINLESS,,,,,,,,,,,,,,,,,,,,,,,,,,,,,,
309,309SS,309 STAINLESS,309 STNLSS,309-S,309 SS,SSGR,S.S. GR,STAIN SPEC GRADE,SS-GR,SSGR,S.S. GR,STAIN SPEC GR,SS-GR,STAINLESS SPEC GRADE,S STAINLESS GRADE,SS SPEC GRADE,S.S. SPECIAL GRADE,STAINLESS SPEC GR,S STAINLESS GR,SS SPEC GR,S.S. SPECIAL GR,STAINLESS SPCL GR,STAINLESS SPEC GR,SS SPECL GRADE,STNLESS SPCL GRADE,STAINLESS SPEC GR,STAINLESS GRD,SS SPECL GR,STNLESS SPCL GR,S-SGR,S.SGR,SS-GRD,S.S.-GR,S-SGR,S.SGR,SS-GRD,S.S.-GR,SS SPECIAL GRADE,SS SPECIAL GR,STAINLESS GRADE,STNLESS SPEC PIECE,S SPEC GRADE,,STAINLESS SPECIAL GR,,,,,,,
310,310SS,310 STAINLESS,310 STNLSS,310-S,310 SS,310S,310H,310S\310H,310S/310H,310S/H,310S\H,310H/S,310H\S,SSGR,S.S. GR,STAIN SPEC GRADE,SS-GR,SSGR,S.S. GR,STAIN SPEC GR,SS-GR,STAINLESS SPEC GRADE,S STAINLESS GRADE,SS SPEC GRADE,S.S. SPECIAL GRADE,STAINLESS SPEC GR,S STAINLESS GR,SS SPEC GR,S.S. SPECIAL GR,STAINLESS SPCL GR,STAINLESS SPEC GR,SS SPECL GRADE,STNLESS SPCL GRADE,STAINLESS SPEC GR,STAINLESS GRD,SS SPECL GR,STNLESS SPCL GR,S-SGR,S.SGR,SS-GRD,S.S.-GR,S-SGR,S.SGR,SS-GRD,S.S.-GR,SS SPECIAL GRADE,SS SPECIAL GR,STAINLESS GRADE,STNLESS SPEC PIECE,S SPEC GRADE,STAINLESS SPECIAL GR
317,317SS,317 STAINLESS,317 STNLSS,317-S,317 SS,317L,317/317L,317\317L,317\L,317/L,SSGR,S.S. GR,STAIN SPEC GRADE,SS-GR,SSGR,S.S. GR,STAIN SPEC GR,SS-GR,STAINLESS SPEC GRADE,S STAINLESS GRADE,SS SPEC GRADE,S.S. SPECIAL GRADE,STAINLESS SPEC GR,S STAINLESS GR,SS SPEC GR,S.S. SPECIAL GR,STAINLESS SPCL GR,STAINLESS SPEC GR,SS SPECL GRADE,STNLESS SPCL GRADE,STAINLESS SPEC GR,STAINLESS GRD,SS SPECL GR,STNLESS SPCL GR,S-SGR,S.SGR,SS-GRD,S.S.-GR,S-SGR,S.SGR,SS-GRD,S.S.-GR,SS SPECIAL GRADE,SS SPECIAL GR,STAINLESS GRADE,STNLESS SPEC PIECE,S SPEC GRADE,STAINLESS SPECIAL GR,,,
321,321SS,321 STAINLESS,321 STNLSS,321-S,321 SS,321H,321/321H,321\321H,321\H,321/H,SSGR,S.S. GR,STAIN SPEC GRADE,SS-GR,SSGR,S.S. GR,STAIN SPEC GR,SS-GR,STAINLESS SPEC GRADE,S STAINLESS GRADE,SS SPEC GRADE,S.S. SPECIAL GRADE,STAINLESS SPEC GR,S STAINLESS GR,SS SPEC GR,S.S. SPECIAL GR,STAINLESS SPCL GR,STAINLESS SPEC GR,SS SPECL GRADE,STNLESS SPCL GRADE,STAINLESS SPEC GR,STAINLESS GRD,SS SPECL GR,STNLESS SPCL GR,S-SGR,S.SGR,SS-GRD,S.S.-GR,S-SGR,S.SGR,SS-GRD,S.S.-GR,SS SPECIAL GRADE,SS SPECIAL GR,STAINLESS GRADE,STNLESS SPEC PIECE,S SPEC GRADE,STAINLESS SPECIAL GR,,,
347,347SS,347 STAINLESS,347 STNLSS,347-S,347 SS,347H,347/347H,347\347H,347\H,347/H,SSGR,S.S. GR,STAIN SPEC GRADE,SS-GR,SSGR,S.S. GR,STAIN SPEC GR,SS-GR,STAINLESS SPEC GRADE,S STAINLESS GRADE,SS SPEC GRADE,S.S. SPECIAL GRADE,STAINLESS SPEC GR,S STAINLESS GR,SS SPEC GR,S.S. SPECIAL GR,STAINLESS SPCL GR,STAINLESS SPEC GR,SS SPECL GRADE,STNLESS SPCL GRADE,STAINLESS SPEC GR,STAINLESS GRD,SS SPECL GR,STNLESS SPCL GR,S-SGR,S.SGR,SS-GRD,S.S.-GR,S-SGR,S.SGR,SS-GRD,S.S.-GR,SS SPECIAL GRADE,SS SPECIAL GR,STAINLESS GRADE,STNLESS SPEC PIECE,S SPEC GRADE,STAINLESS SPECIAL GR,,,
410,410SS,410 STAINLESS,410 STNLSS,410-S,410 SS,SSGR,S.S. GR,STAIN SPEC GRADE,SS-GR,SSGR,S.S. GR,STAIN SPEC GR,SS-GR,STAINLESS SPEC GRADE,S STAINLESS GRADE,SS SPEC GRADE,S.S. SPECIAL GRADE,STAINLESS SPEC GR,S STAINLESS GR,SS SPEC GR,S.S. SPECIAL GR,STAINLESS SPCL GR,STAINLESS SPEC GR,SS SPECL GRADE,STNLESS SPCL GRADE,STAINLESS SPEC GR,STAINLESS GRD,SS SPECL GR,STNLESS SPCL GR,S-SGR,S.SGR,SS-GRD,S.S.-GR,S-SGR,S.SGR,SS-GRD,S.S.-GR,SS SPECIAL GRADE,SS SPECIAL GR,STAINLESS GRADE,STNLESS SPEC PIECE,S SPEC GRADE,STAINLESS SPECIAL GR,,,,,,,,
446,446SS,446 STAINLESS,446 STNLSS,446-S,446 SS,SSGR,S.S. GR,STAIN SPEC GRADE,SS-GR,SSGR,S.S. GR,STAIN SPEC GR,SS-GR,STAINLESS SPEC GRADE,S STAINLESS GRADE,SS SPEC GRADE,S.S. SPECIAL GRADE,STAINLESS SPEC GR,S STAINLESS GR,SS SPEC GR,S.S. SPECIAL GR,STAINLESS SPCL GR,STAINLESS SPEC GR,SS SPECL GRADE,STNLESS SPCL GRADE,STAINLESS SPEC GR,STAINLESS GRD,SS SPECL GR,STNLESS SPCL GR,S-SGR,S.SGR,SS-GRD,S.S.-GR,S-SGR,S.SGR,SS-GRD,S.S.-GR,SS SPECIAL GRADE,SS SPECIAL GR,STAINLESS GRADE,STNLESS SPEC PIECE,S SPEC GRADE,STAINLESS SPECIAL GR,,,,,,,,
2205,2205SS,2205 DUPLEX STAINLESS,2205 STNLSS,2205-D,2205 SS,SSGR,S.S. GR,STAIN SPEC GRADE,SS-GR,SSGR,S.S. GR,STAIN SPEC GR,SS-GR,STAINLESS SPEC GRADE,S STAINLESS GRADE,SS SPEC GRADE,S.S. SPECIAL GRADE,STAINLESS SPEC GR,S STAINLESS GR,SS SPEC GR,S.S. SPECIAL GR,STAINLESS SPCL GR,STAINLESS SPEC GR,SS SPECL GRADE,STNLESS SPCL GRADE,STAINLESS SPEC GR,STAINLESS GRD,SS SPECL GR,STNLESS SPCL GR,S-SGR,S.SGR,SS-GRD,S.S.-GR,S-SGR,S.SGR,SS-GRD,S.S.-GR,SS SPECIAL GRADE,SS SPECIAL GR,STAINLESS GRADE,STNLESS SPEC PIECE,S SPEC GRADE,STAINLESS SPECIAL GR,,,,,,,,
2507,2507SS,2507 DUPLEX STAINLESS,2507 STNLSS,2507-D,2507 SS,SSGR,S.S. GR,STAIN SPEC GRADE,SS-GR,SSGR,S.S. GR,STAIN SPEC GR,SS-GR,STAINLESS SPEC GRADE,S STAINLESS GRADE,SS SPEC GRADE,S.S. SPECIAL GRADE,STAINLESS SPEC GR,S STAINLESS GR,SS SPEC GR,S.S. SPECIAL GR,STAINLESS SPCL GR,STAINLESS SPEC GR,SS SPECL GRADE,STNLESS SPCL GRADE,STAINLESS SPEC GR,STAINLESS GRD,SS SPECL GR,STNLESS SPCL GR,S-SGR,S.SGR,SS-GRD,S.S.-GR,S-SGR,S.SGR,SS-GRD,S.S.-GR,SS SPECIAL GRADE,SS SPECIAL GR,STAINLESS GRADE,STNLESS SPEC PIECE,S SPEC GRADE,STAINLESS SPECIAL GR,,,,,,,,
254 SMO,254SMO,254 S M O,254S M O,254-SMO,254 SUPER STAINLESS,SSGR,S.S. GR,STAIN SPEC GRADE,SS-GR,SSGR,S.S. GR,STAIN SPEC GR,SS-GR,STAINLESS SPEC GRADE,S STAINLESS GRADE,SS SPEC GRADE,S.S. SPECIAL GRADE,STAINLESS SPEC GR,S STAINLESS GR,SS SPEC GR,S.S. SPECIAL GR,STAINLESS SPCL GR,STAINLESS SPEC GR,SS SPECL GRADE,STNLESS SPCL GRADE,STAINLESS SPEC GR,STAINLESS GRD,SS SPECL GR,STNLESS SPCL GR,S-SGR,S.SGR,SS-GRD,S.S.-GR,S-SGR,S.SGR,SS-GRD,S.S.-GR,SS SPECIAL GRADE,SS SPECIAL GR,STAINLESS GRADE,STNLESS SPEC PIECE,S SPEC GRADE,STAINLESS SPECIAL GR,,,,,,,,
304/H,304H,304 H,304/H,304-H,304 STAINLESS H,304/304H,304\304H,304\H,304/H,SSGR,S.S. GR,STAIN SPEC GRADE,SS-GR,SSGR,S.S. GR,STAIN SPEC GR,SS-GR,STAINLESS SPEC GRADE,S STAINLESS GRADE,SS SPEC GRADE,S.S. SPECIAL GRADE,STAINLESS SPEC GR,S STAINLESS GR,SS SPEC GR,S.S. SPECIAL GR,STAINLESS SPCL GR,STAINLESS SPEC GR,SS SPECL GRADE,STNLESS SPCL GRADE,STAINLESS SPEC GR,STAINLESS GRD,SS SPECL GR,STNLESS SPCL GR,S-SGR,S.SGR,SS-GRD,S.S.-GR,S-SGR,S.SGR,SS-GRD,S.S.-GR,SS SPECIAL GRADE,SS SPECIAL GR,STAINLESS GRADE,STNLESS SPEC PIECE,S SPEC GRADE,STAINLESS SPECIAL GR,,,,
309S/H,309SH,309 S H,309S H,309-SH,309 STAINLESS SH,309,309S,309H,309\309S\309H,309/309S/309H,309/S/H,309\S\H,SSGR,S.S. GR,STAIN SPEC GRADE,SS-GR,SSGR,S.S. GR,STAIN SPEC GR,SS-GR,STAINLESS SPEC GRADE,S STAINLESS GRADE,SS SPEC GRADE,S.S. SPECIAL GRADE,STAINLESS SPEC GR,S STAINLESS GR,SS SPEC GR,S.S. SPECIAL GR,STAINLESS SPCL GR,STAINLESS SPEC GR,SS SPECL GRADE,STNLESS SPCL GRADE,STAINLESS SPEC GR,STAINLESS GRD,SS SPECL GR,STNLESS SPCL GR,S-SGR,S.SGR,SS-GRD,S.S.-GR,S-SGR,S.SGR,SS-GRD,S.S.-GR,SS SPECIAL GRADE,SS SPECIAL GR,STAINLESS GRADE,STNLESS SPEC PIECE,S SPEC GRADE,,STAINLESS SPECIAL GR
316/H,316H,316 H,316/H,316-H,316 STAINLESS H,316/316H,316\316H,316\H,316/H,SSGR,S.S. GR,STAIN SPEC GRADE,SS-GR,SSGR,S.S. GR,STAIN SPEC GR,SS-GR,STAINLESS SPEC GRADE,S STAINLESS GRADE,SS SPEC GRADE,S.S. SPECIAL GRADE,STAINLESS SPEC GR,S STAINLESS GR,SS SPEC GR,S.S. SPECIAL GR,STAINLESS SPCL GR,STAINLESS SPEC GR,SS SPECL GRADE,STNLESS SPCL GRADE,STAINLESS SPEC GR,STAINLESS GRD,SS SPECL GR,STNLESS SPCL GR,S-SGR,S.SGR,SS-GRD,S.S.-GR,S-SGR,S.SGR,SS-GRD,S.S.-GR,SS SPECIAL GRADE,SS SPECIAL GR,STAINLESS GRADE,STNLESS SPEC PIECE,S SPEC GRADE,STAINLESS SPECIAL GR,,,,
904L,904L,904 L,904 L,904-L,904 STAINLESS L,904,904/904L,904\904L,904\L,904/L,SSGR,S.S. GR,STAIN SPEC GRADE,SS-GR,SSGR,S.S. GR,STAIN SPEC GR,SS-GR,STAINLESS SPEC GRADE,S STAINLESS GRADE,SS SPEC GRADE,S.S. SPECIAL GRADE,STAINLESS SPEC GR,S STAINLESS GR,SS SPEC GR,S.S. SPECIAL GR,STAINLESS SPCL GR,STAINLESS SPEC GR,SS SPECL GRADE,STNLESS SPCL GRADE,STAINLESS SPEC GR,STAINLESS GRD,SS SPECL GR,STNLESS SPCL GR,S-SGR,S.SGR,SS-GRD,S.S.-GR,S-SGR,S.SGR,SS-GRD,S.S.-GR,SS SPECIAL GRADE,SS SPECIAL GR,STAINLESS GRADE,STNLESS SPEC PIECE,S SPEC GRADE,STAINLESS SPECIAL GR,,,
AL6XN,AL6XN,AL 6 XN,AL6 XN,AL-6XN,ALLOY AL6XN,SSGR,S.S. GR,STAIN SPEC GRADE,SS-GR,SSGR,S.S. GR,STAIN SPEC GR,SS-GR,STAINLESS SPEC GRADE,S STAINLESS GRADE,SS SPEC GRADE,S.S. SPECIAL GRADE,STAINLESS SPEC GR,S STAINLESS GR,SS SPEC GR,S.S. SPECIAL GR,STAINLESS SPCL GR,STAINLESS SPEC GR,SS SPECL GRADE,STNLESS SPCL GRADE,STAINLESS SPEC GR,STAINLESS GRD,SS SPECL GR,STNLESS SPCL GR,S-SGR,S.SGR,SS-GRD,S.S.-GR,S-SGR,S.SGR,SS-GRD,S.S.-GR,SS SPECIAL GRADE,SS SPECIAL GR,STAINLESS GRADE,STNLESS SPEC PIECE,S SPEC GRADE,STAINLESS SPECIAL GR,,,,,,,,
ALLOY 20,ALY20,ALLOY 2 0,ALLOY 20,AL-20,ALLOY GRADE 20,SSGR,S.S. GR,STAIN SPEC GRADE,SS-GR,SSGR,S.S. GR,STAIN SPEC GR,SS-GR,STAINLESS SPEC GRADE,S STAINLESS GRADE,SS SPEC GRADE,S.S. SPECIAL GRADE,STAINLESS SPEC GR,S STAINLESS GR,SS SPEC GR,S.S. SPECIAL GR,STAINLESS SPCL GR,STAINLESS SPEC GR,SS SPECL GRADE,STNLESS SPCL GRADE,STAINLESS SPEC GR,STAINLESS GRD,SS SPECL GR,STNLESS SPCL GR,S-SGR,S.SGR,SS-GRD,S.S.-GR,S-SGR,S.SGR,SS-GRD,S.S.-GR,SS SPECIAL GRADE,SS SPECIAL GR,STAINLESS GRADE,STNLESS SPEC PIECE,S SPEC GRADE,STAINLESS SPECIAL GR,,,,,,,,
B6,GRADE B6,B 6,B-6,B-6,ALLOY B6,SSGR,S.S. GR,STAIN SPEC GRADE,SS-GR,SSGR,S.S. GR,STAIN SPEC GR,SS-GR,STAINLESS SPEC GRADE,S STAINLESS GRADE,SS SPEC GRADE,S.S. SPECIAL GRADE,STAINLESS SPEC GR,S STAINLESS GR,SS SPEC GR,S.S. SPECIAL GR,STAINLESS SPCL GR,STAINLESS SPEC GR,SS SPECL GRADE,STNLESS SPCL GRADE,STAINLESS SPEC GR,STAINLESS GRD,SS SPECL GR,STNLESS SPCL GR,S-SGR,S.SGR,SS-GRD,S.S.-GR,S-SGR,S.SGR,SS-GRD,S.S.-GR,SS SPECIAL GRADE,SS SPECIAL GR,STAINLESS GRADE,STNLESS SPEC PIECE,S SPEC GRADE,STAINLESS SPECIAL GR,,,,,,,,
SCC-6MO,STAINLESS SPECIAL GR,SSGR,S.S. GR,STAIN SPEC GRADE,SS-GR,SSGR,S.S. GR,STAIN SPEC GR,SS-GR,STAINLESS SPEC GRADE,S STAINLESS GRADE,SS SPEC GRADE,S.S. SPECIAL GRADE,STAINLESS SPEC GR,S STAINLESS GR,SS SPEC GR,S.S. SPECIAL GR,STAINLESS SPCL GR,STAINLESS SPEC GR,SS SPECL GRADE,STNLESS SPCL GRADE,STAINLESS SPEC GR,STAINLESS GRD,SS SPECL GR,STNLESS SPCL GR,S-SGR,S.SGR,SS-GRD,S.S.-GR,S-SGR,S.SGR,SS-GRD,S.S.-GR,SS SPECIAL GRADE,SS SPECIAL GR,STAINLESS GRADE,STNLESS SPEC PIECE,S SPEC GRADE,,,,,,,,,,,,,
UNS32760,STAINLESS SPECIAL GR,SSGR,S.S. GR,STAIN SPEC GRADE,SS-GR,SSGR,S.S. GR,STAIN SPEC GR,SS-GR,STAINLESS SPEC GRADE,S STAINLESS GRADE,SS SPEC GRADE,S.S. SPECIAL GRADE,STAINLESS SPEC GR,S STAINLESS GR,SS SPEC GR,S.S. SPECIAL GR,STAINLESS SPCL GR,STAINLESS SPEC GR,SS SPECL GRADE,STNLESS SPCL GRADE,STAINLESS SPEC GR,STAINLESS GRD,SS SPECL GR,STNLESS SPCL GR,S-SGR,S.SGR,SS-GRD,S.S.-GR,S-SGR,S.SGR,SS-GRD,S.S.-GR,SS SPECIAL GRADE,SS SPECIAL GR,STAINLESS GRADE,STNLESS SPEC PIECE,S SPEC GRADE,,,,,,,,,,,,,
ZERON 100,STAINLESS SPECIAL GR,SSGR,S.S. GR,STAIN SPEC GRADE,SS-GR,SSGR,S.S. GR,STAIN SPEC GR,SS-GR,STAINLESS SPEC GRADE,S STAINLESS GRADE,SS SPEC GRADE,S.S. SPECIAL GRADE,STAINLESS SPEC GR,S STAINLESS GR,SS SPEC GR,S.S. SPECIAL GR,STAINLESS SPCL GR,STAINLESS SPEC GR,SS SPECL GRADE,STNLESS SPCL GRADE,STAINLESS SPEC GR,STAINLESS GRD,SS SPECL GR,STNLESS SPCL GR,S-SGR,S.SGR,SS-GRD,S.S.-GR,S-SGR,S.SGR,SS-GRD,S.S.-GR,SS SPECIAL GRADE,SS SPECIAL GR,STAINLESS GRADE,STNLESS SPEC PIECE,S SPEC GRADE,,,,,,,,,,,,,
8,GR8,G R 8,G8,G-8,GRADE 8,,,,,,,,,,,,,,,,,,,,,,,,,,,,,,,,,,,,,,,,,,,,,,
304,304SS,304 STAINLESS,304 STNLSS,304-S,304 SS,304L,,304\304L,304/304L,304\L,304/L,,,,,,,,,,,,,,,,,,,,,,,,,,,,,,,,,,,,,,,,
316,316SS,316 STAINLESS,316 STNLSS,316-S,316 SS,316L,316/316L,316\316L,316\L,316/L,,,,,,,,,,,,,,,,,,,,,,,,,,,,,,,,,,,,,,,,,
22H,22H,22 H,22-H,22-H,22 H ALLOY,TITANIUM,,,,,,,,,,,,,,,,,,,,,,,,,,,,,,,,,,,,,,,,,,,,,
GR 2,TITANIUM,,,,,,,,,,,,,,,,,,,,,,,,,,,,,,,,,,,,,,,,,,,,,,,,,,
GR 22H,TITANIUM,,,,,,,,,,,,,,,,,,,,,,,,,,,,,,,,,,,,,,,,,,,,,,,,,,
R60702,ZIRCONIUM,,,,,,,,,,,,,,,,,,,,,,,,,,,,,,,,,,,,,,,,,,,,,,,,,,
