IDX,COMMON_PVFF_CROSSOVERS_IDL_REF,NOTES,POPULAR,VAR_2,VAR_3,VAR_4,VAR_5,VAR_6,VAR_7,VAR_8,VAR_9,VAR_10,VAR_11,VAR_12,VAR_13,VAR_14,VAR_15,VAR_16,VAR_17,VAR_18,VAR_19,VAR_20
1,END CONN,,PBE,PLAIN BOTH ENDS,,,,,,,,,,,,,,,,,,
2,END CONN,,BE,BEVEL END,BEVELED ENDS,,,,,,,,,,,,,,,,,
3,END CONN,,BExPE,BEVEL END x PLAIN END,,,,,,,,,,,,,,,,,,
4,END CONN,,BW ,BUTT WELD,BUTTWELD,BUTT-WELD,,,,,,,,,,,,,,,,
5,END CONN,,FF,FLAT FACE,FLATFACE,,,,,,,,,,,,,,,,,
6,END CONN,,FNPT,FPT,Female NPT,FT,FEMALE THREADED,Female Threaded End,F/T,,,,,,,,,,,,,
7,END CONN,,FSW,FEMALE SOCKETWELD,FEMALE SOCKET WELD,,,,,,,,,,,,,,,,,
8,END CONN,,GRVD,GRV,GROOVED,GROOVED END,,,,,,,,,,,,,,,,
9,END CONN,,MNPT,MPT,Male NPT,MT,MALE THREADED,Male Threaded End,M/T,MPT,,,,,,,,,,,,
10,END CONN,,MSW,MALE SOCKETWELD,MALE SOCKET WELD,,,,,,,,,,,,,,,,,
11,END CONN,,PE,PLAIN ENDS,PLAIN END,,,,,,,,,,,,,,,,,
12,END CONN,,RF,RAISED FACE,RF FLG,RAISED FACE FLG,,,,,,,,,,,,,,,,
13,END CONN,,RTJ,RING TYPE JOINT,RING JOINT,RJ,,,,,,,,,,,,,,,,
14,END CONN,join words in output = SOCKETWELD,SW,SOCKETWELD,SOCKET WELD,SWE,S/W,SOCKETWELD END,SOC,,,,,,,,,,,,,
15,END CONN,,TBE,THREADED BOTH ENDS,,,,,,,,,,,,,,,,,,
16,END CONN,,TOE,THREADED ONE END,,,,,,,,,,,,,,,,,,
17,END CONN,,NPT,THD ,THREADED,THRD,Nominal Pipe Thread,,,,,,,,,,,,,,,
18,TYPE,,FLG,FLANGE,,,,,,,,,,,,,,,,,,
19,GENERAL,,BSP,British Standard Pipe,,,,,,,,,,,,,,,,,,
20,GENERAL,,DP,Differential Pressure ,,,,,,,,,,,,,,,,,,
21,GENERAL,,HP,High Pressure ,,,,,,,,,,,,,,,,,,
22,GENERAL,,ID,Inside Diameter ,,,,,,,,,,,,,,,,,,
23,GENERAL,,IPS,Iron Pipe Size ,,,,,,,,,,,,,,,,,,
24,GENERAL,,IPT,Iron Pipe Thread,,,,,,,,,,,,,,,,,,
25,GENERAL,,LP,Low Pressure ,,,,,,,,,,,,,,,,,,
26,GENERAL,,MOP,MAX OPERATING PRESSURE,Maximum Operating Pressure,,,,,,,,,,,,,,,,,
27,GENERAL,,MP,Medium Pressure ,,,,,,,,,,,,,,,,,,
28,GENERAL,,NB,Nominal Bore ,,,,,,,,,,,,,,,,,,
29,GENERAL,,NPS,Nominal Pipe Size ,,,,,,,,,,,,,,,,,,
30,GENERAL,,OD,Outside Diameter ,,,,,,,,,,,,,,,,,,
31,GENERAL,,SCH,SCHEDULE,,,,,,,,,,,,,,,,,,
32,GENERAL,,SIL,Safety Integrity Level ,,,,,,,,,,,,,,,,,,
33,GENERAL,,WOG ,WATER OIL GAS,,,,,,,,,,,,,,,,,,
34,GENERAL,,WP,Working Pressure ,,,,,,,,,,,,,,,,,,
35,MATERIAL,,CS,Carbon Steel ,,,,,,,,,,,,,,,,,,
36,MATERIAL,,DI,Ductile Iron ,D.I.,,,,,,,,,,,,,,,,,
37,MATERIAL,,HDPE,High-Density Polyethylene ,,,,,,,,,,,,,,,,,,
38,MATERIAL,,LTCS,Low Temperature Carbon Steel ,,,,,,,,,,,,,,,,,,
39,MATERIAL,,PVC,Polyvinyl Chloride ,,,,,,,,,,,,,,,,,,
40,MATERIAL,,SS,Stainless Steel ,,,,,,,,,,,,,,,,,,
41,MATERIAL,,WPHY,Weldable High Yield ,,,,,,,,,,,,,,,,,,
42,MATERIAL,,CS,CARBON STEEL,A216 WCB,WCB,A105,A106,A53,A234,A106-B,A53-B,A234-WPB,A216 WCC,WCC,,,,,,,
43,MATERIAL,,SS,STAINLESS STEEL,316,CF8M,A182,317,347,304,310,A403,A276,F304,F316,WP304,WP316,CF8,CA15,CF3M,CF8C,CF3
44,MATERIAL,,LTCS,LOW TEMP CARBON STEEL,LCC,A333,A420,A350 LF2,LF2,A333-6,WPL6,A352,A352 LCB,A352 LCC,,,,,,,,
45,MATERIAL,,LTSS,LOW TEMP STAINLESS STEEL,A312,F340L,304/L,F316L,316/L,321,WP304L,WP316L,CF3M,316L,304L,,,,,,,
46,ORG,,API,American Petroleum Institute ,,,,,,,,,,,,,,,,,,
47,ORG,,ASME,American Society of Mechanical Engineers ,,,,,,,,,,,,,,,,,,
48,PORT,,RP,RB,REDUCED PORT,REDUCED BORE,RED PORT,RED BORE,REG BORE,REG PORT,REGULAR BORE,REGULAR PORT,,,,,,,,,,
49,PORT,,FB,FP,FULL BORE,FULL PORT,,,,,,,,,,,,,,,,
50,PRESSURE,,CL 300,CL300,CLASS 300,PN 50,50 BAR,,,,,,,,,,,,,,,
51,PRESSURE,,CL,CLASS,,,,,,,,,,,,,,,,,,
52,PRESSURE,,CL 150,CL150,CLASS 150,PN 20,20 BAR,,,,,,,,,,,,,,,
53,PRESSURE,,CL 1500,CL1500,CLASS 1500,PN 250,420 BAR,,,,,,,,,,,,,,,
54,PRESSURE,,CL 2500,CL2500,CLASS 2500,PN 420,690 BAR,,,,,,,,,,,,,,,
55,PRESSURE,,CL 400,CL400,CLASS 400,PN 64,110 BAR,,,,,,,,,,,,,,,
56,PRESSURE,,CL 4000,CL4000,CLASS 4000,PN 690,1000 BAR,,,,,,,,,,,,,,,
57,PRESSURE,,CL 4500,CL4500,CLASS 4500,PN 750,1200 BAR,,,,,,,,,,,,,,,
58,PRESSURE,,CL 600,CL600,CLASS 600,PN 100,150 BAR,,,,,,,,,,,,,,,
59,PRESSURE,,CL 800,CL800,CLASS 800,PN 140,200 BAR,,,,,,,,,,,,,,,
60,PRESSURE,,CL 900,CL900,CLASS 900,PN 150,250 BAR,,,,,,,,,,,,,,,
61,SCHEDULE (ALWAYS),,SCH 80,SCHEDULE 80,S/80,SH. 80,S80,S-80,,,,,,,,,,,,,,
62,SCHEDULE (ALWAYS),,SCH 10,SCHEDULE 10,S/10,SH. 10,S10,S-10,,,,,,,,,,,,,,
63,SCHEDULE (ALWAYS),,SCH 60,SCHEDULE 60,S/60,SH. 60,S60,S-60,,,,,,,,,,,,,,
64,SCHEDULE (ALWAYS),,SCH 120,SCHEDULE 120,S/120,SH. 120,S120,S-120,,,,,,,,,,,,,,
65,SCHEDULE (ALWAYS),,SCH 160,SCHEDULE 160,S/160,SH. 160,S160,S-160,,,,,,,,,,,,,,
66,SCHEDULE (ALWAYS),,SCH 40,SCHEDULE 40,S/40,SH. 40,S40,S-40,,,,,,,,,,,,,,
67,SCHEDULE (ALWAYS),,SCH 10S,S/10S,S10S,SCHEDULE 10S,SH. 10S,S-10S,,,,,,,,,,,,,,
68,SCHEDULE (ALWAYS),,SCH XH,SCH XS,,,,,,,,,,,,,,,,,,
69,SCHEDULE (ALWAYS),,SCH 80S,S/80S,S80S,SCHEDULE 80S,SCH XH,SCHEDULE EXTRA HEAVY,S/XH,EXTRA HEAVY,SCH EXTRA HEAVY,SCH XS,XS,Extra Strong,,,,,,,,
70,SCHEDULE (ALWAYS),,SCH STD,SCHEDULE STANDARD,S/STD,SCH 40S,SCHEDULE 40S,S/40S,,,,,,,,,,,,,,
71,SCHEDULE (ALWAYS),,SCH XXH,XXH,Extra Extra Heavy,Double Extra Heavy ,,,,,,,,,,,,,,,,
72,SCHEDULE (DEPEND.ON SIZES),,SCH 10 = SCH 10S,"ONLY SIZES 1/8"" TO 12""",,,,,,,,,,,,,,,,,,
73,SCHEDULE (DEPEND.ON SIZES),,SCH STD = SCH 40,"ONLY SIZES 1/8"" TO 10""",,,,,,,,,,,,,,,,,,
74,SCHEDULE (DEPEND.ON SIZES),,SCH XH = SCH 80,"ONLY SIZES 1/8"" TO 8""",,,,,,,,,,,,,,,,,,
75,SCHEDULE (DEPEND.ON SIZES),,SCH 5 = SCH 5S,"ONLY SIZES 1/8"" TO 10""",,,,,,,,,,,,,,,,,,
76,SCHEDULE (DEPEND.ON SIZES),,SCH 40 = SCH 40S,"ONLY SIZES 1/8"" TO 10""",,,,,,,,,,,,,,,,,,
77,SCHEDULE (DEPEND.ON SIZES),,SCH 80 = SCH 80S,"ONLY SIZES 1/8"" TO 8""",,,,,,,,,,,,,,,,,,
78,SIZE,,0.0625,1/16,,,,,,,,,,,,,,,,,,
79,SIZE,,0.125,1/8,,,,,,,,,,,,,,,,,,
80,SIZE,,0.1875,3/16,,,,,,,,,,,,,,,,,,
81,SIZE,,0.25,1/4,,,,,,,,,,,,,,,,,,
82,SIZE,,0.3125,5/16,,,,,,,,,,,,,,,,,,
83,SIZE,,0.375,3/8,,,,,,,,,,,,,,,,,,
84,SIZE,,0.4375,7/16,,,,,,,,,,,,,,,,,,
85,SIZE,,0.5,1/2,,,,,,,,,,,,,,,,,,
86,SIZE,,0.5625,9/16,,,,,,,,,,,,,,,,,,
87,SIZE,,0.625,5/8,,,,,,,,,,,,,,,,,,
88,SIZE,,0.6875,11/16,,,,,,,,,,,,,,,,,,
89,SIZE,,0.75,3/4,,,,,,,,,,,,,,,,,,
90,SIZE,,0.8125,13/16,,,,,,,,,,,,,,,,,,
91,SIZE,,0.875,7/8,,,,,,,,,,,,,,,,,,
92,SIZE,,0.9375,15/16,,,,,,,,,,,,,,,,,,
93,SIZE,,1.0625,1-1/16,,,,,,,,,,,,,,,,,,
94,SIZE,,1.125,1-1/8,,,,,,,,,,,,,,,,,,
95,SIZE,,1.1875,1-3/16,,,,,,,,,,,,,,,,,,
96,SIZE,,1.25,1-1/4,,,,,,,,,,,,,,,,,,
97,SIZE,,1.3125,1-5/16,,,,,,,,,,,,,,,,,,
98,SIZE,,1.375,1-3/8,,,,,,,,,,,,,,,,,,
99,SIZE,,1.4375,1-7/16,,,,,,,,,,,,,,,,,,
100,SIZE,,1.5,1-1/2,,,,,,,,,,,,,,,,,,
101,SIZE,,1.5625,1-9/16,,,,,,,,,,,,,,,,,,
102,SIZE,,1.625,1-5/8,,,,,,,,,,,,,,,,,,
103,SIZE,,1.6875,1-11/16,,,,,,,,,,,,,,,,,,
104,SIZE,,1.75,1-3/4,,,,,,,,,,,,,,,,,,
105,SIZE,,1.8125,1-13/16,,,,,,,,,,,,,,,,,,
106,SIZE,,1.875,1-7/8,,,,,,,,,,,,,,,,,,
107,SIZE,,2.0625,2-1/16,,,,,,,,,,,,,,,,,,
108,SIZE,,2.125,2-1/8,,,,,,,,,,,,,,,,,,
109,SIZE,,2.1875,2-3/16,,,,,,,,,,,,,,,,,,
110,SIZE,,2.25,2-1/4,,,,,,,,,,,,,,,,,,
111,SIZE,,2.3125,2-5/16,,,,,,,,,,,,,,,,,,
112,SIZE,,2.375,2-3/8,,,,,,,,,,,,,,,,,,
113,SIZE,,2.4375,2-7/16,,,,,,,,,,,,,,,,,,
114,SIZE,,2.5,2-1/2,,,,,,,,,,,,,,,,,,
115,SIZE,,2.5625,2-9/16,,,,,,,,,,,,,,,,,,
116,SIZE,,2.625,2-5/8,,,,,,,,,,,,,,,,,,
117,SIZE,,2.6875,2-11/16,,,,,,,,,,,,,,,,,,
118,SIZE,,2.75,2-3/4,,,,,,,,,,,,,,,,,,
119,SIZE,,2.875,2-7/8,,,,,,,,,,,,,,,,,,
120,SIZE,,3.0625,3-1/16,,,,,,,,,,,,,,,,,,
121,SIZE,,3.125,3-1/8,,,,,,,,,,,,,,,,,,
122,SIZE,,3.1875,3-3/16,,,,,,,,,,,,,,,,,,
123,SIZE,,3.25,3-1/4,,,,,,,,,,,,,,,,,,
124,SIZE,,3.3125,3-5/16,,,,,,,,,,,,,,,,,,
125,SIZE,,3.375,3-3/8,,,,,,,,,,,,,,,,,,
126,SIZE,,3.5,3-1/2,,,,,,,,,,,,,,,,,,
127,SIZE,,3.625,3-5/8,,,,,,,,,,,,,,,,,,
128,SIZE,,3.6875,3-11/16,,,,,,,,,,,,,,,,,,
129,SIZE,,3.75,3-3/4,,,,,,,,,,,,,,,,,,
130,SIZE,,3.8125,3-13/16,,,,,,,,,,,,,,,,,,
131,SIZE,,3.875,3-7/8,,,,,,,,,,,,,,,,,,
132,SIZE,,3.9375,3-15/16,,,,,,,,,,,,,,,,,,
133,SIZE,,4.0625,4-1/16,,,,,,,,,,,,,,,,,,
134,SIZE,,4.25,4-1/4,,,,,,,,,,,,,,,,,,
135,SIZE,,4.3125,4-5/16,,,,,,,,,,,,,,,,,,
136,SIZE,,4.375,4-3/8,,,,,,,,,,,,,,,,,,
137,SIZE,,4.4375,4-7/16,,,,,,,,,,,,,,,,,,
138,SIZE,,4.5,4-1/2,,,,,,,,,,,,,,,,,,
139,SIZE,,4.5625,4-9/16,,,,,,,,,,,,,,,,,,
140,SIZE,,4.625,4-5/8,,,,,,,,,,,,,,,,,,
141,SIZE,,4.75,4-3/4,,,,,,,,,,,,,,,,,,
142,SIZE,,5.125,5-1/8,,,,,,,,,,,,,,,,,,
143,SIZE,,5.25,5-1/4,,,,,,,,,,,,,,,,,,
144,SIZE,,5.3125,5-5/16,,,,,,,,,,,,,,,,,,
145,SIZE,,5.375,5-3/8,,,,,,,,,,,,,,,,,,
146,SIZE,,5.4375,5-7/16,,,,,,,,,,,,,,,,,,
147,SIZE,,5.5,5-1/2,,,,,,,,,,,,,,,,,,
148,SIZE,,5.5625,5-9/16,,,,,,,,,,,,,,,,,,
149,SIZE,,5.625,5-5/8,,,,,,,,,,,,,,,,,,
150,SIZE,,5.6875,5-11/16,,,,,,,,,,,,,,,,,,
151,SIZE,,5.75,5-3/4,,,,,,,,,,,,,,,,,,
152,SIZE,,6.125,6-1/8,,,,,,,,,,,,,,,,,,
153,SIZE,,6.25,6-1/4,,,,,,,,,,,,,,,,,,
154,SIZE,,6.3125,6-5/16,,,,,,,,,,,,,,,,,,
155,SIZE,,6.375,6-3/8,,,,,,,,,,,,,,,,,,
156,SIZE,,6.4375,6-7/16,,,,,,,,,,,,,,,,,,
157,SIZE,,6.5,6-1/2,,,,,,,,,,,,,,,,,,
158,SIZE,,6.5625,6-9/16,,,,,,,,,,,,,,,,,,
159,SIZE,,6.625,6-5/8,,,,,,,,,,,,,,,,,,
160,SIZE,,6.6875,6-11/16,,,,,,,,,,,,,,,,,,
161,SIZE,,6.75,6-3/4,,,,,,,,,,,,,,,,,,
162,SIZE,,6.8125,6-13/16,,,,,,,,,,,,,,,,,,
163,SIZE,,7.0625,7-1/16,,,,,,,,,,,,,,,,,,
164,SIZE,,7.25,7-1/4,,,,,,,,,,,,,,,,,,
165,SIZE,,7.3125,7-5/16,,,,,,,,,,,,,,,,,,
166,SIZE,,7.5,7-1/2,,,,,,,,,,,,,,,,,,
167,SIZE,,7.75,7-3/4,,,,,,,,,,,,,,,,,,
168,SIZE,,7.875,7-7/8,,,,,,,,,,,,,,,,,,
169,SIZE,,8.125,8-1/8,,,,,,,,,,,,,,,,,,
170,SIZE,,8.25,8-1/4,,,,,,,,,,,,,,,,,,
171,SIZE,,8.3125,8-5/16,,,,,,,,,,,,,,,,,,
172,SIZE,,8.375,8-3/8,,,,,,,,,,,,,,,,,,
173,SIZE,,8.4375,8-7/16,,,,,,,,,,,,,,,,,,
174,SIZE,,8.5,8-1/2,,,,,,,,,,,,,,,,,,
175,SIZE,,8.5625,8-9/16,,,,,,,,,,,,,,,,,,
176,SIZE,,8.625,8-5/8,,,,,,,,,,,,,,,,,,
177,SIZE,,8.6875,8-11/16,,,,,,,,,,,,,,,,,,
178,SIZE,,8.75,8-3/4,,,,,,,,,,,,,,,,,,
179,SIZE,,9.25,9-1/4,,,,,,,,,,,,,,,,,,
180,SIZE,,9.5,9-1/2,,,,,,,,,,,,,,,,,,
181,SIZE,,10.25,10-1/4,,,,,,,,,,,,,,,,,,
182,SIZE,,10.5,10-1/2,,,,,,,,,,,,,,,,,,
183,SIZE,,11.5,11-1/2,,,,,,,,,,,,,,,,,,
184,SIZE,,12.25,12-1/4,,,,,,,,,,,,,,,,,,
185,SIZE,,12.3125,12-5/16,,,,,,,,,,,,,,,,,,
186,SIZE,,12.375,12-3/8,,,,,,,,,,,,,,,,,,
187,SIZE,,12.4375,12-7/16,,,,,,,,,,,,,,,,,,
188,SIZE,,12.5,12-1/2,,,,,,,,,,,,,,,,,,
189,SIZE,,13.0625,13-1/16,,,,,,,,,,,,,,,,,,
190,SIZE,,13.125,13-1/8,,,,,,,,,,,,,,,,,,
191,SIZE,,13.1875,13-3/16,,,,,,,,,,,,,,,,,,
192,SIZE,,13.25,13-1/4,,,,,,,,,,,,,,,,,,
193,SIZE,,13.3125,13-5/16,,,,,,,,,,,,,,,,,,
194,SIZE,,13.375,13-3/8,,,,,,,,,,,,,,,,,,
195,SIZE,,13.5,13-1/2,,,,,,,,,,,,,,,,,,
196,SIZE,,13.75,13-3/4,,,,,,,,,,,,,,,,,,
197,SIZE,,13.8125,13-13/16,,,,,,,,,,,,,,,,,,
198,SIZE,,19.625,19-5/8,,,,,,,,,,,,,,,,,,
199,SIZE,,"0.0625""",0.0625,1/16,,0.125X0.125X0.125,,,,,,,,,,,,,,,
200,SIZE,,"0.125""",0.125,,,0.125X0.125X0.125,,,,,,,,,,,,,,,
201,SIZE,,"0.25""",0.25,,,0.25X0.25X0.25,,,,,,,,,,,,,,,
202,SIZE,,"0.375""",0.375,,,0.375X0.375X0.375,,,,,,,,,,,,,,,
203,SIZE,,"0.5""",0.5,,,0.5X0.5X0.5,,,,,,,,,,,,,,,
204,SIZE,,"0.625""",0.625,,,0.625X0.625X0.625,,,,,,,,,,,,,,,
205,SIZE,,"0.75""",0.75,,,0.75X0.75X0.75,,,,,,,,,,,,,,,
206,SIZE,,"0.875""",0.875,,,0.875X0.875X0.875,,,,,,,,,,,,,,,
207,SIZE,,"1""",1,1IN,1 IN,1X1X1,,,,,,,,,,,,,,,
208,SIZE,,"1.25""",1.25,1-1/4,"1.1/4""",1.25X1.25X1.25,,,,,,,,,,,,,,,
209,SIZE,,"1.5""",1.5,1-1/2,"1.1/2""",1.5X1.5X1.5,,,,,,,,,,,,,,,
210,SIZE,,"10""",10,,,10X10X10,,,,,,,,,,,,,,,
211,SIZE,,"12""",12,,,12X12X12,,,,,,,,,,,,,,,
212,SIZE,,"14""",14,,,14X14X14,,,,,,,,,,,,,,,
213,SIZE,,"16""",16,,,16X16X16,,,,,,,,,,,,,,,
214,SIZE,,"18""",18,,,18X18X18,,,,,,,,,,,,,,,
215,SIZE,,"2""",2,2IN,2 IN,2X2X2,,,,,,,,,,,,,,,
216,SIZE,,"2.5""",2.5,2-1/2,2.1/2,2.5X2.5X2.5,,,,,,,,,,,,,,,
217,SIZE,,"20""",20,,,20X20X20,,,,,,,,,,,,,,,
218,SIZE,,"24""",24,,,24X24X24,,,,,,,,,,,,,,,
219,SIZE,,"3""",3,3IN,3 IN,3X3X3,,,,,,,,,,,,,,,
220,SIZE,,"30""",30,,,30X30X30,,,,,,,,,,,,,,,
221,SIZE,,"36""",36,,,36X36X36,,,,,,,,,,,,,,,
222,SIZE,,"4""",4,4IN,4 IN,4X4X4,,,,,,,,,,,,,,,
223,SIZE,,"42""",42,,,42X42X42,,,,,,,,,,,,,,,
224,SIZE,,"48""",48,,,48X48X48,,,,,,,,,,,,,,,
225,SIZE,,"5""",5,5IN,5 IN,5X5X5,,,,,,,,,,,,,,,
226,SIZE,,"54""",54,,,54X54X54X,,,,,,,,,,,,,,,
227,SIZE,,"6""",6,6IN,6 IN,6X6X6,,,,,,,,,,,,,,,
228,SIZE,,"60""",60,,,60X60X60,,,,,,,,,,,,,,,
229,,,"7""",7,7IN,7 IN,7X7X7,,,,,,,,,,,,,,,
230,SIZE,,"8""",8,8IN,8 IN,8X8X8,,,,,,,,,,,,,,,
231,,,"9""",9,9IN,9 IN,9X9X9,,,,,,,,,,,,,,,
232,TYPE,,AOV,Air Operated Valve ,,,,,,,,,,,,,,,,,,
233,TYPE,,BB,BOLTED BONNET,,,,,,,,,,,,,,,,,,
234,TYPE,,BFV,Butterfly Valve ,BF,BFLY,,,,,,,,,,,,,,,,
235,TYPE,,BS,BELLOWS SEAL,,,,,,,,,,,,,,,,,,
236,TYPE,,BV,Ball Valve ,,,,,,,,,,,,,,,,,,
237,TYPE,,CV,CHK VLV,CHECK VALVE,,,,,,,,,,,,,,,,,
238,TYPE,,DBB,Double Block and Bleed ,,,,,,,,,,,,,,,,,,
239,TYPE,,DCV,Directional Control Valve ,,,,,,,,,,,,,,,,,,
240,TYPE,,DOV,DOUBLE OFFSET VALVE,,,,,,,,,,,,,,,,,,
241,TYPE,,GLB,GLOBE,,,,,,,,,,,,,,,,,,
242,TYPE,,NIP,NIPPLE,NPPL,NPPLS,,,,,,,,,,,,,,,,
243,TYPE,,IREB,Integrally reinforced EXTENDED BODY,,,,,,,,,,,,,,,,,,
244,TYPE,,LB,Long Bend ,,,,,,,,,,,,,,,,,,
245,TYPE,,LJ,LAP JOINT,,,,,,,,,,,,,,,,,,
246,TYPE,,MOV,Motor Operated Valve ,,,,,,,,,,,,,,,,,,
247,TYPE,,NRV,Non-Return Valve ,,,,,,,,,,,,,,,,,,
248,TYPE,,PCV,Pressure Control Valve ,,,,,,,,,,,,,,,,,,
249,TYPE,,RV,RELIEF VALVE,,,,,,,,,,,,,,,,,,
250,TYPE,,SB,SHORT BEND,,,,,,,,,,,,,,,,,,
251,TYPE,,SDV,Shutdown Valve ,,,,,,,,,,,,,,,,,,
252,TYPE,,SO,SLIP ON,SLIP-ON,SL,,,,,,,,,,,,,,,,
253,TYPE,,SOV,Solenoid Operated Valve ,,,,,,,,,,,,,,,,,,
254,TYPE,,SR,SHORT RADIUS,,,,,,,,,,,,,,,,,,
255,TYPE,,TOV,TRIPLE OFFSET VALVE,,,,,,,,,,,,,,,,,,
256,TYPE,,UB,UNION BONNET,,,,,,,,,,,,,,,,,,
257,TYPE,,VJ,Victaulic Joint,,,,,,,,,,,,,,,,,,
258,TYPE,,WB,WELDED BONNET,,,,,,,,,,,,,,,,,,
259,TYPE,,WN,WELD NECK,WELDNECK,,,,,,,,,,,,,,,,,
260,MATERIAL,,A105N,A105 NORMALIZED,,,,,,,,,,,,,,,,,,
261,MATERIAL,,AL BRZ,ALUMINUM BRONZE,,,,,,,,,,,,,,,,,,
262,GENERAL,,APD,APPROVED,,,,,,,,,,,,,,,,,,
263,MATERIAL,,BRS,BRASS,,,,,,,,,,,,,,,,,,
264,MAT,,BRZ,BRONZE,BRNZ,,,,,,,,,,,,,,,,,
265,PRESSURE,,CL 150,CL150,CLASS 150,PN 20,20 BAR,,,,,,,,,,,,,,,
266,PRESSURE,,CL 1500,CL1500,CLASS 1500,PN 250,420 BAR,,,,,,,,,,,,,,,
267,PRESSURE,,CL 2500,CL2500,CLASS 2500,PN 420,690 BAR,,,,,,,,,,,,,,,
268,PRESSURE,,CL 300,CL300,CLASS 300,PN 50,50 BAR,,,,,,,,,,,,,,,
269,PRESSURE,,CL 400,CL400,CLASS 400,PN 64,110 BAR,,,,,,,,,,,,,,,
270,PRESSURE,,CL 600,CL600,CLASS 600,PN 100,150 BAR,,,,,,,,,,,,,,,
271,PRESSURE,,CL 900,CL900,CLASS 900,PN 150,250 BAR,,,,,,,,,,,,,,,
272,TYPE,,CONC,CONCENTRIC,,,,,,,,,,,,,,,,,,
273,TYPE/MATERIAL,,CPVC,Chlorinated PVC,,,,,,,,,,,,,,,,,,
274,GENERAL,,CWP,COLD WORKING PRESSURE,,,,,,,,,,,,,,,,,,
275,END CONN,,DBL FLG,DOUBLE FLANGE,,,,,,,,,,,,,,,,,,
276,GENERAL,,DEG,DEGREE,,,,,,,,,,,,,,,,,,
277,GENERAL,,DRL,DOUBLE RANDOM LENGTH,,,,,,,,,,,,,,,,,,
278,GENERAL,,TRL,TRIPLE RANDOM LENGTH,,,,,,,,,,,,,,,,,,
279,TYPE,,DUAL PLT CHK,DUAL PLATE CHECK,,,,,,,,,,,,,,,,,,
280,TYPE,,ECC,ECCENTRIC,,,,,,,,,,,,,,,,,,
281,TYPE,,EFW,Electric Fusion Welded,,,,,,,,,,,,,,,,,,
282,TYPE,,ELL,ELBOW,ELLS,,,,,,,,,,,,,,,,,
283,TYPE,,ERW,Electric Resistance Welded,,,,,,,,,,,,,,,,,,
284,TYPE,,ESD,Emergency Shutdown Valve,,,,,,,,,,,,,,,,,,
285,MATERIAL,,EXT BODY,EXTENDED BODY,,,,,,,,,,,,,,,,,,
286,MATERIAL,,FS,FORGED STEEL,,,,,,,,,,,,,,,,,,
287,TYPE,,FTG,FITTING,,,,,,,,,,,,,,,,,,
288,OPERATOR,,GO,GEAR OPERATOR,GEAR OP,,,,,,,,,,,,,,,,,
289,TYPE,,GV,Gate Valve,,,,,,,,,,,,,,,,,,
290,OPERATOR,,HDL,HANDLE,,,,,,,,,,,,,,,,,,
291,TYPE,,HFW,High-Frequency Welded,,,,,,,,,,,,,,,,,,
292,OPERATOR,,HW,HANDWHEEL,,,,,,,,,,,,,,,,,,
293,GENERAL,,IMP,IMPORT,,,,,,,,,,,,,,,,,,
294,OPERATOR,,LL,LOCKING LEVER,LKG LVR,,,,,,,,,,,,,,,,,
295,OPERATOR,,LO,LEVER OP,LVR,LEVER,,,,,,,,,,,,,,,,
296,TYPE,,LR,Long Radius,,,,,,,,,,,,,,,,,,
297,TYPE,,LSAW,Longitudinal Submerged Arc Welded,,,,,,,,,,,,,,,,,,
298,GENERAL,,NDE,NON DESTRUCTIVE EXAM,,,,,,,,,,,,,,,,,,
299,ORGANIZATION,,NSF,National Sanitation Foundation,,,,,,,,,,,,,,,,,,
300,OPERATOR,,OP,OPERATOR,,,,,,,,,,,,,,,,,,
301,TYPE,,OS&Y,OUTSIDE STEM & YOKE,,,,,,,,,,,,,,,,,,
302,GENERAL,,PC,PIECE,,,,,,,,,,,,,,,,,,
303,END CONN,,PExBE,PLAIN END x BEVEL END,,,,,,,,,,,,,,,,,,
304,TYPE,,PRV,Pressure Reducing Valve,,,,,,,,,,,,,,,,,,
305,TYPE,,PSV,Pressure Safety Valve,,,,,,,,,,,,,,,,,,
306,TYPE,,RED,REDUC,REDUCER,RDCR,,,,,,,,,,,,,,,,
307,GENERAL,,RT,RADIOGRAPHY TEST,,,,,,,,,,,,,,,,,,
308,TYPE,,SAW,Submerged Arc Welded,,,,,,,,,,,,,,,,,,
309,TYPE,,SMLS,SEAMLESS,,,,,,,,,,,,,,,,,,
310,GENERAL,,RL,ROLLED LENGTH,,,,,,,,,,,,,,,,,,
311,GENERAL,,SRL,SINGLE RANDOM LENGTH,,,,,,,,,,,,,,,,,,
312,MATERIAL,,T12,TRIM 12,,,,,,,,,,,,,,,,,,
313,MATERIAL,,T12N,TRIM 12 NAME,,,,,,,,,,,,,,,,,,
314,MATERIAL,,T5,TRIM 5,,,,,,,,,,,,,,,,,,
315,MATERIAL,,T5N,TRIM 5 NACE,,,,,,,,,,,,,,,,,,
316,MATERIAL,,T8,TRIM 8,,,,,,,,,,,,,,,,,,
317,MATERIAL,,T8N,TRIM 8 NACE,,,,,,,,,,,,,,,,,,
318,TYPE,,TEE,T-fitting,,,,,,,,,,,,,,,,,,
319,TYPE,,TMBV,TRUNNION MOUNTED BALL VALVE,,,,,,,,,,,,,,,,,,
320,GENERAL,,WLD,WELD,,,,,,,,,,,,,,,,,,
321,GENERAL,,WT,WEIGHT,,,,,,,,,,,,,,,,,,
322,GENERAL,,FIP,FEMALE IRON PIPE,,,,,,,,,,,,,,,,,,
323,GENERAL,,MIP,MALE IRON PIPE,,,,,,,,,,,,,,,,,,
324,MATERIAL,,TFE,TEFLON,,,,,,,,,,,,,,,,,,
325,ORGANIZATION,,AWWA,American Water Works Association,,,,,,,,,,,,,,,,,,
326,MATERIAL,,GALV,GALVANIZED,GLV,,,,,,,,,,,,,,,,,
327,GENERAL,,BLK,BLACK,,,,,,,,,,,,,,,,,,
328,TYPE,,FBE,Fusion Bonded Epoxy,,,,,,,,,,,,,,,,,,
329,TYPE,,CPLG,COUPLING,,,,,,,,,,,,,,,,,,
330,TYPE,,45D,45 DEGREE,,,,,,,,,,,,,,,,,,
331,TYPE,,90D,90 DEGREE,,,,,,,,,,,,,,,,,,
332,END CONN,,T&C,THREADED AND COUPLED,,,,,,,,,,,,,,,,,,
333,PRESSURE,,3M,3000,3K,,,,,,,,,,,,,,,,,
334,PRESSURE,,6M,6000,6K,,,,,,,,,,,,,,,,,
335,MATERIAL,,MALL,MALLEABLE,MALLEABLE IRON,MI,,,,,,,,,,,,,,,,
336,GENERAL,,IR,INNER RING,,,,,,,,,,,,,,,,,,
337,GENERAL,,OR,OUTER RING,,,,,,,,,,,,,,,,,,
338,MATERIAL,,HSTL,HASTELLOY,,,,,,,,,,,,,,,,,,
339,GENERAL,,BLT,BOLT,,,,,,,,,,,,,,,,,,
340,GENERAL,,GSKT,GASKET,,,,,,,,,,,,,,,,,,
341,GENERAL,,SWG,SPIRAL WOUND GASKET,,,,,,,,,,,,,,,,,,
342,GENERAL,,PTD,PAINTED,,,,,,,,,,,,,,,,,,
343,GENERAL,,SLD,SOLID,,,,,,,,,,,,,,,,,,
344,MATERIAL,,GRF,GRAPHITE,,,,,,,,,,,,,,,,,,
345,GENERAL,,HDWR,HARDWARE,,,,,,,,,,,,,,,,,,
346,GENERAL,,MECH TEE,MECHANICAL TEE,,,,,,,,,,,,,,,,,,
347,TYPE,,ECC RED,ECCENTRIC REDUCER,,,,,,,,,,,,,,,,,,
348,TYPE,,CONC RED,CONCENTRIC REDUCER,,,,,,,,,,,,,,,,,,
349,TYPE,,BLD,BLIND,,,,,,,,,,,,,,,,,,
350,TYPE,,PSTN,PISTON,,,,,,,,,,,,,,,,,,
351,MATERIAL,,FCS,FORGED CARBON STEEL,,,,,,,,,,,,,,,,,,
352,TYPE (FERG),,F&T,FLOOR & TABLE,,,,,,,,,,,,,,,,,,
353,TYPE,,STM,STEAM,,,,,,,,,,,,,,,,,,
354,END CONN,,SWXTHRD,SOCKETWELD X THREADED ENDS,,,,,,,,,,,,,,,,,,
355,TYPE,,THRMDYNMC,THERMODYNAMIC,TDC,,,,,,,,,,,,,,,,,
356,MATERIAL,,ALST,ALL STAINLESS,,,,,,,,,,,,,,,,,,
357,TYPE,,UNIV CONN,UNIVERSAL CONNECTOR,,,,,,,,,,,,,,,,,,
358,TYPE (steam),,BCKT,BUCKET,,,,,,,,,,,,,,,,,,
359,MATERIAL,,CSXSS,CARBON STEEL X STAINLESS STEEL,,,,,,,,,,,,,,,,,,
360,PORT,, SP ,STANDARD PORT,REDUCED PORT,,,,,,,,,,,,,,,,,
361,TYPE,,SPW,SPIRAL WOUND,,,,,,,,,,,,,,,,,,
362,TYPE,,SPV,SLEEVED PLUG VALVE,,,,,,,,,,,,,,,,,,
363,GENERAL,,BDY,BODY,,,,,,,,,,,,,,,,,,
364,TYPE,,GLB,GLOBE,,,,,,,,,,,,,,,,,,
365,OPERATOR,,HDL,HANDLE,,,,,,,,,,,,,,,,,,
366,GENERAL,,RND,ROUND,,,,,,,,,,,,,,,,,,
367,GENERAL,,MNTG,MOUNTING,,,,,,,,,,,,,,,,,,
368,GENERAL,,PLTD,PLATED,,,,,,,,,,,,,,,,,,
369,TYPE,,COMP COUP,COMPRESSION COUPLING,,,,,,,,,,,,,,,,,,
370,MATERIAL,,MSBALL,METAL SEATED BALL,,,,,,,,,,,,,,,,,,
371,GENERAL,,BRCH,BRANCH,,,,,,,,,,,,,,,,,,
372,GENERAL,,DBL,DOUBLE,,,,,,,,,,,,,,,,,,
373,MATERIAL,,F/GLS,FIBERGLASS,,,,,,,,,,,,,,,,,,
374,GENERAL,,ADPT,ADAPTER,,,,,,,,,,,,,,,,,,
375,GENERAL,,BU RING,BACKUP RING,,,,,,,,,,,,,,,,,,
376,END CONN,,TPRD,TAPERED,,,,,,,,,,,,,,,,,,
377,TYPE,,NDL,NEEDLE,,,,,,,,,,,,,,,,,,
378,TYPE,,HPBF,HIGH PERFORMANCE BUTTERFLY VALVE,HPBFV,,,,,,,,,,,,,,,,,
379,TYPE,,KGV,KNIFE GATE VALVE,,,,,,,,,,,,,,,,,,
380,END CONN,,BXP,BEVELED X PLAIN,B X P,,,,,,,,,,,,,,,,,
381,END CONN,,TXP,THREADED X PLAIN,T X P,,,,,,,,,,,,,,,,,
382,END CONN,,PXT,PLAIN X THREADED,P X T,,,,,,,,,,,,,,,,,
383,END CONN,,PXB,PLAIN X BEVELED,P X B,,,,,,,,,,,,,,,,,
384,END CONN,,BBE,BEVELED BOTH ENDS,,,,,,,,,,,,,,,,,,
385,END CONN,,BXT,BEVELED X THREADED,B X T,,,,,,,,,,,,,,,,,
386,END CONN,,TXB,THREADED X BEVELED,T X B,,,,,,,,,,,,,,,,,
387,END CONN,,MHT,MALE HOSE THREAD,,,,,,,,,,,,,,,,,,
388,END CONN,,MIP,MALE IRON PIPE,,,,,,,,,,,,,,,,,,
389,END CONN,,PXM,PRESS X MALE THREADED,,,,,,,,,,,,,,,,,,
390,TYPE,,GJ,GROUND JOINT,,,,,,,,,,,,,,,,,,
391,END CONN,,PXP,PRESS X PRESSS,,,,,,,,,,,,,,,,,,
392,END CONN,,PXMHT,PRESS X MALE HOSE THREAD,,,,,,,,,,,,,,,,,,
393,TYPE,,ISS,INSIDE SCREW STEM,,,,,,,,,,,,,,,,,,
394,END CONN,,PEB,PLAIN END BEVELED,,,,,,,,,,,,,,,,,,
395,GENERAL,,A/SA,ASTM/ASME,,,,,,,,,,,,,,,,,,
396,TYPE,,LOL,LONG OUTLET,,,,,,,,,,,,,,,,,,
397,GENERAL,,FIRELK,FIRELOK,FIRELOCK,,,,,,,,,,,,,,,,,
398,TYPE,,HYD,HIGH YIELD,,,,,,,,,,,,,,,,,,
399,TYPE,,ANG,ANGLE,,,,,,,,,,,,,,,,,,
400,TYPE,,STP,STOP,,,,,,,,,,,,,,,,,,
401,TYPE,,RDCNG,REDUCING,,,,,,,,,,,,,,,,,,
402,TYPE,,LOL,LATERAL O-LET,,,,,,,,,,,,,,,,,,
403,TYPE,,OLET,O-LET,,,,,,,,,,,,,,,,,,
404,TYPE,,SOL,SOCKOLET,SOCOLET,SOCKET WELD FLEX-O-LET,SOCKET O-LET,SOCKLET,,,,,,,,,,,,,,
405,TYPE,,TOL,THREADOLET,THREADED O-LET,,,,,,,,,,,,,,,,,
406,TYPE,,WOL,WELDOLET,WELD-O-LET,WELD O-LET,,,,,,,,,,,,,,,,
407,TYPE,,EOL,ELBOLET,ELBOW FLEX-O-LET,,,,,,,,,,,,,,,,,
