primary_term,permutation_1,permutation_2,permutation_3,permutation_4,permutation_5,permutation_6,permutation_7,permutation_8,permutation_9,permutation_10,permutation_11,permutation_12,permutation_13,permutation_14,permutation_15,permutation_16,permutation_17,permutation_18,permutation_19,permutation_20,permutation_21,permutation_22,permutation_23,permutation_24,permutation_25,permutation_26,permutation_27,permutation_28,permutation_29,permutation_30,permutation_31,permutation_32,permutation_33,permutation_34,permutation_35,permutation_36,permutation_37
SCHEDULE 5S,5S,SCH 5S,S5,SCH5S,SCHED5S,SCH-5S,5SS,SCHED 5-S,SCHED 5S,SCH. 5S,5-S,S-5S,S.5.S,SCHED-5S,SCHD 5S,SCHEDUAL 5S,SCH 5 S,SCHEDULE5S,SCHDL 5S,SCHED FVS,SCHEDLE 5S,S5S,5/S,SCH5/S,SCHD5S,SCHED5-S,S-FIVE-S,SKED 5S,5S,SCHEDULE FIVE S,SCHED FIVE S,THIN WALL,LIGHT WALL,THN WALL,SCHED LIGHT,S/5S,5S
SCHEDULE 5,5,SCH 5,S5,SCHED5,SCH5,SCHDL5,SCH. 5,SCH-5,S-5,S.5,SCHD5,SCHED 5,SCHEDL 5,SCH 05,SCHED-05,SCHEDULE05,S/5,SC5,S-5,SCH-05,SCHED.5,SCHEDULE FIVE,SCH FIVE,SCHED-5,SCHEDULE-5,SCH 5.0,,,,,,,,,,,
10,SCHEDULE 10S,10S,SCH 10S,S10S,SCHED10S,SCH10S,SCHDL10S,10S,SCH. 10S,SCH-10S,S-10S,S.10S,SCHD10S,10-S,SCHED 10S,SCHEDL 10S,SCH 010S,SCHED-010S,SCHEDULE010S,SCHED10-S,S/10S,SC10S,S-10-S,SCH-10-S,SCHED.10.S,10.S,SCHEDULE TEN S,SCH TEN S,SCHED-10S,SCHEDULE-10S,SCH 10 S,SCHEDULE10-S,,,,,
SCHEDULE 10,10,SCH 10,S10,SCHED10,SCH10,SCHDL10,SCH. 10,SCH-10,S-10,S.10,SCHD10,S/10,SC10,SCHEDULE TEN,SCH TEN,SCHED-10,SCHEDULE-10,SCH 10,SCHEDULE10,,,,,,,,,,,,,,,,,,
SCHEDULE 20,20,SCH 20,S20,SCHED20,SCH20,SCHDL20,SCH. 20,SCH-20,S-20,S.20,SCHD20,S/20,SC20,SCHEDULE TWENTY,SCH TWENTY,SCHED-20,SCHEDULE-20,SCH 20,SCHEDULE20,,,,,,,,,,,,,,,,,,
SCHEDULE 30,30,SCH 30,S30,SCHED30,SCH30,SCHDL30,SCH. 30,SCH-30,S-30,S.30,SCHD30,SCHED 30,SCHEDL 30,S/30,SC30,SCHEDULE THIRTY,SCH THIRTY,SCHED-30,SCHEDULE-30,SCH 30,SCHEDULE30,,,,,,,,,,,,,,,,
STD SCHEDULE,STD,STD SCH,SCH STD,SCHED STD,SCH-STD,STD.SCH,SCHED.STD,STD SCH.,STD-SCH,STD SCH-,STD SCHED,STD-SCHEDULE,STD SCHED.,ST D SCHEDULE,STD SCHDULE,STAND SCHEDULE,STND SCHEDULE,STAND. SCHEDULE,ST. D SCHEDULE,S/STD,SC STD,S-STD,SCH-STD,STD-S,S/STANDARD,STANDARD SCHEDULE,STD SCHEDULED,STANDARD SCH,STANDARD PIPE SCHEDULE,STANDARD PIPE,SCH STANDARD,STANDARD WALL,STD WALL,S/STD,,,
SCHEDULE 40S,40S,SCH 40S,S40S,SCHED40S,SCH40S,SCHDL40S,40S,SCH. 40S,SCH-40S,S-40S,S.40S,SCHD40S,40-S,SCHED 40S,SCHEDL 40S,SCH 040S,SCHED-040S,SCHEDULE040S,SCHED40-S,S/40S,SC40S,S-40-S,SCH-40-S,SCHED.40.S,40.S,SCHEDULE FORTY S,SCH FORTY S,SCHED-40S,SCHEDULE-40S,SCH 40 S,SCHEDULE40-S,,,,,,
SCHEDULE 60,60,SCH 60,S60,SCHED60,SCH60,SCHDL60,SCH. 60,SCH-60,S-60,S.60,SCHD60,60-S,SCHED 60,SCHEDL 60,SCH 060,SCHED-060,SCHEDULE060,SCHED60-S,S/60,SC60,S-60-S,SCH-60-S,SCHED.60.S,60.S,SCHEDULE SIXTY,SCH SIXTY,SCHED-60,SCHEDULE-60,SCH 60,SCHEDULE60,,,,,,,
SCHEDULE 80S,80S,SCH 80S,S80S,SCHED80S,SCH80S,SCHDL80S,80S,SCH. 80S,SCH-80S,S-80S,S.80S,SCHD80S,80-S,SCHED 80S,SCHEDL 80S,SCH 080S,SCHED-080S,SCHEDULE080S,SCHED80-S,S/80S,SC80S,S-80-S,SCH-80-S,SCHED.80.S,80.S,SCHEDULE EIGHTY S,SCH EIGHTY S,SCHED-80S,SCHEDULE-80S,SCH 80 S,SCHEDULE80-S,,,,,,
SCHEDULE XH,XH,SCH XH,SXH,SCHEDXH,SCHXH,SCHDLXH,XH,SCH. XH,SCH-XH,S-XH,S.XH,SCHDXH,X-H,SCHED XH,SCHEDL XH,SCH 0XH,SCHED-XH,SCHEDULE0XH,SCHEDX-H,S/XH,SCXH,S-X-H,SCH-X-H,SCHED.X.H,XH.,EXTRA HEAVY SCHEDULE,EXTRA HEAVY,SCHEDULE EXTRA HEAVY,SCHEDULE-XH,SCH X H,SCHEDULEX-H,,,,,,
SCHEDULE 80,80,SCH 80,S80,SCHED80,SCH80,SCHDL80,SCH. 80,SCH-80,S-80,S.80,SCHD80,SCHED 80,SCHEDL 80,S/80,SC80,SCHEDULE EIGHTY,SCH EIGHTY,SCHED-80,SCHEDULE-80,SCHEDULE80,,,,,,,,,,,,,,,,,
EXTRA HEAVY, 80/XH, SCHEDULE 80 XH, SCH 80XH, SCHED80XH, SCH. 80XH, S-80 XH, S/80 XH, XH 80, XH SC80,,,,
SCHEDULE 100,100,SCH 100,S100,SCHED100,SCH100,SCHDL100,SCH. 100,SCH-100,S-100,S.100,SCHD100,SCHED 100,SCHEDL 100,SCH 0100,SCHED-0100,SCHEDULE0100,S/100,SC100,SCHEDULE ONE HUNDRED,SCH ONE HUNDRED,SCHED-100,SCHEDULE-100,SCH 100,SCHEDULE100,,,,,,,,,,,,,
SCHEDULE 120,120,SCH 120,S120,SCHED120,SCH120,SCHDL120,SCH. 120,SCH-120,S-120,S.120,SCHD120,SCHED 120,SCHEDL 120,S/120,SC120,SCHEDULE ONE TWENTY,SCH ONE TWENTY,SCHED-120,SCHEDULE-120,SCH 120,SCHEDULE120,,,,,,,,,,,,,,,,
SCHEDULE 140,140,SCH 140,S140,SCHED140,SCH140,SCHDL140,SCH. 140,SCH-140,S-140,S.140,SCHD140,SCHED 140,SCHEDL 140,S/140,SC140,SCHEDULE ONE FORTY,SCH ONE FORTY,SCHED-140,SCHEDULE-140,SCH 140,SCHEDULE140,,,,,,,,,,,,,,,,
SCHEDULE 160,160,SCH 160,S160,SCHED160,SCH160,SCHDL160,SCH. 160,SCH-160,S-160,S.160,SCHD160,SCHED 160,SCHEDL 160,S/160,SC160,SCHEDULE ONE SIXTY,SCH ONE SIXTY,SCHED-160,SCHEDULE-160,SCH 160,SCHEDULE160,,,,,,,,,,,,,,,,
SCHEDULE XXH,XXH,SCH XXH,SXXH,SCHEDXXH,SCHXXH,SCHDLXXH,XXH,SCH. XXH,SCH-XXH,S-XXH,S.XXH,SCHDXXH,XX-H,SCHED XXH,SCHEDL XXH,SCH 0XXH,SCHED-XXH,SCHEDULE0XXH,SCHEDXX-H,S/XXH,SCXXH,S-XX-H,SCH-XX-H,SCHED.XX.H,XX.H,DOUBLE EXTRA HEAVY,SCH DOUBLE EXTRA HEAVY,SCHEDULE DOUBLE EXTRA H,SCHEDULE-XXH,SCH XX H,DOUBLE EXTRA HEAVY PIPE,,,,,,
SDR17,SDR 17,SDR-17,SDR.17,SDR17,S.D.R.17,S-D-R-17,STANDARD DIMENSION RATIO 17,STD DIM RATIO 17,SDR-SEVENTEEN,SDR 17.0,,,,,,,,,,,,,,,,,,,,,,,,,,,
SDR17,DR17,SDR-17,DR-17,SDR 17,DR 17,S.D.R.17,D.R.17,SDR.17,DR.17,STANDARD DIMENSION RATIO 17,,,,,,,,,,,,,,,,,,,,,,,,,,,
SDR9,SDR 9,SDR-9,SDR.9,SDR_9,S.D.R.9,S-D-R-9,S.D.R 9,SD R9,SDR NINE,STANDARD DIMENSION RATIO 9,,,,,,,,,,,,,,,,,,,,,,,,,,,
PP,PP,POLYPROPYLENE,POLY PROPYLENE,POLY-PROPYLENE,PPE,P.P,P-P,P/P,POLY P,POLYPROP,,,,,,,,,,,,,,,,,,,,,,,,,,,
STANDARD,STD,STANDARD WALL,STD WALL,STAND,STND,STANDRD,STNDRD,STD.,STAND.,STANDARD SCH,,,,,,,,,,,,,,,,,,,,,,,,,,,
SCHEDULE 40,40,SCH 40,S40,SCHED40,SCH-40,SCHDL40,SCHEDULE FORTY,SCH FORTY,STD,STANDARD,,,,,,,,,,,,,,,,,,,,,,,,,,,
IPS,I.P.S.,I.P.S,I P S,IRON PIPE SIZE,IRONPIPESIZE,IRON-PIPE-SIZE,IRON.PIPE.SIZE,IRON PIPE SZ,IRON-PIPE,IRON PIPE,,,,,,,,,,,,,,,,,,,,,,,,,,,
SCHEDULE SP114,SP114,SCH SP114,SCHED SP114,SP-114,SCH SP-114,SCHEDULE SP-114,SP.114,SCH SP.114,SPECIAL 114,SPECIAL SCHEDULE 114,,,,,,,,,,,,,,,,,,,,,,,,,,,
SCHEDULE SDR13.5,SDR13.5,SDR 13.5,SDR-13.5,SDR.13.5,S.D.R.13.5,S-D-R-13.5,STANDARD DIMENSION RATIO 13.5,STD DIM RATIO 13.5,SDR 13.5 SCHEDULE,SCHED SDR13.5,,,,,,,,,,,,,,,,,,,,,,,,,,,
SCHEDULE,SCH,SCHED,SCHD,SCHDL,SCHEDL,SCHEDULE-,SCH.,SCHED.,SCHEDULED,SCHEDUAL,,,,,,,,,,,,,,,,,,,,,,,,,,,
DR9,DR-9,DR 9,D.R.9,DR.9,D.R. 9,DR_9,D R 9,DIMENSION RATIO 9,DIM RATIO 9,D/R/9,,,,,,,,,,,,,,,,,,,,,,,,,,,
SDR7,SDR 7,SDR-7,SDR.7,SDR7.0,SDR 7.0,SDR-7.0,STANDARD DIMENSION RATIO 7,STD DIMENSION RATIO 7,SDR SEVEN,SDR-SEVEN,,,,,,,,,,,,,,,,,,,,,,,,,,,
DR11,DR 11,DR-11,DR.11,D.R.11,D R 11,DIMENSION RATIO 11,DIMENSION-RATIO-11,DIM RATIO 11,D/R 11,DR ELEVEN,,,,,,,,,,,,,,,,,,,,,,,,,,,
SCHEDULE 2,2,SCH 2,S2,SCHED2,SCH-2,SCHDL2,SCH. 2,SCHEDULE TWO,S/2,SCH TWO,,,,,,,,,,,,,,,,,,,,,,,,,,,
SCHEDULE BXS,BXS,SCH BXS,SCHED BXS,SCH-BXS,SCHED-BXS,BX-S,SCH BX-S,SCHEDULE-BXS,SCHEDULE BX-S,SCH. BXS,,,,,,,,,,,,,,,,,,,,,,,,,,,
SCHEDULE 80,80,SCH 80,S80,SCHED80,SCH-80,SCH. 80,SCHEDULE EIGHTY,SCH EIGHTY,S/80,SC80,,,,,,,,,,,,,,,,,,,,,,,,,,,
DR7,DR 7,DR-7,DR.7,D.R.7,D R 7,DIMENSION RATIO 7,DIM RATIO 7,D-R-7,DR SEVEN,DIMENSION RATIO SEVEN,,,,,,,,,,,,,,,,,,,,,,,,,,,
SCHEDULE DR5,DR5,DR-5,DR 5,SCH DR5,SCHED DR5,SCHEDULE DR-5,DR.5,DR 5.0,DIMENSION RATIO 5,DIMENSIONAL RATIO 5,,,,,,,,,,,,,,,,,,,,,,,,,,,
SCHEDULE EDR7,EDR7,SCH EDR7,SCHED EDR7,EDR-7,EDR 7,SCHEDULE EDR-7,SCH EDR-7,SCHED EDR-7,EXTRA DOUBLE REINFORCED 7,EXTRA DOUBLE REINFORCED SEVEN,,,,,,,,,,,,,,,,,,,,,,,,,,,
LW,LIGHT WALL,LTWT,LGHT WLL,L/W,L.W.,L-W,LITE WALL,LT WALL,LIGHT-WALL,LIGHTWALL,,,,,,,,,,,,,,,,,,,,,,,,,,,
DR26,DR 26,DR-26,D.R.26,D R 26,DR.26,DIM RAT 26,DIMENSION RATIO 26,D/R 26,DIM.RATIO.26,DIMENSION.RATIO.26,,,,,,,,,,,,,,,,,,,,,,,,,,,
SIDR 19,SIDR19,SDR-19,SDR 19,SIDR-19,SI-19,SI19,SIDR.19,S.I.D.R.19,STANDARD IPS DR 19,STANDARD INSIDE DIAMETER RATIO 19,,,,,,,,,,,,,,,,,,,,,,,,,,,
SCHEDULE 40,40,SCH 40,S40,SCHED40,SCH-40,SCHDL40,SCH. 40,SCHEDULE FORTY,T40,SCHEDULE-40,,,,,,,,,,,,,,,,,,,,,,,,,,,
SCHEDULE 80,80,SCH 80,S80,SCHED80,SCH-80,SCHEDULE EIGHTY,SCH. 80,SCHED 80,SCHDL80,S-80,,,,,,,,,,,,,,,,,,,,,,,,,,,
SCHEDULE,SCH,SCHED,SCHD,SCHDL,SCHEDUAL,SCHEDLE,SKED,SCHEDL,SCHED.,SCH.,,,,,,,,,,,,,,,,,,,,,,,,,,,
SCHEDULE XS,XS,SCH XS,SCHED XS,SCH-XS,EXTRA STRONG,XSTRONG,X-STRONG,X.S.,EXTRA STR,X STRONG,,,,,,,,,,,,,,,,,,,,,,,,,,,
SIDR-11.5,SIDR11.5,SIDR 11.5,SDR-11.5,SDR 11.5,S-11.5,SIDR 11-5,SDR11.5,STANDARD INSIDE DIAMETER RATIO 11.5,S.I.D.R 11.5,S.I.D.R-11.5,,,,,,,,,,,,,,,,,,,,,,,,,,,
SCHEDULE HD,HD,SCH HD,SCHED HD,SCH-HD,HD SCH,HEAVY DUTY,HEAVY DUTY SCHEDULE,HD SCHEDULE,HEAVY-DUTY,H/D,,,,,,,,,,,,,,,,,,,,,,,,,,,
FS,F-S,F/S,F.S,F S,F.S.,F-S-,FS-,F_S,FULL SIZE,FULL-SIZE,,,,,,,,,,,,,,,,,,,,,,,,,,,
3000A,3000 A,3000-A,3000 CLASS A,3000A CLASS,CLASS 3000A,CL 3000A,CLS 3000A,3M-A,3MA,3000 SERIES A,,,,,,,,,,,,,,,,,,,,,,,,,,,
SCHEDULE 31.0.062,31.0.062,SCH 31.0.062,SCHED 31.0.062,SCH-31.0.062,SCHEDULE-31.0.062,31.062,SCH 31.062,SCHEDULE 31.062,31-0-062,SCH 31-0-062,,,,,,,,,,,,,,,,,,,,,,,,,,,
SCHEDULE,SCH,SCHED,SCHD,SCHDL,SCHEDL,SCH.,SCHED.,SCHEDULED,SCHEDULE-,SCHEDUAL,,,,,,,,,,,,,,,,,,,,,,,,,,,
SCHEDULE XXS,XXS,SCH XXS,SCHED XXS,SCH-XXS,DOUBLE EXTRA STRONG,DOUBLE X STRONG,DBL EXTRA STRONG,2XS,SCHEDULE DOUBLE EXTRA STRONG,SCH DBL X STRONG,,,,,,,,,,,,,,,,,,,,,,,,,,,
MEDIUM,MED,MEDM,MDM,MED.,M.E.D,MD,MEDIUM WALL,MED WALL,MDM WALL,MEDM WALL,,,,,,,,,,,,,,,,,,,,,,,,,,,
SCHEDULE,.688W,0.688W,688W,688 WALL,.688 WALL,0.688 WALL,SCHEDULE .688,SCH .688,SCHED .688,SCHEDULE 688,,,,,,,,,,,,,,,,,,,,,,,,,,,
SCHEDULE 188 WALL,.188W,188W,0.188W,188 WALL,.188 WALL,0.188 WALL,188-W,.188-W,WALL 188,WALL .188,,,,,,,,,,,,,,,,,,,,,,,,,,,
0.188W,0.188 WALL,.188W,.188 WALL,188W,188 WALL,0.188 W,WALL 0.188,WALL.188,W0.188,W.188,,,,,,,,,,,,,,,,,,,,,,,,,,,
HEAVY,HEAVY,HVY,HVY.,H/W,H.W,H.W.,HEAVY WALL,HVY WALL,HEAVY-WALL,HVY-WALL,,,,,,,,,,,,,,,,,,,,,,,,,,,
SCHEDULE,.594W,0.594W,0.594 WALL,.594 WALL,594W,594 WALL,WALL .594,WALL 0.594,W.594,W-594,,,,,,,,,,,,,,,,,,,,,,,,,,,
0.25,1/4,0.250,.25,"0,25",ONE QUARTER,QUARTER,POINT TWO FIVE,POINT 25,25%,TWENTY FIVE HUNDREDTHS,,,,,,,,,,,,,,,,,,,,,,,,,,,
SCHEDULE,SCH,SCHED,SCHD,SCH.,SCHED.,SCHEDL,SCHDL,SCHEDULED,SCHEDUAL,SCHEDLE,,,,,,,,,,,,,,,,,,,,,,,,,,,
SCHEDULE,SH,SCH,SCHD,SCHED,SCHDL,SCHED.,SCH.,SCHEDL,SCHEDULE,SCHEDUL,,,,,,,,,,,,,,,,,,,,,,,,,,,
SCHEDULE .035W,.035W,0.035W,.035 WALL,0.035 WALL,35/1000 WALL,35 MIL WALL,.035 WALL THICKNESS,35 THOUSANDTHS WALL,WALL .035,WALL 0.035,,,,,,,,,,,,,,,,,,,,,,,,,,,
CTS,CTS,C.T.S.,C T S,COPPER TUBE SIZE,COPPER TUBING SIZE,COPPER-TUBE-SIZE,COPPER.TUBE.SIZE,CPR TUBE SIZE,Cu TUBE SIZE,CU.T.S,,,,,,,,,,,,,,,,,,,,,,,,,,,
SCHEDULE 4.7S,4.7S,SCH 4.7S,S4.7S,SCHED4.7S,SCH-4.7S,4.7-S,SCHED 4.7S,SCH. 4.7S,SCHEDULE4.7S,S-4.7S,,,,,,,,,,,,,,,,,,,,,,,,,,,
SDR7.4,SDR 7.4,SDR-7.4,SDR 07.4,"SDR7,4","SDR 7,4","SDR-7,4",S.D.R.7.4,S.D.R 7.4,S/D/R/7.4,STANDARD DIMENSION RATIO 7.4,,,,,,,,,,,,,,,,,,,,,,,,,,,
SCHEDULE 48,48,SCH 48,S48,SCHED48,SCH48,SCHDL48,SCH. 48,SCH-48,SCHEDULE FORTY EIGHT,SCH FORTY EIGHT,,,,,,,,,,,,,,,,,,,,,,,,,,,
SDR9.3,SDR 9.3,SDR-9.3,SDR.9.3,S.D.R.9.3,SDR 09.3,S-D-R-9.3,STANDARD DIMENSION RATIO 9.3,STD DIM RATIO 9.3,SDR NINE POINT THREE,SDR9.30,,,,,,,,,,,,,,,,,,,,,,,,,,,
SDR7.3,SDR 7.3,SDR-7.3,SDR 07.3,SDR7.3,S.D.R.7.3,SDR-07.3,STANDARD DIMENSION RATIO 7.3,STD DIM RATIO 7.3,S.D.R 7.3,SDR SEVEN POINT THREE,,,,,,,,,,,,,,,,,,,,,,,,,,,
SINGLE WALL,SNGL WALL,SINGL WALL,S/WALL,SINGLE-WALL,SNGL-WALL,SGL WALL,SINGLE-W,SW,S-WALL,1-WALL,,,,,,,,,,,,,,,,,,,,,,,,,,,
SDR32.5,SDR 32.5,SDR-32.5,SDR.32.5,SD32.5,SDR 32.5,S.D.R.32.5,SDR-32-5,SDR32-5,SD-32.5,SDR THIRTY TWO POINT FIVE,,,,,,,,,,,,,,,,,,,,,,,,,,,
SDR 26,SDR26,SDR-26,SDR.26,SDR 026,SDR-026,S.D.R.26,S.D.R 26,S-D-R-26,STANDARD DIMENSION RATIO 26,STD DIM RATIO 26,,,,,,,,,,,,,,,,,,,,,,,,,,,
SDR5,SDR 5,SDR-5,SDR.5,S.D.R.5,SDR FIVE,SD-R5,SDR 05,SDR-05,S-D-R-5,STANDARD DIMENSION RATIO 5,,,,,,,,,,,,,,,,,,,,,,,,,,,
SDR15.5,SDR 15.5,SDR-15.5,SDR 15-5,SDR-15-5,S.D.R 15.5,S.D.R-15.5,"SDR15,5",SDR 15,SDR-15,SDR FIFTEEN POINT FIVE,,,,,,,,,,,,,,,,,,,,,,,,,,,
SCHEDULE 40,40,SCH 40,S40,SCHED40,SCH40,SCHDL40,SCH. 40,SCH-40,SCHEDULE FORTY,SCH FORTY,,,,,,,,,,,,,,,,,,,,,,,,,,,
SDR21,SDR 21,SD-R21,SDR-21,S.D.R.21,SDR.21,SD R 21,STANDARD DIMENSION RATIO 21,STD DIM RATIO 21,SDR TWENTY ONE,S-D-R-21,,,,,,,,,,,,,,,,,,,,,,,,,,,
NON PRESSURE,NP,NON-PRESSURE,NONPRESSURE,NO PRESSURE,N/P,NO-PRESSURE,NO PRESS,NON PRESS,NON-PRESS,N-P,,,,,,,,,,,,,,,,,,,,,,,,,,,
DR11.5,DR 11.5,DR-11.5,SDR11.5,SDR 11.5,SDR-11.5,DIMENSION RATIO 11.5,STANDARD DIMENSION RATIO 11.5,DR11-5,SDR11-5,D.R.11.5,,,,,,,,,,,,,,,,,,,,,,,,,,,
60. 0.035W,60 .035W,60 0.035 WALL,60 35 WALL,60 WALL 0.035,60 WALL .035,60/0.035W,60/.035W,60 35W,60-0.035 WALL,60 35 MIL WALL,,,,,,,,,,,,,,,,,,,,,,,,,,,
17 GAUGE,17GA,GA17,17-GA,GA-17,17 GA,GA 17,GAUGE 17,17G,G17,17 G,,,,,,,,,,,,,,,,,,,,,,,,,,,
17 GAUGE,17GA,17 GA,17-GA,17 G,GA17,GA 17,GA-17,GAUGE 17,17-GAUGE,17 G.A.,,,,,,,,,,,,,,,,,,,,,,,,,,,
SDR5.5,SDR 5.5,SDR-5.5,"SDR5,5","SDR 5,5",SDR 5 1/2,S.D.R.5.5,SDR5½,SDR-5½,SDR 5½,STANDARD DIMENSION RATIO 5.5,,,,,,,,,,,,,,,,,,,,,,,,,,,
DR9.3,DR 9.3,DR-9.3,D.R.9.3,DR.9.3,D.R. 9.3,DIMENSION RATIO 9.3,SDR9.3,SDR 9.3,S.D.R.9.3,STANDARD DIMENSION RATIO 9.3,,,,,,,,,,,,,,,,,,,,,,,,,,,
SCHEDULE 65,65,SCH 65,S65,SCHED65,SCH-65,.065W,065 WALL,65 WALL,.065 WALL,SCHEDULE .065,,,,,,,,,,,,,,,,,,,,,,,,,,,
HEAVY DUTY,HD,H/D,H-D,H.D,HVY DUTY,HVY-DUTY,HEAVY-DUTY,HVY.DUTY,HEAVY.DUTY,HEAVYDUTY,,,,,,,,,,,,,,,,,,,,,,,,,,,
SCHEDULE 67.7,67.7,SCH 67.7,S67.7,SCHED67.7,SCH-67.7,SCHEDULE-67.7,SCHED 67.7,SCH. 67.7,SCHEDULE SIXTY SEVEN POINT SEVEN,SCH SIXTY SEVEN POINT SEVEN,,,,,,,,,,,,,,,,,,,,,,,,,,,
SCHEDULE,SCH,SCHED,SCHDL,SCHEDL,SCHD,SCHEDULE-,SCH.,SCHED.,SCHEDULED,SCHEDUAL,,,,,,,,,,,,,,,,,,,,,,,,,,,
SCHEDULE 69,69,SCH 69,S69,SCHED69,SCH-69,SCHDL69,SCH. 69,SCHED-69,SCHEDULE-69,SCHEDULE SIXTY NINE,,,,,,,,,,,,,,,,,,,,,,,,,,,
SCHEDULE 70,70,SCH 70,S70,SCHED70,SCH-70,SCHEDULE SEVENTY,SCH SEVENTY,SCHED-70,SCHEDULE-70,S/70,,,,,,,,,,,,,,,,,,,,,,,,,,,
SCHEDULE .250W,.250W,0.250W,250W,SCH .250W,SCHEDULE .250 WALL,.250 WALL,250 WALL,1/4 WALL,QUARTER WALL,0.250 WALL,,,,,,,,,,,,,,,,,,,,,,,,,,,
SCHEDULE .218W,.218W,SCH .218W,SCHED .218W,SCHEDULE-218W,.218 WALL,218W,SCH 218W,SCHED-218W,SCH.218W,218 WALL,,,,,,,,,,,,,,,,,,,,,,,,,,,
20 GAUGE,20GA,20 GA,20-GA,20 GA.,GA 20,GA. 20,GAUGE 20,20G,20-GAUGE,20 G,,,,,,,,,,,,,,,,,,,,,,,,,,,
18GA,18 GA,18 GAUGE,GA18,GAUGE 18,18-GA,18-GAUGE,GA-18,GAUGE-18,18 G,G18,,,,,,,,,,,,,,,,,,,,,,,,,,,
SCHEDULE 38P,38P,SCH 38P,S38P,SCHED38P,SCH-38P,SCHEDULE-38P,SCH. 38P,38-P,SCHED 38-P,SCHEDULE THIRTY EIGHT P,,,,,,,,,,,,,,,,,,,,,,,,,,,
SCHEDULE 40,40,SCH 40,S40,SCHED40,SCH40,SCHDL40,SCH. 40,SCH-40,S-40,SCHD40,,,,,,,,,,,,,,,,,,,,,,,,,,,
SCHEDULE .083W,.083W,0.083W,.083 WALL,0.083 WALL,83/1000W,SCH .083W,SCHED .083W,SCHEDULE 0.083W,83 THOUSANDTHS WALL,.083 WALL THICKNESS,,,,,,,,,,,,,,,,,,,,,,,,,,,
0.035,.035,35 THOU,35 THOUSANDTHS,"0.035""",".035""",35 MIL,35THOU,35 THOUSANDS,35/1000,0.035 INCH,,,,,,,,,,,,,,,,,,,,,,,,,,,
SCHEDULE .095W,.095W,095W,SCH .095W,SCHED .095W,SCH.095W,0.095W,095 WALL,.095 WALL,SCHEDULE 095W,SCHEDULE .095 WALL,,,,,,,,,,,,,,,,,,,,,,,,,,,
SCHEDULE 80,80,SCH 80,S80,SCHED80,SCH80,SCHDL80,SCH. 80,SCH-80,SCHEDULE EIGHTY,SCH EIGHTY,,,,,,,,,,,,,,,,,,,,,,,,,,,
SCHEDULE .109W,.109W,SCH .109W,SCHED .109W,SCHEDULE 109W,SCH 109W,.109 WALL,109 WALL,0.109 WALL,109W,WALL 109,,,,,,,,,,,,,,,,,,,,,,,,,,,
0.065W,0.065 WALL,.065W,.065 WALL,65W,065W,0.065 W,.065 W,65 WALL,065 WALL,WALL 0.065,,,,,,,,,,,,,,,,,,,,,,,,,,,
SCHEDULE 40S,40S,SCH 40S,S40S,SCHED40S,SCH-40S,SCHEDULE40S,SCH. 40S,SCHEDULE FORTY S,40-S,S-40S,,,,,,,,,,,,,,,,,,,,,,,,,,,
0.083W,0.083 WALL,.083W,.083 WALL,083W,083 WALL,0.083-W,0.083 W,83W,WALL 0.083,W0.083,,,,,,,,,,,,,,,,,,,,,,,,,,,
0.049W,049W,0.049 WALL,.049W,049 WALL,0.049 W,.049 WALL,0.049-W,049-W,0.049WALL,049 W,,,,,,,,,,,,,,,,,,,,,,,,,,,
SCHEDULE 5S,.028W,0.028W,0.028 WALL,.028 WALL,28 THOU WALL,028 WALL,28 MIL WALL,"0.028"" WALL",".028"" WALL",28THOU,,,,,,,,,,,,,,,,,,,,,,,,,,,
SCHEDULE,SCH,SCHED,SCHEDL,SCHDL,SCHD,SCHEDULE-,SCH.,SCHED.,SCHEDULED,SCHEDUAL,,,,,,,,,,,,,,,,,,,,,,,,,,,
0.065,"0.065""",065,.065,65 THOU,65 THOUSANDTHS,0.065 WALL,.065 WALL,65 MIL,0.065 INCH,65 THOUSANDTHS OF AN INCH,,,,,,,,,,,,,,,,,,,,,,,,,,,
SCHEDULE .120W,.120W,SCH .120W,SCHED .120W,SCH 120W,SCHEDULE 120W,120 WALL,.120 WALL,120 WALL SCHEDULE,SCH-120W,SCHED-120W,,,,,,,,,,,,,,,,,,,,,,,,,,,
SCHEDULE 90,90,SCH 90,S90,SCHED90,SCH-90,SCHEDULE NINETY,SCH NINETY,SCHED-90,SCHEDULE-90,SCHDL90,,,,,,,,,,,,,,,,,,,,,,,,,,,
SCHEDULE 40,40,SCH 40,S40,SCHED40,SCH40,SCHDL40,SCH. 40,SCH-40,SCHEDULE FORTY,STANDARD WALL,,,,,,,,,,,,,,,,,,,,,,,,,,,
