Primary Term,1,2,3,4,5,6,7,8,9,10,11,12,13,14,15,16,17,18,19,20,21,22,23,24,25
0 IN,0 IN ,"0""X0""X0""",0.0,0IN,0.0X0.0X0.0,0X0X0 ,0INX0INX0IN,"0"" ",0 ,0IN ,0.0 ,0 INX0 INX0 IN,0,"0""",0X0X0,,,,,,,,,,
1/8X1/8X1/8,1/8,"1/8""X1/8""X1/8""", 1/8,1/8 IN ,0.1 ,0.125X0.125X0.125,0.1,1/8X1/8X1/8 ,1/8IN ,"1/8"" ",0.125 ,"1/8""",1/8INX1/8INX1/8IN,0.1X0.1X0.1,1/8IN,1/8 ,1/8 IN,0.125,1/8 INX1/8 INX1/8 IN,,,,,,
0.125 IN,1/8X1/8X1/8,1/8,0.125 INX0.125 INX0.125 IN,0.125INX0.125INX0.125IN,"0.125""","0.125""X0.125""X0.125""", 1/8,0.1 ,0.125X0.125X0.125,0.125IN ,0.1,0.125X0.125X0.125 ,0.125 ,0.1X0.1X0.1,1/8 ,0.125IN,0.125 IN ,0.125,"0.125"" ",,,,,,
1/4 INX1/4 INX1/4 IN,0.2 , 1/4,1/4INX1/4INX1/4IN,1/4 ,"1/4"" ","1/4""","1/4""X1/4""X1/4""",0.25 ,0.25X0.25X0.25,0.25,1/4X1/4X1/4,1/4 IN ,1/4IN,1/4X1/4X1/4 ,1/4 IN,0.2X0.2X0.2,1/4IN ,0.2,1/4,,,,,,
"0.25"" ",0.25INX0.25INX0.25IN,0.25 IN,0.25IN ,0.25X0.25X0.25 ,0.2 ,0.25 INX0.25 INX0.25 IN,"0.25""",0.25IN, 1/4,1/4 ,0.25 IN ,0.25 ,0.25X0.25X0.25,0.25,1/4X1/4X1/4,"0.25""X0.25""X0.25""",0.2X0.2X0.2,0.2,1/4,,,,,,
0.375IN ,0.375 IN ,3/8 ,0.4,0.4X0.4X0.4,0.375 IN,0.375X0.375X0.375,"0.375"" ",0.375 INX0.375 INX0.375 IN,0.375 ,"0.375""X0.375""X0.375""",3/8X3/8X3/8,"0.375""",0.4 ,0.375INX0.375INX0.375IN,0.375,0.375IN,0.375X0.375X0.375 , 3/8,3/8,,,,,,
3/8IN,3/8 ,0.4,3/8 IN,0.4X0.4X0.4,3/8INX3/8INX3/8IN,0.375X0.375X0.375,"3/8""",3/8IN ,3/8X3/8X3/8 ,0.375 ,3/8X3/8X3/8,"3/8""X3/8""X3/8""",0.4 ,3/8 INX3/8 INX3/8 IN,3/8 IN ,0.375,"3/8"" ", 3/8,3/8,,,,,,
1/2 ,"0.5""",0.5 IN, 1/2,0.5IN,0.5,0.5X0.5X0.5,0.5 IN ,0.5INX0.5INX0.5IN,0.5 INX0.5 INX0.5 IN,1/2X1/2X1/2,0.5 ,"0.5""X0.5""X0.5""",0.5X0.5X0.5 ,1/2,"0.5"" ",0.5IN ,,,,,,,,,
1/2 , 1/2,"1/2"" ",1/2 IN ,0.5,0.5X0.5X0.5,1/2X1/2X1/2 ,1/2 INX1/2 INX1/2 IN,1/2INX1/2INX1/2IN,1/2 IN,"1/2""X1/2""X1/2""",1/2X1/2X1/2,1/2IN ,0.5 ,1/2IN,1/2,"1/2""",,,,,,,,,
5/8,0.6 ,0.625IN ,0.625 IN,0.6,5/8 ,"0.625""X0.625""X0.625""",5/8,0.6X0.6X0.6,0.625 INX0.625 INX0.625 IN,0.625,0.625X0.625X0.625,"0.625"" ",0.625 ,0.625X0.625X0.625 ,0.625INX0.625INX0.625IN,"0.625""",0.625 IN ,5/8X5/8X5/8,0.625IN,,,,,,
5/8,5/8 INX5/8 INX5/8 IN,0.6 ,0.6,5/8 ,5/8X5/8X5/8 ,5/8,5/8IN,0.6X0.6X0.6,5/8INX5/8INX5/8IN,0.625,0.625X0.625X0.625,"5/8""","5/8"" ",0.625 ,5/8 IN ,5/8 IN,5/8X5/8X5/8,5/8IN ,"5/8""X5/8""X5/8""",,,,,,
10.75 IN,0.8X0.8X0.8,"0.75"" ","0.75""",0.75X0.75X0.75,0.75INX0.75INX0.75IN,0.8 ,3/4X3/4X3/4,0.75IN,0.75,0.75IN ,0.75 ,"0.75""X0.75""X0.75""",3/4,0.75 INX0.75 INX0.75 IN,0.75 IN ,0.8, 3/4,3/4 ,0.75X0.75X0.75 ,,,,,,
0.8X0.8X0.8,3/4X3/4X3/4 ,"3/4"" ",3/4 IN,3/4INX3/4INX3/4IN,3/4IN,3/4 IN ,0.8 ,0.75X0.75X0.75,3/4X3/4X3/4,3/4 INX3/4 INX3/4 IN,0.75,3/4 ,0.75 ,"3/4""X3/4""X3/4""",3/4,0.8, 3/4,3/4IN ,"3/4""",,,,,,
"7/8""",7/8 INX7/8 INX7/8 IN, 7/8,7/8INX7/8INX7/8IN,7/8IN ,"7/8""X7/8""X7/8""",7/8,7/8X7/8X7/8,7/8IN,0.875X0.875X0.875,0.9,0.875,7/8 ,0.9X0.9X0.9,0.875 ,7/8 IN ,7/8X7/8X7/8 ,"7/8"" ",7/8 IN,0.9 ,,,,,,
7/8,"0.875""X0.875""X0.875""",7/8,7/8X7/8X7/8,0.875X0.875X0.875,0.875 INX0.875 INX0.875 IN,0.9,0.875IN,0.875IN ,0.875,0.875 IN ,"0.875""",7/8 ,0.875 IN,0.9X0.9X0.9,0.9 ,0.875 ,0.875INX0.875INX0.875IN,0.875X0.875X0.875 ,"0.875"" ",,,,,,
1X1X1 ,1 IN,"1"" ","1""X1""X1""",1.0 ,1 ,"1""",1X1X1,1,1 INX1 INX1 IN,1INX1INX1IN,1 IN ,1.0X1.0X1.0,1IN,1.0,1IN ,,,,,,,,,,
1,"1    ",1" ,1.0,'1".1.0IN ,1.0 ,1 ,1.0IN,1.0 IN,1.0INX1.0INX1.0IN,1.0 INX1.0 INX1.0 IN,1.0X1.0X1.0 ,1X1X1,1,"1.0""X1.0""X1.0""",1.0 IN ,1.0X1.0X1.0,1.0,"1.0""","1.0"" ",,,,,
9/8,1.1,1.125 IN ,1.125X1.125X1.125,"1.125"" ",1.125 ,9/8X9/8X9/8,1.1X1.1X1.1,1 1/8X1 1/8X1 1/8,9/8 ,1.125,"1.125""X1.125""X1.125""",1.125 IN,1.125INX1.125INX1.125IN,1.125IN ,1 1/8 ,1.125X1.125X1.125 ,11/8,1 1/8,1.1 ,1.125IN,1.125 INX1.125 INX1.125 IN,"1.125""",,,
9/8,1.1,1 1/8 INX1 1/8 INX1 1/8 IN,11/8IN,1.125X1.125X1.125,1 1/8IN ,1.125 ,9/8X9/8X9/8,1.1X1.1X1.1,1 1/8X1 1/8X1 1/8,11/8X11/8X11/8,"1 1/8"" ",1 1/8IN,9/8 ,1 1/8 IN,1.125,"1 1/8""",1 1/8 IN ,1 1/8X1 1/8X1 1/8 ,"11/8""",1 1/8 ,11/8,1 1/8,1.1 ,"1 1/8""X1 1/8""X1 1/8""",1 1/8INX1 1/8INX1 1/8IN
1.25INX1.25INX1.25IN,1.25,1.25IN,1 1/4X1 1/4X1 1/4,1.2X1.2X1.2,"1.25"" ",1 1/4,1.25X1.25X1.25,1.2 ,5/4X5/4X5/4,1.25 ,1.25X1.25X1.25 ,11/4,1.25 INX1.25 INX1.25 IN,1 1/4 ,1.25 IN ,5/4,"1.25""","1.25""X1.25""X1.25""",1.2,1.25IN ,1.25 IN,5/4 ,,,
1 1/4IN ,1 1/4IN,11/4X11/4X11/4,1.25,1 1/4X1 1/4X1 1/4,1 1/4INX1 1/4INX1 1/4IN,1.2X1.2X1.2,11/4IN,1 1/4,1.25X1.25X1.25,1.2 ,5/4X5/4X5/4,1.25 ,11/4,"11/4""",1 1/4 IN ,1 1/4 ,"1 1/4""","1 1/4""X1 1/4""X1 1/4""","1 1/4"" ",5/4,1 1/4 INX1 1/4 INX1 1/4 IN,1 1/4X1 1/4X1 1/4 ,1 1/4 IN,1.2,5/4 
1.375 ,1.375 INX1.375 INX1.375 IN,"1.375""X1.375""X1.375""",1.375X1.375X1.375 ,1 3/8X1 3/8X1 3/8,1.4,"1.375""",1.4 ,11/8X11/8X11/8,1.375IN ,13/8,11/8 ,1.375,1 3/8,1.375INX1.375INX1.375IN,"1.375"" ",11/8,1.375 IN,1.4X1.4X1.4,1 3/8 ,1.375X1.375X1.375,1.375 IN ,1.375IN,,,
1.375 ,1 3/8IN,1 3/8 IN ,1 3/8X1 3/8X1 3/8,1.4,13/8IN,1 3/8 IN,1.4 ,11/8X11/8X11/8,"13/8""","1 3/8""X1 3/8""X1 3/8""",13/8,11/8 ,"1 3/8"" ",1.375,1 3/8,1 3/8 INX1 3/8 INX1 3/8 IN,11/8,"1 3/8""",1.4X1.4X1.4,13/8X13/8X13/8,1 3/8IN ,1 3/8 ,1 3/8INX1 3/8INX1 3/8IN,1 3/8X1 3/8X1 3/8 ,1.375X1.375X1.375
3/2 ,1 1/2,1 1/2 INX1 1/2 INX1 1/2 IN,1 1/2 IN ,"1 1/2"" ",3/2,1.5,1 1/2 ,1 1/2X1 1/2X1 1/2,"1 1/2""",11/2IN,1 1/2 IN,11/2X11/2X11/2,1 1/2IN,3/2X3/2X3/2,"1 1/2""X1 1/2""X1 1/2""",11/2,"11/2""",1 1/2X1 1/2X1 1/2 ,1 1/2INX1 1/2INX1 1/2IN,1.5X1.5X1.5,1 1/2IN ,1.5 ,,,
1.5 IN,3/2 ,1 1/2,1.5 INX1.5 INX1.5 IN,"1.5"" ",3/2,1.5,1.5 IN ,1 1/2 ,1 1/2X1 1/2X1 1/2,3/2X3/2X3/2,"1.5""X1.5""X1.5""",11/2,1.5X1.5X1.5 ,1.5IN ,1.5INX1.5INX1.5IN,"1.5""",1.5IN,1.5X1.5X1.5,1.5 ,,,,,,
1.625 IN ,1.625,1.625 ,1.6,1 5/8X1 5/8X1 5/8,1.625INX1.625INX1.625IN,1.625X1.625X1.625,1.6 ,"1.625""X1.625""X1.625""",1 5/8 ,13/8 ,1.625X1.625X1.625 ,13/8,1.6X1.6X1.6,15/8,13/8X13/8X13/8,1.625 INX1.625 INX1.625 IN,1.625IN ,"1.625""",1.625IN,"1.625"" ",1.625 IN,1 5/8,,,
1 5/8 INX1 5/8 INX1 5/8 IN,"1 5/8"" ",1.625,1.625 ,1.6,1 5/8X1 5/8X1 5/8,1 5/8X1 5/8X1 5/8 ,"15/8""","1 5/8""",1.625X1.625X1.625,1.6 ,15/8X15/8X15/8,1 5/8 ,1 5/8 IN,13/8 ,13/8,"1 5/8""X1 5/8""X1 5/8""",1 5/8IN,15/8IN,1 5/8INX1 5/8INX1 5/8IN,1.6X1.6X1.6,1 5/8 IN ,15/8,13/8X13/8X13/8,1 5/8IN ,1 5/8
13/4X13/4X13/4,1 3/4INX1 3/4INX1 3/4IN,1.75,13/4,7/4,1 3/4X1 3/4X1 3/4 ,1.8,1.75X1.75X1.75,1 3/4 ,"1 3/4""",7/4 ,7/4X7/4X7/4,1 3/4 IN ,1 3/4X1 3/4X1 3/4,"13/4""",1 3/4 INX1 3/4 INX1 3/4 IN,1 3/4 IN,13/4IN,1.8 ,1 3/4,1.8X1.8X1.8,"1 3/4"" ","1 3/4""X1 3/4""X1 3/4""",1 3/4IN ,1 3/4IN,1.75 
1.75X1.75X1.75 ,1.75,13/4,7/4,1.75IN,1.75IN ,1.8,1.75X1.75X1.75,1 3/4 ,7/4 ,7/4X7/4X7/4,1.75 IN ,1 3/4X1 3/4X1 3/4,"1.75""X1.75""X1.75""",1.75 IN,1.8 ,1 3/4,"1.75"" ",1.8X1.8X1.8,"1.75""",1.75 ,1.75 INX1.75 INX1.75 IN,1.75INX1.75INX1.75IN,,,
1.875X1.875X1.875,"1.875""X1.875""X1.875""",1.9X1.9X1.9,1.875,1.875IN ,15/8X15/8X15/8,1 7/8 ,1.875 ,17/8,1 7/8X1 7/8X1 7/8,1 7/8,1.9,15/8 ,1.875IN,1.875 IN ,15/8,1.875INX1.875INX1.875IN,1.9 ,"1.875""",1.875X1.875X1.875 ,1.875 INX1.875 INX1.875 IN,1.875 IN,"1.875"" ",,,
1 7/8IN,1.875X1.875X1.875,1.9X1.9X1.9,1.875,17/8IN,15/8X15/8X15/8,1 7/8 INX1 7/8 INX1 7/8 IN,1 7/8INX1 7/8INX1 7/8IN,17/8X17/8X17/8,1 7/8 IN ,1 7/8IN ,1 7/8X1 7/8X1 7/8 ,1 7/8 ,1.875 ,17/8,"1 7/8""X1 7/8""X1 7/8""",1 7/8 IN,"1 7/8"" ",1 7/8X1 7/8X1 7/8,1 7/8,1.9,15/8 ,15/8,1.9 ,"1 7/8""","17/8"""
2 IN ,2.0X2.0X2.0,2 IN,2 ,2 INX2 INX2 IN,"2""X2""X2""","2"" ",2INX2INX2IN,2.0,2IN,2X2X2,2IN ,2X2X2 ,2.0 ,2,"2""",,,,,,,,,,
2.0X2.0X2.0,2.0IN,"2.0"" ","2.0""X2.0""X2.0""",2 ,2.0 IN,2.0X2.0X2.0 ,2.0 IN ,2.0,2X2X2,2.0 INX2.0 INX2.0 IN,2.0 ,2,"2.0""",2.0IN ,2.0INX2.0INX2.0IN,,,,,,,,,,
2 1/4INX2 1/4INX2 1/4IN,"21/4""",9/4 ,2 1/4X2 1/4X2 1/4 ,"2 1/4""X2 1/4""X2 1/4""",21/4,9/4X9/4X9/4,2 1/4X2 1/4X2 1/4,21/4X21/4X21/4,2 1/4 IN,"2 1/4""",2 1/4IN,2 1/4 IN ,2 1/4,2 1/4 ,2.2 ,"2 1/4"" ",2.25X2.25X2.25,21/4IN,2.25,2 1/4 INX2 1/4 INX2 1/4 IN,9/4,2.25 ,2 1/4IN ,2.2,2.2X2.2X2.2
"2.25""X2.25""X2.25""",9/4 ,2.25INX2.25INX2.25IN,2.25IN,2.25 INX2.25 INX2.25 IN,2.25IN ,21/4,2.25 IN,9/4X9/4X9/4,2 1/4X2 1/4X2 1/4,2.25 IN ,2.25X2.25X2.25 ,2 1/4,2 1/4 ,2.2 ,2.25X2.25X2.25,"2.25"" ",2.25,9/4,2.25 ,2.2,2.2X2.2X2.2,"2.25""",,,
2.375IN ,2.375X2.375X2.375 ,2.375INX2.375INX2.375IN,2.375 ,2.375 IN ,2.4X2.4X2.4,19/8 ,"2.375""",2.375IN,2.375 INX2.375 INX2.375 IN,19/8X19/8X19/8,23/8,2 3/8 ,2.4,2.375,2.375X2.375X2.375,2.4 ,2 3/8X2 3/8X2 3/8,19/8,2.375 IN,"2.375"" ",2 3/8,"2.375""X2.375""X2.375""",,,
2.375 ,2 3/8 INX2 3/8 INX2 3/8 IN,2.4X2.4X2.4,"2 3/8""",2 3/8IN,19/8 ,2 3/8IN ,19/8X19/8X19/8,23/8,"2 3/8"" ",2 3/8INX2 3/8INX2 3/8IN,2 3/8 ,23/8X23/8X23/8,2.4,2.375,2.375X2.375X2.375,2.4 ,2 3/8X2 3/8X2 3/8,2 3/8X2 3/8X2 3/8 ,23/8IN,"2 3/8""X2 3/8""X2 3/8""",19/8,2 3/8 IN,2 3/8 IN ,2 3/8,"23/8"""
"2 1/2""","2 1/2"" ",5/2 ,2 1/2INX2 1/2INX2 1/2IN,2 1/2IN,2 1/2,2 1/2X2 1/2X2 1/2,21/2IN,2.5 ,2 1/2X2 1/2X2 1/2 ,2 1/2 ,"21/2""",21/2X21/2X21/2,21/2,"2 1/2""X2 1/2""X2 1/2""",5/2X5/2X5/2,2 1/2IN ,2 1/2 IN,2.5,2 1/2 INX2 1/2 INX2 1/2 IN,2 1/2 IN ,2.5X2.5X2.5,5/2,,,
2.5IN,5/2 ,2.5 INX2.5 INX2.5 IN,2.5IN ,2 1/2X2 1/2X2 1/2,2.5X2.5X2.5 ,2 1/2,2.5 ,2 1/2 ,2.5 IN ,"2.5"" ",21/2,"2.5""",5/2X5/2X5/2,2.5INX2.5INX2.5IN,2.5,2.5X2.5X2.5,2.5 IN,5/2,"2.5""X2.5""X2.5""",,,,,,
2 7/8 IN,2 7/8IN ,2 7/8,2 7/8 IN ,2.875X2.875X2.875,2 7/8IN,2.9X2.9X2.9,2.9 ,"2 7/8""",27/8X27/8X27/8,23/8,27/8,2 7/8X2 7/8X2 7/8 ,2 7/8 INX2 7/8 INX2 7/8 IN,2.875,"27/8""",23/8X23/8X23/8,2.9,2 7/8INX2 7/8INX2 7/8IN,"2 7/8""X2 7/8""X2 7/8""",2 7/8X2 7/8X2 7/8,2.875 ,2 7/8 ,27/8IN,"2 7/8"" ",23/8 
2.875IN ,2 7/8,2.875X2.875X2.875,2.9X2.9X2.9,2.9 ,"2.875""X2.875""X2.875""",2.875 IN,23/8,2.875IN,27/8,"2.875""",2.875X2.875X2.875 ,2.875INX2.875INX2.875IN,"2.875"" ",2.875,23/8X23/8X23/8,2.9,2.875 INX2.875 INX2.875 IN,2 7/8X2 7/8X2 7/8,2.875 ,2 7/8 ,2.875 IN ,23/8 ,,,
3.0X3.0X3.0 ,3.0,3.0IN ,3.0 IN ,3.0 ,"3.0""",3.0 INX3.0 INX3.0 IN,3.0IN,3,3X3X3,3 ,"3.0"" ",3.0INX3.0INX3.0IN,3.0X3.0X3.0,3.0 IN,"3.0""X3.0""X3.0""",,,,,,,,,,
"3"" ",3.0,3.0 ,3 INX3 INX3 IN,"3""",3IN,3 IN ,3,3X3X3,3 ,3X3X3 ,3 IN,3.0X3.0X3.0,3IN ,"3""X3""X3""",3INX3INX3IN,,,,,,,,,,
3 1/4X3 1/4X3 1/4,13/4X13/4X13/4,3 1/4 IN,3 1/4X3 1/4X3 1/4 ,13/4,"3 1/4""X3 1/4""X3 1/4""",3 1/4 INX3 1/4 INX3 1/4 IN,"31/4""",3 1/4,"3 1/4""",31/4IN,31/4,31/4X31/4X31/4,3 1/4IN ,3 1/4 ,"3 1/4"" ",3 1/4IN,3 1/4INX3 1/4INX3 1/4IN,3.2 ,13/4 ,3.25 ,3.25X3.25X3.25,3.25,3.2,3 1/4 IN ,3.2X3.2X3.2
3 1/4X3 1/4X3 1/4,13/4X13/4X13/4,13/4,"3.25""",3 1/4,3.25IN ,3.25 IN ,3.25IN,31/4,3.25X3.25X3.25 ,3 1/4 ,3.25 INX3.25 INX3.25 IN,3.2 ,3.25INX3.25INX3.25IN,13/4 ,3.25 ,"3.25"" ",3.25X3.25X3.25,3.25,3.2,3.25 IN,"3.25""X3.25""X3.25""",3.2X3.2X3.2,,,
3.333 ,3333/1000X3333/1000X3333/1000,3.333IN,3.333IN ,3.333X3.333X3.333,3.3 ,3.333,"3.333""",3 333/1000 ,"3.333""X3.333""X3.333""",3.333INX3.333INX3.333IN,3.333 INX3.333 INX3.333 IN,3.333X3.333X3.333 ,3 333/1000,3.3,3.3X3.3X3.3,3 333/1000X3 333/1000X3 333/1000,3.333 IN ,3.333 IN,3333/1000 ,"3.333"" ",3333/1000,,,,
"3 1/3""",10/3,31/3X31/3X31/3,3 1/3 IN ,"3 1/3"" ",3 1/3,3 1/3INX3 1/3INX3 1/3IN,3 1/3 INX3 1/3 INX3 1/3 IN,3.3333333333333335,10/3X10/3X10/3,3.3333333333333335 ,3.3 ,31/3IN,3 1/3IN,"3 1/3""X3 1/3""X3 1/3""",3 1/3IN ,31/3,3.3,3.3X3.3X3.3,3 1/3 IN,3 1/3 ,"31/3""",3.3333333333333335X3.3333333333333335X3.3333333333333335,3 1/3X3 1/3X3 1/3,3 1/3X3 1/3X3 1/3 ,10/3 
3.5,3 1/2 INX3 1/2 INX3 1/2 IN,3 1/2IN,3 1/2IN ,3 1/2 IN,"3 1/2"" ",7/2X7/2X7/2,31/2X31/2X31/2,3 1/2X3 1/2X3 1/2,3 1/2,3.5X3.5X3.5,3 1/2X3 1/2X3 1/2 ,3 1/2 ,3 1/2INX3 1/2INX3 1/2IN,7/2,31/2IN,"3 1/2""X3 1/2""X3 1/2""",31/2,3.5 ,"31/2""","3 1/2""",3 1/2 IN ,7/2 ,,,
3.5,"3.5"" ",7/2X7/2X7/2,3.5X3.5X3.5,3 1/2,3.5 INX3.5 INX3.5 IN,3 1/2 ,3 1/2X3 1/2X3 1/2,3.5IN ,"3.5""X3.5""X3.5""",7/2,3.5X3.5X3.5 ,31/2,3.5 IN ,3.5 ,3.5 IN,3.5INX3.5INX3.5IN,3.5IN,"3.5""",7/2 ,,,,,,
3.571INX3.571INX3.571IN,3 571/1000X3 571/1000X3 571/1000,"3.571""X3.571""X3.571""","3.571""",3.6 ,3.571 INX3.571 INX3.571 IN,3.6X3.6X3.6,3571/1000X3571/1000X3571/1000,3.571X3.571X3.571 ,3.571,3.571IN ,3.571X3.571X3.571,3.571IN,3 571/1000,3 571/1000 ,3.571 IN,3571/1000,"3.571"" ",3571/1000 ,3.571 IN ,3.571 ,3.6,,,,
25/7 ,3 4/7 IN ,"3 4/7""",34/7IN,3 4/7 ,3 4/7X3 4/7X3 4/7 ,3 4/7,3.6 ,3 4/7X3 4/7X3 4/7,3 4/7INX3 4/7INX3 4/7IN,3.6X3.6X3.6,25/7X25/7X25/7,3 4/7 IN,34/7X34/7X34/7,3.571428571428571X3.571428571428571X3.571428571428571,3 4/7IN ,3.571428571428571,3.571428571428571 ,"34/7""",34/7,3 4/7 INX3 4/7 INX3 4/7 IN,25/7,3 4/7IN,"3 4/7""X3 4/7""X3 4/7""","3 4/7"" ",3.6
35/8,3.625 ,3.6 ,29/8X29/8X29/8,3.625X3.625X3.625,3.625INX3.625INX3.625IN,"3.625""",3.6X3.6X3.6,"3.625"" ",3 5/8 ,29/8,"3.625""X3.625""X3.625""",29/8 ,3 5/8,3.625IN,3.625X3.625X3.625 ,3.625,3 5/8X3 5/8X3 5/8,3.625 INX3.625 INX3.625 IN,3.625IN ,3.625 IN ,3.625 IN,3.6,,,
3 5/8 IN,35/8,3.625 ,3.6 ,3 5/8 INX3 5/8 INX3 5/8 IN,29/8X29/8X29/8,3.625X3.625X3.625,"3 5/8"" ","3 5/8""",3 5/8INX3 5/8INX3 5/8IN,35/8X35/8X35/8,3.6X3.6X3.6,"35/8""",3 5/8 ,3 5/8IN,29/8,3 5/8X3 5/8X3 5/8 ,3 5/8 IN ,29/8 ,3 5/8,3.625,3 5/8IN ,3 5/8X3 5/8X3 5/8,35/8IN,"3 5/8""X3 5/8""X3 5/8""",3.6
3.9,3 7/8 IN,37/8IN,"3 7/8""","3 7/8""X3 7/8""X3 7/8""",37/8,3 7/8,3 7/8IN ,3.9X3.9X3.9,3 7/8 IN ,3 7/8INX3 7/8INX3 7/8IN,31/8 ,3 7/8 INX3 7/8 INX3 7/8 IN,37/8X37/8X37/8,3.875 ,3 7/8X3 7/8X3 7/8,3 7/8 ,"3 7/8"" ",3.875,3.875X3.875X3.875,"37/8""",3.9 ,31/8X31/8X31/8,3 7/8IN,31/8,3 7/8X3 7/8X3 7/8 
3.9,3.875IN ,37/8,3 7/8,3.875X3.875X3.875 ,"3.875"" ",3.9X3.9X3.9,31/8 ,3.875 ,3 7/8X3 7/8X3 7/8,3.875 IN,3 7/8 ,"3.875""",3.875,3.875X3.875X3.875,3.875 IN ,3.875INX3.875INX3.875IN,3.875 INX3.875 INX3.875 IN,3.9 ,3.875IN,31/8X31/8X31/8,31/8,"3.875""X3.875""X3.875""",,,
4,4.0X4.0X4.0,4.0IN ,4.0 IN,4.0 IN ,4.0INX4.0INX4.0IN,4.0 ,4.0X4.0X4.0 ,"4.0""X4.0""X4.0""",4 ,4.0IN,"4.0""",4.0 INX4.0 INX4.0 IN,4X4X4,4.0,"4.0"" ",,,,,,,,,,
4,4 IN ,"4"" ",4.0 ,4 IN,"4""X4""X4""",4 INX4 INX4 IN,4.0X4.0X4.0,4INX4INX4IN,4 ,"4""",4X4X4 ,4IN ,4X4X4,4.0,4IN,,,,,,,,,,
4.125X4.125X4.125,4.1,33/8X33/8X33/8,"41/8""",4.125,33/8 ,33/8,41/8X41/8X41/8,4 1/8 IN ,4 1/8X4 1/8X4 1/8,4 1/8 INX4 1/8 INX4 1/8 IN,"4 1/8"" ","4 1/8""",4.1X4.1X4.1,4 1/8 IN,4 1/8 ,4 1/8IN,41/8IN,4.1 ,4.125 ,4 1/8,4 1/8X4 1/8X4 1/8 ,4 1/8INX4 1/8INX4 1/8IN,4 1/8IN ,41/8,"4 1/8""X4 1/8""X4 1/8"""
4.125X4.125X4.125,4.1,4.125 IN,33/8X33/8X33/8,4.125IN ,4.125 IN ,4.125,33/8 ,33/8,4.125INX4.125INX4.125IN,"4.125""",4.125IN,4 1/8X4 1/8X4 1/8,4.1X4.1X4.1,4 1/8 ,4.1 ,4.125 ,"4.125"" ","4.125""X4.125""X4.125""",4 1/8,41/8,4.125 INX4.125 INX4.125 IN,4.125X4.125X4.125 ,,,
4 1/4X4 1/4X4 1/4 ,17/4,4.2X4.2X4.2,4.25 ,4 1/4 IN,4 1/4 IN ,41/4X41/4X41/4,17/4X17/4X17/4,4.2 ,41/4IN,4 1/4 ,"4 1/4""",4 1/4 INX4 1/4 INX4 1/4 IN,"4 1/4"" ","4 1/4""X4 1/4""X4 1/4""",4 1/4,4 1/4IN,41/4,4 1/4X4 1/4X4 1/4,4 1/4IN ,4 1/4INX4 1/4INX4 1/4IN,17/4 ,4.25,4.25X4.25X4.25,"41/4""",4.2
"4.25"" ",17/4,4.25IN ,4.2X4.2X4.2,4.25 ,4.25X4.25X4.25 ,17/4X17/4X17/4,4.2 ,4 1/4 ,4.25 IN,4 1/4,4.25INX4.25INX4.25IN,4.25 IN ,41/4,4 1/4X4 1/4X4 1/4,4.25 INX4.25 INX4.25 IN,"4.25""",17/4 ,4.25,4.25X4.25X4.25,"4.25""X4.25""X4.25""",4.25IN,4.2,,,
4.5 IN,4.5,4 1/2 ,4.5IN ,4.5X4.5X4.5,4.5 INX4.5 INX4.5 IN,"4.5""X4.5""X4.5""",9/2X9/2X9/2,4.5 ,9/2 ,"4.5""",4 1/2X4 1/2X4 1/2,41/2,4 1/2,9/2,4.5X4.5X4.5 ,4.5INX4.5INX4.5IN,4.5 IN ,4.5IN,"4.5"" ",,,,,,
"41/2""",41/2X41/2X41/2,4 1/2 ,4 1/2IN ,4.5X4.5X4.5,4 1/2IN,9/2X9/2X9/2,4.5 ,9/2 ,"4 1/2""X4 1/2""X4 1/2""",4 1/2X4 1/2X4 1/2,41/2,4 1/2,4 1/2X4 1/2X4 1/2 ,9/2,4 1/2 IN ,"4 1/2"" ",41/2IN,"4 1/2""",4 1/2 IN,4.5,4 1/2INX4 1/2INX4 1/2IN,4 1/2 INX4 1/2 INX4 1/2 IN,,,
5.0 INX5.0 INX5.0 IN,5.0X5.0X5.0 ,5,5.0IN,5.0X5.0X5.0,5.0 IN ,"5.0""X5.0""X5.0""",5.0IN ,5.0 ,5 ,5.0 IN,5X5X5,5.0INX5.0INX5.0IN,"5.0""",5.0,"5.0"" ",,,,,,,,,,
5IN ,5,5.0X5.0X5.0,5 IN,5INX5INX5IN,5.0 ,5 ,"5"" ",5 IN ,5X5X5,"5""X5""X5""",5IN,5X5X5 ,"5""",5.0,5 INX5 INX5 IN,,,,,,,,,,
5.25X5.25X5.25,5 1/4 ,5.25INX5.25INX5.25IN,5.25,5 1/4,5.25 INX5.25 INX5.25 IN,"5.25""",51/4,5.25IN,5.25 ,21/4,5.25IN ,"5.25""X5.25""X5.25""",5.2 ,5.25X5.25X5.25 ,21/4X21/4X21/4,"5.25"" ",5.2,5.25 IN ,5.25 IN,21/4 ,5.2X5.2X5.2,5 1/4X5 1/4X5 1/4,,,
5.25X5.25X5.25,5 1/4 ,5 1/4INX5 1/4INX5 1/4IN,5.25,5 1/4 INX5 1/4 INX5 1/4 IN,5 1/4,51/4,"51/4""","5 1/4"" ",5 1/4IN ,5 1/4 IN ,5.25 ,21/4,5.2 ,5 1/4IN,5 1/4 IN,"5 1/4""",21/4X21/4X21/4,5 1/4X5 1/4X5 1/4 ,5.2,51/4IN,51/4X51/4X51/4,21/4 ,5.2X5.2X5.2,5 1/4X5 1/4X5 1/4,"5 1/4""X5 1/4""X5 1/4"""
5 5/8X5 5/8X5 5/8,"5 5/8"" ",45/8X45/8X45/8,5.625X5.625X5.625,5.6X5.6X5.6,"5 5/8""",5.625 ,45/8,45/8 ,5 5/8 INX5 5/8 INX5 5/8 IN,5 5/8IN ,"5 5/8""X5 5/8""X5 5/8""","55/8""",5 5/8 IN ,5.6 ,5.6,55/8IN,5 5/8 IN,55/8X55/8X55/8,5 5/8X5 5/8X5 5/8 ,5 5/8INX5 5/8INX5 5/8IN,5 5/8IN,55/8,5 5/8,5.625,5 5/8 
5 5/8X5 5/8X5 5/8,5.625 IN ,"5.625""X5.625""X5.625""",45/8X45/8X45/8,5.625X5.625X5.625,5.6X5.6X5.6,"5.625"" ",5.625 ,5.625X5.625X5.625 ,45/8,45/8 ,5.625IN ,5.625 IN,5.6 ,5.6,5.625INX5.625INX5.625IN,5.625 INX5.625 INX5.625 IN,"5.625""",5 5/8,55/8,5.625,5.625IN,5 5/8 ,,,
6 INX6 INX6 IN,6INX6INX6IN,6 IN ,6.0 ,"6"" ",6,6.0,6 IN,6 ,6IN ,6X6X6 ,6X6X6,6.0X6.0X6.0,6IN,"6""X6""X6""","6""",,,,,,,,,,
"6.0"" ",6.0X6.0X6.0 ,6,6.0,6.0 IN,6.0IN ,6 ,6.0IN,6.0 IN ,6.0INX6.0INX6.0IN,"6.0""X6.0""X6.0""","6.0""",6.0X6.0X6.0,6X6X6,6.0 ,6.0 INX6.0 INX6.0 IN,,,,,,,,,,
"6 5/8""","6 5/8""X6 5/8""X6 5/8""",6.6,6 5/8IN ,6 5/8IN,53/8,6 5/8INX6 5/8INX6 5/8IN,6 5/8X6 5/8X6 5/8 ,6 5/8 IN,53/8X53/8X53/8,6 5/8 IN ,6 5/8X6 5/8X6 5/8,6.6X6.6X6.6,6 5/8 INX6 5/8 INX6 5/8 IN,6.6 ,"6 5/8"" ",6.625,"65/8""",6.625X6.625X6.625,65/8,6 5/8,65/8IN,6.625 ,53/8 ,65/8X65/8X65/8,6 5/8 
6.6,6.625INX6.625INX6.625IN,"6.625""X6.625""X6.625""",53/8,6.625 INX6.625 INX6.625 IN,53/8X53/8X53/8,6.625 IN ,6.625IN,6 5/8X6 5/8X6 5/8,6.6X6.6X6.6,6.625IN ,6.625 IN,"6.625""",6.6 ,6.625,6.625X6.625X6.625,65/8,6 5/8,"6.625"" ",6.625 ,53/8 ,6.625X6.625X6.625 ,6 5/8 ,,,
7.0IN,7.0,7.0 ,7.0IN ,7,7.0 IN,7.0 IN ,7X7X7,7.0INX7.0INX7.0IN,7.0X7.0X7.0 ,7 ,7.0 INX7.0 INX7.0 IN,"7.0""","7.0"" ","7.0""X7.0""X7.0""",7.0X7.0X7.0,,,,,,,,,,
7X7X7,7.0,7.0 ,7,7 INX7 INX7 IN,7IN,"7""",7INX7INX7IN,7 IN ,"7"" ",7 ,7 IN,7X7X7 ,"7""X7""X7""",7.0X7.0X7.0,7IN ,,,,,,,,,,
29/4X29/4X29/4,7.25 INX7.25 INX7.25 IN,"7.25""X7.25""X7.25""",7.25,7.25X7.25X7.25 ,"7.25""",71/4,7.25 IN ,7.2X7.2X7.2,7 1/4 ,7.25X7.25X7.25,"7.25"" ",29/4,7.25 ,29/4 ,7.25IN ,7 1/4,7.25INX7.25INX7.25IN,7.25 IN,7.25IN,7.2,7 1/4X7 1/4X7 1/4,7.2 ,,,
29/4X29/4X29/4,7 1/4IN ,7.25,7 1/4X7 1/4X7 1/4 ,7 1/4IN,7 1/4 IN,7 1/4INX7 1/4INX7 1/4IN,71/4,7.2X7.2X7.2,7 1/4 ,7.25X7.25X7.25,"7 1/4""",29/4,"71/4""",7.25 ,"7 1/4"" ",29/4 ,7 1/4,7 1/4 INX7 1/4 INX7 1/4 IN,71/4IN,7.2,7 1/4X7 1/4X7 1/4,7 1/4 IN ,71/4X71/4X71/4,"7 1/4""X7 1/4""X7 1/4""",7.2 
7 3/4 IN ,7 3/4INX7 3/4INX7 3/4IN,73/4IN,73/4X73/4X73/4,"7 3/4"" ",73/4,7.75 ,7 3/4 ,"7 3/4""X7 3/4""X7 3/4""",7 3/4X7 3/4X7 3/4 ,7.8,"7 3/4""","73/4""",7 3/4IN ,31/4 ,31/4,7 3/4IN,7 3/4X7 3/4X7 3/4,31/4X31/4X31/4,7.75X7.75X7.75,7 3/4,7 3/4 INX7 3/4 INX7 3/4 IN,7 3/4 IN,7.8 ,7.75,7.8X7.8X7.8
7.75IN ,73/4,7.75 ,7.75 IN ,7 3/4 ,7.75X7.75X7.75 ,7.75 INX7.75 INX7.75 IN,7.75INX7.75INX7.75IN,7.8,31/4 ,31/4,7.75X7.75X7.75,31/4X31/4X31/4,7 3/4X7 3/4X7 3/4,7 3/4,7.75 IN,"7.75"" ",7.75IN,"7.75""",7.8 ,7.75,"7.75""X7.75""X7.75""",7.8X7.8X7.8,,,
8X8X8,8 IN,8IN,8,8 INX8 INX8 IN,8.0,8X8X8 ,8IN ,8INX8INX8IN,8.0X8.0X8.0,"8"" ","8""",8.0 ,8 IN ,"8""X8""X8""",8 ,,,,,,,,,,
8X8X8,8.0IN,"8.0""",8.0 IN ,8,8.0,"8.0"" ",8.0X8.0X8.0,8.0 INX8.0 INX8.0 IN,8.0X8.0X8.0 ,8.0 ,8.0INX8.0INX8.0IN,8 ,"8.0""X8.0""X8.0""",8.0IN ,8.0 IN,,,,,,,,,,
33/4,8 1/4 ,"8.25""X8.25""X8.25""",8 1/4X8 1/4X8 1/4,8.25IN ,8.25X8.25X8.25,8.2,8.2 ,8.2X8.2X8.2,8.25 IN ,8.25,8.25INX8.25INX8.25IN,8.25 IN,33/4 ,33/4X33/4X33/4,8.25 INX8.25 INX8.25 IN,8.25 ,8.25X8.25X8.25 ,81/4,8 1/4,8.25IN,"8.25"" ","8.25""",,,
33/4,8 1/4 ,"81/4""",8 1/4X8 1/4X8 1/4,8 1/4X8 1/4X8 1/4 ,8 1/4 IN,8.25X8.25X8.25,8.2,8.2 ,8.2X8.2X8.2,8 1/4 INX8 1/4 INX8 1/4 IN,"8 1/4""X8 1/4""X8 1/4""",81/4X81/4X81/4,8.25,33/4 ,33/4X33/4X33/4,8.25 ,"8 1/4"" ",8 1/4 IN ,81/4,81/4IN,8 1/4,8 1/4IN,"8 1/4""",8 1/4INX8 1/4INX8 1/4IN,8 1/4IN 
9 IN,9IN ,"9""X9""X9""",9X9X9 ,"9"" ",9,9.0,9.0 ,9 IN ,9.0X9.0X9.0,9X9X9,9IN,9 ,9INX9INX9IN,9 INX9 INX9 IN,"9""",,,,,,,,,,
"9.0""X9.0""X9.0""",9.0INX9.0INX9.0IN,"9.0""",9,"9.0"" ",9.0,9.0IN,9.0IN ,9.0 ,9.0 IN,9.0X9.0X9.0,9.0 IN ,9.0 INX9.0 INX9.0 IN,9X9X9,9.0X9.0X9.0 ,9 ,,,,,,,,,,
9.375 ,9 3/8 ,9.375,9 3/8X9 3/8X9 3/8,75/8,9.375X9.375X9.375 ,75/8X75/8X75/8,9.4 ,9.375INX9.375INX9.375IN,9 3/8,"9.375""",9.4,9.375 IN ,9.375X9.375X9.375,"9.375"" ",9.375 INX9.375 INX9.375 IN,9.375IN,9.375 IN,"9.375""X9.375""X9.375""",9.4X9.4X9.4,75/8 ,9.375IN ,93/8,,,
9.375 ,9 3/8 ,9.375,9 3/8X9 3/8X9 3/8,75/8,93/8IN,"93/8""",75/8X75/8X75/8,93/8X93/8X93/8,9 3/8 INX9 3/8 INX9 3/8 IN,9.4 ,9 3/8,9 3/8INX9 3/8INX9 3/8IN,9 3/8X9 3/8X9 3/8 ,9.4,9 3/8IN,9.375X9.375X9.375,9 3/8 IN ,"9 3/8"" ","9 3/8""",9.4X9.4X9.4,"9 3/8""X9 3/8""X9 3/8""",9 3/8 IN,75/8 ,9 3/8IN ,93/8
10.0,10.0 ,"10.0"" ","10.0""X10.0""X10.0""",10.0INX10.0INX10.0IN,10.0 IN,10.0IN ,10.0IN,10.0 INX10.0 INX10.0 IN,10.0 IN ,10 ,"10.0""",10,10X10X10,10.0X10.0X10.0 ,10.0X10.0X10.0,,,,,,,,,,
10.0,10.0 ,10 IN ,"10""X10""X10""",10IN ,"10""",10INX10INX10IN,"10"" ",10IN,10 INX10 INX10 IN,10X10X10 ,10 ,10,10.0X10.0X10.0,10X10X10,10 IN,,,,,,,,,,
"11""X11""X11""",11IN ,11,"11""",11 ,11INX11INX11IN,11X11X11 ,11IN,11 INX11 INX11 IN,11.0,11.0 ,11 IN ,11 IN,"11"" ",11.0X11.0X11.0,11X11X11,,,,,,,,,,
"12"" ",12,12IN ,12X12X12 ,12.0X12.0X12.0,12.0,12.0 ,12IN,12X12X12,"12""X12""X12""",12 INX12 INX12 IN,12 IN,12 ,12 IN ,12INX12INX12IN,"12""",,,,,,,,,,
12.0X12.0X12.0 ,12,12.0 INX12.0 INX12.0 IN,12.0 IN,12.0X12.0X12.0,12.0,12.0 ,12.0IN ,12X12X12,"12.0"" ",12.0 IN ,12.0INX12.0INX12.0IN,12 ,"12.0""X12.0""X12.0""","12.0""",12.0IN,,,,,,,,,,
14 IN,14.0,"14"" ",14,14X14X14,14 IN ,14X14X14 ,14IN,"14""X14""X14""",14 INX14 INX14 IN,14INX14INX14IN,14 ,14.0X14.0X14.0,"14""",14.0 ,14IN ,,,,,,,,,,
"14.0""X14.0""X14.0""",14.0,14 ,14.0 IN ,14,"14.0"" ",14.0IN ,14X14X14,14.0 INX14.0 INX14.0 IN,14.0INX14.0INX14.0IN,"14.0""",14.0 IN,14.0X14.0X14.0,14.0IN,14.0 ,14.0X14.0X14.0 ,,,,,,,,,,
15 IN,"15""X15""X15""",15X15X15 ,15IN,15X15X15,15IN ,"15""",15.0 ,15 INX15 INX15 IN,15,15.0X15.0X15.0,"15"" ",15.0,15 IN ,15INX15INX15IN,15 ,,,,,,,,,,
16.0,16.0 ,16.0 INX16.0 INX16.0 IN,"16.0"" ",16.0X16.0X16.0 ,16.0X16.0X16.0,16.0IN ,16.0INX16.0INX16.0IN,16.0IN,"16.0""X16.0""X16.0""",16,16X16X16,"16.0""",16.0 IN,16 ,16.0 IN ,,,,,,,,,,
16 IN ,16.0,16.0 ,16 INX16 INX16 IN,"16"" ",16,16X16X16,16 IN,"16""",16.0X16.0X16.0,"16""X16""X16""",16INX16INX16IN,16X16X16 ,16IN,16IN ,16 ,,,,,,,,,,
"17""",17INX17INX17IN,17,17X17X17,17X17X17 ,17.0,"17"" ",17 IN ,17 ,17.0 ,17IN ,"17""X17""X17""",17.0X17.0X17.0,17 INX17 INX17 IN,17 IN,17IN,,,,,,,,,,
18,18 INX18 INX18 IN,"18""",18X18X18,18.0X18.0X18.0,18 ,18IN ,"18"" ",18 IN ,18.0,18X18X18 ,18IN,18.0 ,"18""X18""X18""",18INX18INX18IN,18 IN,,,,,,,,,,
18,18.0IN,18.0 IN,18X18X18,18.0 IN ,"18.0""",18.0X18.0X18.0,18 ,18.0,"18.0"" ",18.0 ,18.0IN ,18.0X18.0X18.0 ,"18.0""X18.0""X18.0""",18.0INX18.0INX18.0IN,18.0 INX18.0 INX18.0 IN,,,,,,,,,,
19IN,19IN ,19.0 ,19.0X19.0X19.0,"19"" ","19""X19""X19""",19X19X19,19,19X19X19 ,19 IN,19INX19INX19IN,"19""",19.0,19 IN ,19 INX19 INX19 IN,19 ,,,,,,,,,,
20.0IN,20.0 IN ,20,20.0 IN,20.0IN ,20X20X20,"20.0""X20.0""X20.0""",20 ,"20.0""",20.0,"20.0"" ",20.0 ,20.0X20.0X20.0 ,20.0 INX20.0 INX20.0 IN,20.0INX20.0INX20.0IN,20.0X20.0X20.0,,,,,,,,,,
20 IN,20,20IN,20X20X20,20INX20INX20IN,20 INX20 INX20 IN,20 ,20IN ,20X20X20 ,20.0,"20""",20 IN ,20.0 ,"20"" ",20.0X20.0X20.0,"20""X20""X20""",,,,,,,,,,
21X21X21,21 ,21 INX21 INX21 IN,"21""",21.0 ,21 IN,21IN ,"21""X21""X21""",21.0,21IN,21INX21INX21IN,21 IN ,21,21.0X21.0X21.0,21X21X21 ,"21"" ",,,,,,,,,,
22.0 ,22 INX22 INX22 IN,22.0,22 ,22X22X22,22 IN ,22X22X22 ,22,22INX22INX22IN,22.0X22.0X22.0,22IN ,"22""",22 IN,22IN,"22""X22""X22""","22"" ",,,,,,,,,,
24.0X24.0X24.0 ,"24.0"" ",24.0 IN,24.0 IN ,24.0INX24.0INX24.0IN,24.0IN,24.0 ,24.0IN ,24X24X24,"24.0""X24.0""X24.0""","24.0""",24.0X24.0X24.0,24.0 INX24.0 INX24.0 IN,24 ,24,24.0,,,,,,,,,,
24 INX24 INX24 IN,24X24X24 ,24.0 ,24INX24INX24IN,"24""",24X24X24,"24"" ",24IN ,24 IN ,24.0X24.0X24.0,24,24 ,24.0,24IN,"24""X24""X24""",24 IN,,,,,,,,,,
"26""",26INX26INX26IN,26.0X26.0X26.0,26.0,26 IN,26IN,26 INX26 INX26 IN,26.0 ,"26""X26""X26""","26"" ",26 ,26X26X26,26X26X26 ,26,26IN ,26 IN ,,,,,,,,,,
27.0X27.0X27.0,"27"" ",27IN,27 IN,27 ,27X27X27 ,27 INX27 INX27 IN,27 IN ,27INX27INX27IN,27.0,"27""","27""X27""X27""",27IN ,27,27X27X27,27.0 ,,,,,,,,,,
28IN ,28 INX28 INX28 IN,28INX28INX28IN,28.0X28.0X28.0,"28"" ",28.0 ,28 IN ,28 ,"28""",28X28X28 ,28X28X28,28,28IN,28.0,28 IN,"28""X28""X28""",,,,,,,,,,
30.0 IN,30.0 IN ,"30.0""",30.0IN ,"30.0""X30.0""X30.0""",30.0IN,30 ,30.0,30.0X30.0X30.0 ,"30.0"" ",30.0INX30.0INX30.0IN,30.0X30.0X30.0,30,30.0 INX30.0 INX30.0 IN,30.0 ,30X30X30,,,,,,,,,,
"30""",30IN ,30 ,30INX30INX30IN,30.0,30 IN ,30IN,30 IN,30,"30""X30""X30""","30"" ",30.0X30.0X30.0,30 INX30 INX30 IN,30.0 ,30X30X30,30X30X30 ,,,,,,,,,,
31 ,31,31X31X31,31IN,31IN ,"31"" ",31X31X31 ,31.0,31 IN,31INX31INX31IN,"31""X31""X31""",31.0 ,31.0X31.0X31.0,"31""",31 IN ,31 INX31 INX31 IN,,,,,,,,,,
"32"" ",32X32X32 ,32IN,32IN ,32 IN ,32 ,"32""","32""X32""X32""",32INX32INX32IN,32X32X32,32 IN,32.0 ,32,32 INX32 INX32 IN,32.0,32.0X32.0X32.0,,,,,,,,,,
33.0,33X33X33,33 ,33.0X33.0X33.0,33INX33INX33IN,33 INX33 INX33 IN,33.0 ,"33""X33""X33""","33"" ","33""",33 IN ,33IN,33 IN,33X33X33 ,33IN ,33,,,,,,,,,,
36.0IN,36.0X36.0X36.0,36,36.0 ,36.0INX36.0INX36.0IN,"36.0""X36.0""X36.0""",36 ,"36.0""",36.0,36.0IN ,36.0X36.0X36.0 ,36X36X36,36.0 IN,"36.0"" ",36.0 INX36.0 INX36.0 IN,36.0 IN ,,,,,,,,,,
36,36.0 ,36 IN,36 INX36 INX36 IN,36.0X36.0X36.0,36 ,"36""X36""X36""",36IN,36.0,36X36X36,"36""",36 IN ,"36"" ",36INX36INX36IN,36X36X36 ,36IN ,,,,,,,,,,
363/4X363/4X363/4,36.8 ,36 3/4IN,36.8X36.8X36.8,36 3/4X36 3/4X36 3/4 ,363/4IN,36 3/4INX36 3/4INX36 3/4IN,36.8,147/4,363/4,"363/4""",36 3/4 ,147/4 ,36.75 ,"36 3/4""",147/4X147/4X147/4,36 3/4,36 3/4IN ,"36 3/4"" ",36.75X36.75X36.75,36 3/4 IN,36 3/4 IN ,36 3/4X36 3/4X36 3/4,36 3/4 INX36 3/4 INX36 3/4 IN,"36 3/4""X36 3/4""X36 3/4""",36.75
"40""X40""X40""",40.0X40.0X40.0,40X40X40,"40"" ",40 IN,40X40X40 ,40 IN ,40IN,40INX40INX40IN,40 ,40IN ,40,40 INX40 INX40 IN,"40""",40.0 ,40.0,,,,,,,,,,
41IN,41.0 ,41 IN ,41 IN,41,41.0,41.0X41.0X41.0,41INX41INX41IN,"41""X41""X41""",41 INX41 INX41 IN,41X41X41,41IN ,41 ,"41"" ","41""",41X41X41 ,,,,,,,,,,
42X42X42 ,42 IN ,42.0X42.0X42.0,42INX42INX42IN,42IN,"42"" ","42""",42 IN,42.0 ,42X42X42,42 ,"42""X42""X42""",42,42IN ,42.0,42 INX42 INX42 IN,,,,,,,,,,
45 IN ,"45""",45X45X45 ,45 ,45.0 ,45.0X45.0X45.0,45.0,45 IN,45IN ,"45""X45""X45""",45X45X45,45 INX45 INX45 IN,45IN,45,45INX45INX45IN,"45"" ",,,,,,,,,,
46X46X46 ,46.0 ,46 IN,46.0X46.0X46.0,"46""X46""X46""",46 IN ,"46"" ",46IN ,46IN,46INX46INX46IN,46,46X46X46,46 INX46 INX46 IN,46.0,"46""",46 ,,,,,,,,,,
48X48X48 ,48,48IN,48INX48INX48IN,"48"" ",48 IN ,48X48X48,48.0 ,48 INX48 INX48 IN,48.0X48.0X48.0,48 ,"48""X48""X48""",48 IN,"48""",48.0,48IN ,,,,,,,,,,
50.0,50.0X50.0X50.0,50 INX50 INX50 IN,50X50X50 ,50IN,"50"" ",50 IN ,50,50 IN,"50""X50""X50""",50.0 ,50INX50INX50IN,50X50X50,50 ,"50""",50IN ,,,,,,,,,,
54.0X54.0X54.0,"54"" ",54X54X54,54.0 ,54 INX54 INX54 IN,54IN ,"54""X54""X54""",54X54X54 ,54.0,54 IN ,54INX54INX54IN,54 ,"54""",54 IN,54,54IN,,,,,,,,,,
60INX60INX60IN,60.0,60.0 ,60.0X60.0X60.0,"60""X60""X60""",60IN,60IN ,60 ,"60""",60 INX60 INX60 IN,60 IN ,60X60X60,60,60 IN,60X60X60 ,"60"" ",,,,,,,,,,
63X63X63 ,63INX63INX63IN,63 IN ,"63"" ",63.0,63 INX63 INX63 IN,63 IN,63X63X63,63IN ,"63""X63""X63""",63 ,63.0 ,63,63IN,"63""",63.0X63.0X63.0,,,,,,,,,,
65,65X65X65,65IN ,65X65X65 ,65IN,65.0,65.0X65.0X65.0,"65""X65""X65""",65 IN ,"65"" ",65 IN,65INX65INX65IN,65.0 ,"65""",65 ,65 INX65 INX65 IN,,,,,,,,,,
74,74IN,74 IN ,"74"" ",74 INX74 INX74 IN,74.0,74INX74INX74IN,74.0 ,74X74X74,74X74X74 ,"74""",74 ,74 IN,74IN ,74.0X74.0X74.0,"74""X74""X74""",,,,,,,,,,
77 IN,77IN ,77INX77INX77IN,77X77X77 ,77,77 ,77IN,77.0 ,"77""X77""X77""","77"" ",77 INX77 INX77 IN,"77""",77X77X77,77.0,77 IN ,77.0X77.0X77.0,,,,,,,,,,
114 2/7INX114 2/7INX114 2/7IN,114 2/7 IN,114.3 ,"1142/7""",114 2/7X114 2/7X114 2/7 ,1142/7X1142/7X1142/7,1142/7IN,114.28571428571429X114.28571428571429X114.28571428571429,"114 2/7"" ",114 2/7X114 2/7X114 2/7,114.28571428571429 ,114.28571428571429,114 2/7,800/7X800/7X800/7,"114 2/7""",1142/7,800/7 ,114.3X114.3X114.3,800/7,114 2/7 INX114 2/7 INX114 2/7 IN,114 2/7IN ,"114 2/7""X114 2/7""X114 2/7""",114 2/7IN,114 2/7 IN ,114 2/7 ,114.3
219.0,219 INX219 INX219 IN,219,219INX219INX219IN,219X219X219 ,219IN,219 IN,219IN ,219.0 ,219 IN ,"219"" ",219.0X219.0X219.0,"219""",219X219X219,219 ,"219""X219""X219""",,,,,,,,,,
741.0 ,"741"" ",741IN ,741 IN ,"741""X741""X741""",741X741X741,741 INX741 INX741 IN,741.0,741IN,741.0X741.0X741.0,741,741 ,741 IN,741X741X741 ,741INX741INX741IN,"741""",,,,,,,,,,
