Primary Term,Unnamed: 1,Unnamed: 2,Unnamed: 3,Unnamed: 4,Unnamed: 5,Unnamed: 6,Unnamed: 7,Unnamed: 8,Unnamed: 9,Unnamed: 10,Unnamed: 11,Unnamed: 12,Unnamed: 13,Unnamed: 14,Unnamed: 15,Unnamed: 16,Unnamed: 17,Unnamed: 18,Unnamed: 19,Unnamed: 20,Unnamed: 21,Unnamed: 22
90 DEGREE ELBOW,ELBOW 90 DEGREE LR,ELBOW 90,90,90°,LR 90,LR 90°,LONG RADIUS 90,LONG RADIUS 90°,90 ELL,90° ELL,90ELL,ELL 90,ELL 90°,ELL90,ELL90°,,,,,,,
90 DEGREE SR ELBOW,SR90,SR90°,SR 90,SR 90°,SHORT RADIUS 90   ,SHORT RADIUS 90°,90SR,90°SR,90 SR,90° SR,,,,,,,,,,,,
45 DEGREE ELBOW,45,45°,LR 45,LR 45°,LONG RADIUS 45,LONG RADIUS 45°,45 ELL,45° ELL,45ELL,ELL 45,ELL 45°,ELL45,ELL45°,,,,,,,,,
45 DEGREE SHORT RADIUS ELBOW,SR45,SR45°,SR 45,SR 45°,SHORT RADIUS 45   ,SHORT RADIUS 45°,45SR,45°SR,45 SR,45° SR,,,,,,,,,,,,
180 DEGREE ELBOW,180 DEG ELL,180° DEG ELL,180ELL,180° ELL,180 ELL,,,,,,,,,,,,,,,,,
TEE,T,,,,,,,,,,,,,,,,,,,,,
LONG RADIUS ELBOW 90,LR 90,90 LRE,,,,,,,,,,,,,,,,,,,,
REDUCING TEE,REDUCING T,RED TEE,RED T,,,,,,,,,,,,,,,,,,,
HALF COUPLING,HALF COUPLING,HALF CPLG,HALF CPL,1/2 COUPLING,1/2 CPLG,1/2 CPL ,HLF COUPLING,HLF CPLG,HLF CPL ,,,,,,,,,,,,,
BRANCH TEE,BRTEE,BR TEE,,,,,,,,,,,,,,,,,,,,
COUPLING,COUPLING,CPLG,CPL ,,,,,,,,,,,,,,,,,,,
COMPRESSION COUPLING,COMP CPLG,CCPL,C-CPLG,C/CPL,,,,,,,,,,,,,,,,,,
ECCENTRIC REDUCER,ECC RED,ECCRED,ECC R,ECC REDUC,ECCENTRIC RED,ECCENTRIC RDCR,ECC RDCR,,,,,,,,,,,,,,,
CONCENTRIC REDUCER,CONCENTRIC RED,CONCENTRIC RDCR,CONC REDUCER,CONC RED,CONC RDCR,CR,CNC REDUCER,CNC RED ,CNC RDCR,,,,,,,,,,,,,
REDUCER,REDUCING COUPLING,RDCR,RED CPL,RED CPLG,RED-CPL,R CPLG,REDCPL,R-C,RED-C,REDCOUP,RCPLG,RED CP,RED C,R COUP,,,,,,,,
CAP,CAP,,,,,,,,,,,,,,,,,,,,,
UNION,UNION,,,,,,,,,,,,,,,,,,,,,
CROSS,CRSS,X,CRS,,,,,,,,,,,,,,,,,,,
WELD NECK,WELDNECK,WLDNCK,WN,W/N,WELD NECK FLANGE,WELDNECK FLANGE,WLDNECK FLANGE,WLD NECK FLANGE,WN FLANGE,WN FLG,WELD NECK FLANGE,WELDNECK FLANGE,WLDNECK FLANGE,WLD NECK FLANGE,,,,,,,,
RAISED FACE WELD NECK FLANGE,RAISED FACE WELD NECK FLG,RAISED FACE WELD NECK,RAISED FACE WN FLANGE,RAISED FACE WN FLG,RAISED FACE WN ,RF WELD NECK FLANGE,RF WELD NECK FLG,RF WELD NECK,RF WN FLANGE,RF WN FLG,RF WN,,,,,,,,,,,
FLAT FACE WELD NECK FLANGE,FLAT FACE WELD NECK FLG,FLAT FACE WELD NECK,FLAT FACE WN FLANGE,FLAT FACE WN FLG,FLAT FACE WN ,FF WELD NECK FLANGE,FF WELD NECK FLG,FF WELD NECK,FF WN FLANGE,FF WN FLG,FF WN,,,,,,,,,,,
RING TYPE JOINT WELD NECK FLANGE,RING TYPE JOINT WELD NECK FLG,RING TYPE JOINT WELD NECK,RING TYPE JOINT WN FLANGE,RING TYPE JOINT WN FLG,RING TYPE JOINT WN ,RTJ WELD NECK FLANGE,RTJ WELD NECK FLG,RTJ WELD NECK,RTJ WN FLANGE,RTJ WN FLG,RTJ WN,,,,,,,,,,,
SLIP ON,SLIPON,SO,S/O,SLIP ON FLANGE,SLIPON FLANGE,SO FLANGE,S/O FLANGE,SLIP ON FLG,SLIPON FLG,SLIP ON FLANGE,SLIPON FLANGE,SO FLG,S/O FLG,,,,,,,,,
RAISED FACE SLIP ON FLANGE,RAISED FACE SLIP ON FLG,RAISED FACE SLIP ON,RAISED FACE SO FLANGE,RAISED FACE SO FLG,RAISED FACE SO ,RF SLIP ON FLANGE,RF SLIP ON FLG,RF SLIP ON,RF SO FLANGE,RF SO FLG,RF SO,,,,,,,,,,,
FLAT FACE SLIP ON FLANGE,FLAT FACE SLIP ON FLG,FLAT FACE SLIP ON,FLAT FACE SO FLANGE,FLAT FACE SO FLG,FLAT FACE SO ,FF SLIP ON FLANGE,FF SLIP ON FLG,FF SLIP ON,FF SO FLANGE,FF SO FLG,FF SO,,,,,,,,,,,
RING TYPE JOINT SLIP ON FLANGE,RING TYPE JOINT SLIP ON FLG,RING TYPE JOINT SLIP ON,RING TYPE JOINT SO FLANGE,RING TYPE JOINT SO FLG,RING TYPE JOINT SO ,RTJ SLIP ON FLANGE,RTJ SLIP ON FLG,RTJ SLIP ON,RTJ SO FLANGE,RTJ SO FLG,RTJ SO,,,,,,,,,,,
SOCKET WELD FLANGE,SOCKETWELD FLANGE,SOCKET WELD,SOCKET WLD,SKT WELD,SKT WLD,SW,S/W,SOCKET WELD FLG,SOCKET WLD FLG,SKT WELD FLG,SKT WLD FLG,SW FLG,S/W FLG,SOCKET WELD FLANGE,SOCKET WLD FLANGE,SKT WELD FLANGE,SKT WLD FLANGE,SW FLANGE,S/W FLANGE,,,
RAISED FACE SOCKET WELD FLANGE,RAISED FACE SOCKET WELD FLG,RAISED FACE SOCKET WELD,RAISED FACE SW FLANGE,RAISED FACE SW FLG,RAISED FACE SW ,RF SOCKET WELD FLANGE,RF SOCKET WELD FLG,RF SOCKET WELD,RF SW FLANGE,RF SW FLG,RF SW,,,,,,,,,,,
FLAT FACE SOCKET WELD FLANGE,FLAT FACE SOCKET WELD FLG,FLAT FACE SOCKET WELD,FLAT FACE SW FLANGE,FLAT FACE SW FLG,FLAT FACE SW ,FF SOCKET WELD FLANGE,FF SOCKET WELD FLG,FF SOCKET WELD,FF SW FLANGE,FF SW FLG,FF SW,,,,,,,,,,,
RING TYPE JOINT SOCKET WELD FLANGE,RING TYPE JOINT SOCKET WELD FLG,RING TYPE JOINT SOCKET WELD,RING TYPE JOINT SW FLANGE,RING TYPE JOINT SW FLG,RING TYPE JOINT SW ,RTJ SOCKET WELD FLANGE,RTJ SOCKET WELD FLG,RTJ SOCKET WELD,RTJ SW FLANGE,RTJ SW FLG,RTJ SW,,,,,,,,,,,
BLIND FLANGE,BLIND,BLND,BL,BLIND FLG,BLND FLG,BL FLG,BLIND FLANGE,BLND FLANGE,BL FLANGE,,,,,,,,,,,,,
RAISED FACE BLIND FLANGE,RAISED FACE BLIND FLG,RAISED FACE BLIND,RAISED FACE BL FLANGE,RAISED FACE BL FLG,RAISED FACE BL ,RF BLIND FLANGE,RF BLIND FLG,RF BLIND,RF BL FLANGE,RF BL FLG,RF BL,,,,,,,,,,,
FLAT FACE BLIND FLANGE,FLAT FACE BLIND FLG,FLAT FACE BLIND,FLAT FACE BL FLANGE,FLAT FACE BL FLG,FLAT FACE BL ,FF BLIND FLANGE,FF BLIND FLG,FF BLIND,FF BL FLANGE,FF BL FLG,FF BL,,,,,,,,,,,
RING TYPE JOINT BLIND FLANGE,RING TYPE JOINT BLIND FLG,RING TYPE JOINT BLIND,RING TYPE JOINT BL FLANGE,RING TYPE JOINT BL FLG,RING TYPE JOINT BL ,RTJ BLIND FLANGE,RTJ BLIND FLG,RTJ BLIND,RTJ BL FLANGE,RTJ BL FLG,RTJ BL,,,,,,,,,,,
THREADED FLANGE,THREADED FLANGE,THD FLANGE,,,,,,,,,,,,,,,,,,,,
RAISED FACE THREADED FLANGE,RAISED FACE THREADED FLG,RAISED FACE THREADED,RAISED FACE THD FLANGE,RAISED FACE THD FLG,RAISED FACE THD ,RF THREADED FLANGE,RF THREADED FLG,RF THREADED,RF THD FLANGE,RF THD FLG,RF THD,,,,,,,,,,,
FLAT FACE THREADED FLANGE,FLAT FACE THREADED FLG,FLAT FACE THREADED,FLAT FACE THD FLANGE,FLAT FACE THD FLG,FLAT FACE THD ,FF THREADED FLANGE,FF THREADED FLG,FF THREADED,FF THD FLANGE,FF THD FLG,FF THD,,,,,,,,,,,
RING TYPE JOINT THREADED FLANGE,RING TYPE JOINT THREADED FLG,RING TYPE JOINT THREADED,RING TYPE JOINT THD FLANGE,RING TYPE JOINT THD FLG,RING TYPE JOINT THD ,RTJ THREADED FLANGE,RTJ THREADED FLG,RTJ THREADED,RTJ THD FLANGE,RTJ THD FLG,RTJ THD,,,,,,,,,,,
LAP JOINT FLANGE,LJ,LAP JOINT,,,,,,,,,,,,,,,,,,,,
RING TYPE JOINT FLANGE,RTJ FLANGE,RTJ FLG,RTJF,,,,,,,,,,,,,,,,,,,
RAISED FACE FLANGE,RAISED FACE FLANGE,RAISED FACE FLG,RF FLANGE,RF FLG,RF FL,,,,,,,,,,,,,,,,,
SPIRAL WOUND GASKET,SWG,SPWD,SWGSK,SPIRALW,SPW GSK,SPWG,SPIRG,SPRGSK,SWDG,SPWND,,,,,,,,,,,,
RING GASKET,RNG GSK,RGK,RNGGSK,,,,,,,,,,,,,,,,,,,
FULL FACE GASKET,FFGSK,FF GSK,FULL GSKT,,,,,,,,,,,,,,,,,,,
FLANGE INSULATION GASKET,INSUL GSK,INSGSK,INS GSK,,,,,,,,,,,,,,,,,,,
HEX BOLT,HEXB,HXBLT,HEXBL,HX BLT,HXBT,HEXBT,HBOLT,HXBOL,HXBOLT,HEX BT,H.B.,H-B,HB.,HEX.B.,H.BT.,HB.B.,HX.,H-BT,HEX-B,HEX HEAD,,
UNION HEAD, UNION H,U H,,,,,,,,,,,,,,,,,,,,
STUD BOLT,STDB,STDBT,STUDB,STD BLT,STDBT,STUDBT,SBOLT,STBOL,STBOLT,STD BLT,STUD BLT,S BOLT,STUDBOLT,,,,,,,,,
EYE BOLT,EYE B,EYEB,EYBT,EYEBL,EY BLT,EYBT,EYEBT,EBOLT,EYBOL,EYBOLT,EYE BT,E/B,,,,,,,,,,
U BOLT,UBLT,UBOLT,UBT,U BLT,UBLT,UBLT,UBOL,UBLTS,UBOLT,U-BOLT,,,,,,,,,,,,
ANCHOR BOLT,ANCB,ANBT,ANCHB,ANC BLT,ANCBT,ANCHBT,ABOLT,ANBOL,ANBOLT,ANCORBOLT,,,,,,,,,,,,
SOCKOLET,SOL,S-O-L,S O L,SOCKET WELD OUTLET,SW OUTLET,S.O.,SOCK O LET,,,,,,,,,,,,,,,
WELDOLET,WOL,W-O-L,W O L,WELDED OUTLET,WLD OUTLET,WELD O LET,,,,,,,,,,,,,,,,
THREADOLET,TOL,T-O-L,T O L,THREADED OUTLET,THD OUTLET,THREAD O LET,,,,,,,,,,,,,,,,
ELBOLET,EOL,E-O-L,E O L,ELBOW OUTLET,,,,,,,,,,,,,,,,,,
BALL VALVE,BV,B VLV,BALV,BALL,BALL VLV,,,,,,,,,,,,,,,,,
GATE VALVE,GV,G VLV,GATE,GATE VLV,,,,,,,,,,,,,,,,,,
GLOBE VALVE,GLV,GL VLV,GLOBE VLV,,,,,,,,,,,,,,,,,,,
CHECK VALVE,CV,CH VLV,CHCK VALVE,CHECK,,,,,,,,,,,,,,,,,,
BUTTERFLY VALVE,BFV,BF VLV,BFLY VLV,BFLY,B.F.V.,BF-V,,,,,,,,,,,,,,,,
SANITARY BALL VALVE,SBV,S-BV,SANBV,SANBALL,BV-SAN,SAN-BALL,SAN BALL VLV,S.B.V.,SAN-BV,SANITARY BV,SAN B VLV,,,,,,,,,,,
HIGH PRESSURE BUTTERFLY VALVE,HPBFV,HP-BFV,HPBFLY,BFVHP,BFV-HP,HP-BTRFLY,HP BFLY VLV,H.P.B.V.,HP-BFLY,HP BUTTERFLY,HP B VLV,HP BTRFLY,HP/BFV,HPBV,,,,,,,,
CRYOGENIC GATE VALVE,CRYOGV,CRYO-GV,CRYOGATE,GV-CRYO,CRYOG,CRYO GATE VLV,C.G.V.,CRYO-G,CRYO GATE,CRY G VLV,CRY/GV,CGV,CRY GV,C/GV,CRYV,,,,,,,
EXTENDED BODY GATE VALVE,EBGV,EXT-GV,EXTGV,GV-EXT,EXTBODY,EXT BODY GV,E.B.G.V.,EXT-BODY,EXT GATE,EXT B VLV,EB/GV,,,,,,,,,,,
HOSE BIBB VALVE,HBV,HOSE BIB VLV,H.B.V.,H-B-V,,,,,,,,,,,,,,,,,,
NEEDLE VALVE,NDL,NV,NDLV,NEE-V,NDLVLV,NDL VLV,N.V.,N-V,NDL VL,NDL.,N/V,NDL/V,NE-V,,,,,,,,,
NON-RETURN VALVE,NRV,NR,NRVALVE,NON-RET,N.R.V.,N-R-V,NON-RET VLV,,,,,,,,,,,,,,,
11 1/4 DEG ELBOW,11 1/4 ELBOW,11 1/4 ELL,11 1/4° ELBOW,11 1/4° ELL,,,,,,,,,,,,,,,,,,
22 1/2 DEG 3R ELBOW,22 1/2 ELBOW 3R,22 1/2 3R ELL,22 1/2 ELL 3R,22 1/2° ELBOW 3R,22 1/2° 3R ELL,22 1/2° ELL 3R,,,,,,,,,,,,,,,,
22 1/2 DEG ELBOW,22 1/2 ELBOW,22 1/2 ELL,22 1/2° ELBOW,22 1/2° ELL,,,,,,,,,,,,,,,,,,
30 DEG 3R ELBOW,30 ELBOW 3R,30 3R ELL,30 ELL 3R,30° ELBOW 3R,30° 3R ELL,30° ELL 3R,,,,,,,,,,,,,,,,
30 DEG ELBOW,30 ELBOW,30 ELL,30° ELBOW,30° ELL,,,,,,,,,,,,,,,,,,
3R 45 DEG ELBOW,3R 45,3R 45 ELL,45 ELL 3R,45 DEG ELL 3R,ELL 3R 45,3R 45°,3R 45° ELL,45° ELL 3R,ELL 3R 45°,,,,,,,,,,,,,
3R 90 DEG ELBOW,3R 90,3R 90 ELL,3R 90 DEG ELL,,,,,,,,,,,,,,,,,,,
5R 45 DEG ELBOW,5R 45 ELL,5R 45° ELL,5R 45 ELBOW,5R 45° ELBOW,ELBOW 5R 45,ELL 5R 45,,,,,,,,,,,,,,,,
5R 90 DEG ELBOW,5R 90 ELL,5R 90° ELL,5R 90 ELBOW,5R 90° ELBOW,ELBOW 5R 90,ELL 5R 90,,,,,,,,,,,,,,,,
60 DEG 3R ELBOW,3R 60 ELL,3R 60° ELL,3R 60 ELBOW,3R 60° ELBOW,ELBOW 3R 60,ELL 3R 60,,,,,,,,,,,,,,,,
60 DEG ELBOW,60 ELL,60° ELL,60 ELBOW,60° ELBOW,ELBOW 60,ELL 60,,,,,,,,,,,,,,,,
ADAPTER,ADPT,,,,,,,,,,,,,,,,,,,,,
AFR BACKUP FLANGE,DIBU,DUCTILE IRON BACKUP FLANGE,AFR BU FL,AFR BACK UP,AFR B/U,AFR BU,AFR B U,AFR BCK UP,,,,,,,,,,,,,,
BACK FERRULE,BK FER,BACK FER,,,,,,,,,,,,,,,,,,,,
BOSS,,,,,,,,,,,,,,,,,,,,,,
BOSS WITH LIP,BOSS W LIP,BOSS W/L,,,,,,,,,,,,,,,,,,,,
BULKHEAD ADAPTER,BLKHD ADPT,BKHD ADP,,,,,,,,,,,,,,,,,,,,
BULKHEAD CONNECTOR,BLKHD CONN,BKHD CON,,,,,,,,,,,,,,,,,,,,
BULKHEAD UNION,BKHD UN,BLKHD UN,BLKD UN,BLK UN,,,,,,,,,,,,,,,,,,
BULKHEAD UNION ELBOW,BL PLG HH,BULL PLG HEX,BP HH,B PLUG HEX,B PLG HX,BPLG HX,BLP HH,,,,,,,,,,,,,,,
BULL PLUG,BL PLG,B PLUG,B-PLG,BL-PLG,BULL PLG,,,,,,,,,,,,,,,,,
BULL PLUG HEX HEAD,BPHH,B Plug HH,B Plug Hex,BULL PLG HH,,,,,,,,,,,,,,,,,,
BULL PLUG ROUND HEAD,RND HD BULL PLUG,BL PLG RH,BULL PLG RND,BP RH,B PLUG RND,BULLP RH,B PLG RD,BL-P RH,BPLG RD,,,,,,,,,,,,,
CONCENTRIC SWAGE,CONC SWAGE,CONC SWG,CON SWG,CONSWG,CNSWG,,,,,,,,,,,,,,,,,
CONNECTOR,CONN,,,,,,,,,,,,,,,,,,,,,
CUSHION CROSS,CUSH X,CUSH CROSS,CSH X,C CROSS,CUSHX,CSHX,CUSHCR,,,,,,,,,,,,,,,
CUSHION TEE,CUSH T,CSH T,CUSH TEE,C TEE,CUSH T,,,,,,,,,,,,,,,,,
ECCENTRIC SWAGE,ECC SWAGE,ECC SWG,ECC SW,ECCSWG,ECSWG,ECC-S,ECC-SWG,,,,,,,,,,,,,,,
ELBOW,ELL,ELBW,ELB,ELBW,LBW,,,,,,,,,,,,,,,,,
ELBOW POSITIONABLE,EL POS,ELB POS,ELBW POS,ELP,,,,,,,,,,,,,,,,,,
FERRULE SET,FER SET,FER-SET,FERSET,FERR SET,F SET,F-SET,,,,,,,,,,,,,,,,
FLUSH BUSHING,FL BSH,FLUSH BUS,FLSH BUSH,FL-BSH,F BUSH,FLUSHBSH,FLBSH,FL-B,FLSH BSH,FLUSHB,F/F BSH,FL BSG,,,,,,,,,,
FRONT FERRULE,FT FER,FRNT FER,FRT FERRULE,FR FER,F FERRULE,,,,,,,,,,,,,,,,,
HEX BUSHING,HX BSH,HEX BUS,HX BUSH,HEX-BSH,H BUSH,HEXBSH,HXBSH,HX-B,HX BSG,HEXB,H/H BSH,HEX BSG,HX/B,,,,,,,,,
LATROLET,LOL,L-O-L,L O L,LATERAL OUTLET,LAT,LATRO LET,LTLT,LAT LET,LATROLT,LATLT,L LET,,,,,,,,,,,
LUGNUT UNION,LN UN,LUG UN,LUG-UN,,,,,,,,,,,,,,,,,,,
NIPPLE,NIP,NPL,NIPL,NPPL,,,,,,,,,,,,,,,,,,
NUT,NUT,,,,,,,,,,,,,,,,,,,,,
PLUG,PLG,PL G,PG,,,,,,,,,,,,,,,,,,,
PLUG HEX HEAD,PLUG HEXAGONAL HEAD, HEX HEAD PLUG,HEX HD PLUG,PLG HH,PLUG HX,PLG HEX HD,PLG-HX,P HEX,PLUGHEX,PLGHH,PLG-H,PLUG HX HD,PLG-HH,HEX PLG,PLUGHH,HEXPLG,PLGHX,,,,,
PLUG ROUND HEAD,ROUND HEAD PLUG,RND HD PLUG,PLG RH,PLUG RND,PLG RND HD,PLG-RD,RNDPLG,RND PLG,,,,,,,,,,,,,,
PLUG SQUARE HEAD,SQUARE HEAD PLUG,SQ HEAD PLUG,SQ HD PLUG,PLG SQ,PLUG SQ,PLG SQ HD,PLG-SQ,P SQ,PLUGSQ,PLGSQHD,PSQ,,,,,,,,,,,
PORT CONNECTOR,PORT CON,PRT CONN,PRTCON,PORT CONN,,,,,,,,,,,,,,,,,,
PRESSURE TUBING,PRES TBG,PRESS TUB,PR TBG,P TUBE,PRTBG,P-TBG,,,,,,,,,,,,,,,,
QUICKLEG 90,QL 90,QUICK LEG,Q LEG 90,QLEG90,QL-90,Q-90,QLEG,QL90,Q90L,QKL90,Q-LEG,QL 90°,QUICK 90,Q-90,QL-9O,Q L 90,,,,,,
RAISED FACE GASKET,RF GSK,RF-GSK,RFGSK,RFGAS,RF-GAS,RFACE,RFG,RFGSKT,RF GASKET,R F GSK,R-F-G,R/F GSK,RF-G,RF SEAL,R F G,R-F SEAL,R/F/G,RFG,R/FG,RF/G,R.F.G,
REDUCING INSERT,RED INS,RED INSERT,RED-INS,R INSERT,,,,,,,,,,,,,,,,,,
REDUCING UNION,RED UN,RED UNION,REDUC UN,RED-UN,R UNION,REDUN,RED UN,,,,,,,,,,,,,,,
REDUCING UNION TEE,RED UN T,RED UN TEE,RED-UN-T,REDUNT,,,,,,,,,,,,,,,,,,
RAISED FACE WELD NECK ORIFICE SINGLE SET,RF WN ORIF 1 SET,RF WN OR 1,RF WN ORIF 1,,,,,,,,,,,,,,,,,,,
ROCKWOOD UNION TYPE 601,RW 601,ROCK 601,ROCKWD 601,ROCK 601,RW UN 601,ROCK UN 601,RW TYPE 601,,,,,,,,,,,,,,,
ROCKWOOD UNION TYPE 602,RW 602,RW-602,RKW602,RW-602,RKW602,RW UN 602,ROCK UN 602,RW TYPE 602,,,,,,,,,,,,,,
RING TYPE JOINT OCTAGONAL,RTJ OCT,RTJ OCTA,RTJ-OCT,R T J OCT,RTJOCT,R-T-J-O,RTJOC,R/T/J OCT,,,,,,,,,,,,,,
RING TYPE JOINT OVAL,RTJO,RINGO,RTJOV,RTJ O,RTJ OVAL RING,,,,,,,,,,,,,,,,,
RUN TEE,RUN T,RN TEE,R.T.,RUNTEE,RTEE,,,,,,,,,,,,,,,,,
Slip-On/Snap Engagement Backup Flange,SEBF,SE BACK UP,SE BAKUP FLG,,,,,,,,,,,,,,,,,,,
SPIRAL WOUND NO IR,SWNI,SW NO INNER,SPRL WND NO IR,SPIRAL WOUND NO INNER RING,,,,,,,,,,,,,,,,,,
SPIRAL WOUND IR,SPRIAL WOUND WITH INNER RING,SW WITH INNER,SPRL WND IR,SWIR,SWWIR,SWITHRING,SW WITH IR,,,,,,,,,,,,,,,
STREET 45,ST45,STR 45,STRT 45,STR45,S45,ST45EL,S.T.45,ST-45,45ST,45 STR,,,,,,,,,,,,
STREET 90,ST90,STR 90,STRT 90,STR90,S.T.90,,,,,,,,,,,,,,,,,
STUB END,MSS TYPE A STUB END,MSS TYPE B STUB END,MSS TYPE C STUB END,ASA TYPE A STUB END,ASA TYPE B STUB END,ASA TYPE C STUB END,MSS TYPE A SE,MSS TYPE B SE,MSS TYPE C SE,ASA TYPE A SE,ASA TYPE B SE,ASA TYPE C SE,MSS TP A SE,MSS TP B SE,MSS TP C SE,ASA TP A SE,ASA TP B SE,ASA TP C SE,STUB E,STUBEND,STB END,STUB
THERMOCOUPLE CONNECTOR,TC CONN,THERMO CONN,,,,,,,,,,,,,,,,,,,,
TUBE INSERT,TUBE INS,TUB INSERT,,,,,,,,,,,,,,,,,,,,
UNION CROSS,UNCR,UNICR,UCROS,UN X,UNI CROSS,U.C.,UN-CR,UNC.,U CROSS,,,,,,,,,,,,,
UNION ELBOW,U ELBOW,UNION ELL,U ELL,,,,,,,,,,,,,,,,,,,
UNION TEE,UNION T,UNION-T,UNTEE,UN-TEE,,,,,,,,,,,,,,,,,,
VENT PROTECTOR,VNT PROT,VENT-PROT,VENTPROT,VENT-P,VENTPROTECT,VENT PROT,VNT-P,,,,,,,,,,,,,,,
WELD SADDLE,W SDL,WELD-SAD,WELDSAD,WLD-SDL,WLDSADDLE,WELD SAD,WELD SADLE,,,,,,,,,,,,,,,
WYE,Y PIECE,,,,,,,,,,,,,,,,,,,,,
LATERAL,,,,,,,,,,,,,,,,,,,,,,
LOW PRESSURE TUBING,LOW PRES TUBE,LO PRESS TUBE,L/P-T,LOW-P TUBE,,,,,,,,,,,,,,,,,,
HIGH PRESSURE TUBING,HIGH PRES TUBE,HI PRESS TUBE,H/P-T,HIGH-P TUBE,,,,,,,,,,,,,,,,,,
MEDIUM PRESSURE TUBING,MED PRES TUBE,MED PRESS TUBE,M/P-T,MED-P TUBE,,,,,,,,,,,,,,,,,,
VICTAULIC JOINT,VIC JT,VIC CPLG,V-I-C,VIC.,VIC JNT,VICJ,VJNT,,,,,,,,,,,,,,,
PLUG VALVE,PV,P VLV,PLUGV,PLUG VLV,PLG VALVE,PG VLV,P VALVE,,,,,,,,,,,,,,,
DIAPHRAGM VALVE,DV,DIAPH VLV,DIAPHRM VALVE,D VLV,DIAPH V,,,,,,,,,,,,,,,,,
PINCH VALVE,PN VLV,PINCH VLV,,,,,,,,,,,,,,,,,,,,
RELIEF VALVE,RELIEF VLV,R VLV,,,,,,,,,,,,,,,,,,,,
SAFETY VALVE,SAFETY VLV,S VLV,,,,,,,,,,,,,,,,,,,,
ANGLE VALVE,ANGLE VLV,A VLV,,,,,,,,,,,,,,,,,,,,
CONTROL VALVE,CONTROL VLV,CNTRL VALVE,,,,,,,,,,,,,,,,,,,,
SOLENOID VALVE,SOL VLV,S VLV,SOLV,SLND VALVE,,,,,,,,,,,,,,,,,,
TRUNNION BALL VALVE,TBV,TB VLV,TRUNBV,TRUN BALL,TRUN BALL VLV,T.B.V.,TB-V,TBV.,TRUN B V,TB VV,T/B/V,TRUN BV,,,,,,,,,,
FLOATING BALL VALVE,FBV,FLT BALL VLV,FLOAT VALVE,F/B/V,FB VLV,F.B.V.,FLOATINGV,FLTBV,FB-V,FLT B V,FLT BALL,FBV.,,,,,,,,,,
KNIFE GATE VALVE,KGV,KNF GT VLV,KNIF VALVE,KG VLV,K.G.V.,KNIFEV,KNIFEV,KG-V,KNIFE G V,KNIFE GT,,,,,,,,,,,,
DOUBLE BLOCK BLEED,DBB,DB&B VLV,DBL BLK VALVE,DB VLV,DBBV,DBL BLK,D.B.B.,DBB-V,DBB.,DBLBLKV,DBL B V,DB VV,,,,,,,,,,
DUAL PLATE CHECK VALVE,DPCV,DL PLT VLV,DP VLV,D.P.C.V.,DL PLT V,DL PLT,,,,,,,,,,,,,,,,
HIGH PERFORMANCE BFV,HPBV,HP VLV,HI PERF VLV,H.P.B.V.,HPB-V,H/P/B/V,,,,,,,,,,,,,,,,
SWING CHECK VALVE,SCV,SC VLV,SWGCHKV,SWING CHK,SWING CHK VLV,S.C.V.,SC-V,SCV.,SWG CHK,SCVALVE,SWING-CHK,SWNGVLV,,,,,,,,,,
BALL CHECK VALVE,BCV,BALL CHK VLV,BC VLV,BALCHKV,BALL CHK,BL CHK,BCVALVE,BALL-CHK,BALVLV,,,,,,,,,,,,,
PISTON CHECK VALVE,PST CHK,PCVALVE,PISTON-CHK,PSTVLV,PSTN CHK VLV,P.C.V.,PC-V,PCV.,PCV,PC VLV,PSTCHKV,PISTON CHK,,,,,,,,,,
FITTING,fitting, Fitting,,,,,,,,,,,,,,,,,,,,
ERW PIPE,ERW,,,,,,,,,,,,,,,,,,,,,
SEAMLESS PIPE,SEAMLESS,,,,,,,,,,,,,,,,,,,,,
PIPE WELDED,WELDED,WELDED PIPE,WELDED_PIPE,,,,,,,,,,,,,,,,,,,
PIPE SMLS,P-SMLS,PSMLS,SMLS,SMLS PIPE,,,,,,,,,,,,,,,,,,
REDUCING BUSHING,RB,REDUCING B,,,,,,,,,,,,,,,,,,,,
UNION TAIL, UT, U TAIL, U-TAIL,,,,,,,,,,,,,,,,,,,